TradDt,BizDt,Sgmt,Src,FinInstrmTp,FinInstrmId,ISIN,TckrSymb,SctySrs,XpryDt,FininstrmActlXpryDt,StrkPric,OptnTp,FinInstrmNm,OpnPric,HghPric,LwPric,ClsPric,LastPric,PrvsClsgPric,UndrlygPric,SttlmPric,OpnIntrst,ChngInOpnIntrst,TtlTradgVol,TtlTrfVal,TtlNbOfTxsExctd,SsnId,NewBrdLotQty,Rmks,Rsvd1,Rsvd2,Rsvd3,Rsvd4
2026-09-04,2026-09-04,CM,BSE,STK,500002,INE117A01022,ABB,A,,,,,ABB INDIA LIMITED,7518.00,7518.00,7375.00,7419.90,7419.90,7431.00,,7410.04,,,2769,20538446.00,865,F1,1,,,,,
2026-09-04,2026-09-04,CM,BSE,STK,500003,INE208C01025,AEGISLOG,A,,,,,AEGIS LOGISTICS LTD.,1298.15,1327.30,1266.70,1270.55,1270.55,1286.15,,1270.21,,,32192,41704405.00,2021,F1,1,,,,,
2026-09-04,2026-09-04,CM,BSE,STK,500008,INE885A01032,ARE&M,A,,,,,Amara Raja Energy & Mobility L,860.75,869.00,855.80,864.05,862.55,860.75,,864.19,,,48214,41649052.00,3046,F1,1,,,,,
2026-09-04,2026-09-04,CM,BSE,STK,500009,INE432A01017,AMBALALSA,T,,,,,AMBALAL SARABHAI ENTERPRISES L,43.00,44.90,43.00,43.72,43.50,43.88,,43.73,,,4101,180319.00,41,F1,1,,,,,
2026-09-04,2026-09-04,CM,BSE,STK,500012,INE714B01016,ANDHRAPET,X,,,,,ANDHRA PETROCHEMICALS LTD.,42.15,44.89,42.15,44.52,44.52,42.70,,44.52,,,193330,8552698.00,726,F1,1,,,,,
2026-09-04,2026-09-04,CM,BSE,STK,500013,INE436A01026,ANSALAPI,Z,,,,,ANSAL PROPERTIES & INFRASTRUCT,3.39,3.39,3.39,3.39,3.39,3.33,,3.39,,,11511,39022.00,19,F1,1,,,,,
2026-09-04,2026-09-04,CM,BSE,STK,500014,INE096A01010,UTIQUE,X,,,,,UTIQUE ENTERPRISES LIMITED,3.82,3.96,3.82,3.93,3.96,3.90,,3.93,,,14560,56713.00,73,F1,1,,,,,
2026-09-04,2026-09-04,CM,BSE,STK,500016,INE957C01019,ARUNAHTEL,X,,,,,ARUNA HOTELS LTD.,7.81,7.81,7.01,7.19,7.28,7.48,,7.19,,,15087,107701.00,64,F1,1,,,,,
2026-09-04,2026-09-04,CM,BSE,STK,500020,INE032A01023,BOMDYEING,B,,,,,BOMBAY DYEING & MFG.CO.LTD.,115.30,115.30,113.20,113.45,113.35,113.10,,113.47,,,31390,3572809.00,308,F1,1,,,,,
2026-09-04,2026-09-04,CM,BSE,STK,500023,INE363A01022,ASIANHOTNR,B,,,,,ASIAN HOTELS (NORTH) LIMITED,391.55,391.55,378.45,386.30,384.55,382.00,,384.78,,,923,355379.00,58,F1,1,,,,,
2026-09-04,2026-09-04,CM,BSE,STK,500027,INE100A01010,ATUL,A,,,,,ATUL LTD.,6479.75,6479.75,6370.10,6383.20,6373.80,6465.50,,6385.93,,,560,3592616.00,178,F1,1,,,,,
2026-09-04,2026-09-04,CM,BSE,STK,500028,INE447A01015,ATVPR,X,,,,,ATV PROJECTS INDIA LTD.,26.57,26.88,25.16,26.22,26.50,25.48,,26.22,,,10214,267617.00,150,F1,1,,,,,
2026-09-04,2026-09-04,CM,BSE,STK,500031,INE193E01025,BAJAJELEC,A,,,,,BAJAJ ELECTRICALS LTD.,335.55,337.15,330.20,331.05,330.45,335.55,,331.15,,,4756,1584881.00,245,F1,1,,,,,
2026-09-04,2026-09-04,CM,BSE,STK,500032,INE306A01021,BAJAJHIND,B,,,,,BAJAJ HINDUSTHAN SUGAR LIMITED,22.08,22.21,21.51,21.82,21.82,22.13,,21.86,,,1489173,32410434.00,2594,F1,1,,,,,
2026-09-04,2026-09-04,CM,BSE,STK,500033,INE451A01017,FORCEMOT,A,,,,,FORCE MOTORS LTD.,17624.75,17850.00,17525.65,17560.00,17560.00,17525.00,,17501.81,,,5413,95782542.00,1318,F1,1,,,,,
2026-09-04,2026-09-04,CM,BSE,STK,500034,INE296A01032,BAJFINANCE,A,,,,,BAJAJ FINANCE LIMITED,1050.00,1063.90,1049.85,1060.50,1060.50,1045.10,,1060.50,,,246724,260503666.00,6879,F1,1,,,,,
2026-09-04,2026-09-04,CM,BSE,STK,500038,INE119A01028,BALRAMCHIN,A,,,,,BALRAMPUR CHINI MILLS LTD,699.95,701.10,682.95,689.45,689.45,703.50,,690.54,,,125407,86724862.00,2551,F1,1,,,,,
2026-09-04,2026-09-04,CM,BSE,STK,500039,INE213C01025,BANCOINDIA,A,,,,,BANCO PRODUCTS (INDIA) LTD.,619.95,628.90,616.90,623.45,622.35,617.05,,623.49,,,19190,11953546.00,1141,F1,1,,,,,
2026-09-04,2026-09-04,CM,BSE,STK,500040,INE055A01016,ABREL,A,,,,,ADITYA BIRLA REAL ESTATE LIMIT,1397.55,1400.30,1362.60,1372.05,1374.00,1376.10,,1373.52,,,4500,6204382.00,397,F1,1,,,,,
2026-09-04,2026-09-04,CM,BSE,STK,500041,INE459A01010,BANARISUG,B,,,,,BANNARI AMMAN SUGARS LTD.,3834.30,3869.15,3794.55,3798.90,3800.00,3936.45,,3803.24,,,10,38150.00,8,F1,1,,,,,
2026-09-04,2026-09-04,CM,BSE,STK,500042,INE373A01013,BASF,A,,,,,BASF INDIA LTD.,3821.55,3903.65,3821.55,3862.45,3838.05,3835.25,,3864.69,,,2000,7719205.00,410,F1,1,,,,,
2026-09-04,2026-09-04,CM,BSE,STK,500043,INE176A01028,BATAINDIA,A,,,,,BATA INDIA LTD.,680.95,681.95,670.90,672.70,672.70,677.30,,672.75,,,6746,4564825.00,381,F1,1,,,,,
2026-09-04,2026-09-04,CM,BSE,STK,500048,INE258A01024,BEML,A,,,,,BEML LTD.,2098.00,2126.00,2043.80,2056.10,2059.00,2079.40,,2057.67,,,66981,139518837.00,3471,F1,1,,,,,
2026-09-04,2026-09-04,CM,BSE,STK,500049,INE263A01024,BEL,A,,,,,BHARAT ELECTRONICS LTD.,409.90,412.95,405.20,405.20,405.20,405.65,,405.35,,,336805,138059240.00,5484,F1,1,,,,,
2026-09-04,2026-09-04,CM,BSE,STK,500051,INE099C01010,BHAGGAS,XT,,,,,BHAGAWATI GAS LIMITED,8.22,8.66,8.20,8.55,8.57,8.55,,8.55,,,35603,298750.00,144,F1,1,,,,,
2026-09-04,2026-09-04,CM,BSE,STK,500052,INE922A01025,BEPL,B,,,,,BHANSALI ENGINEERING POLYMERS,130.35,131.15,126.05,127.35,127.10,129.70,,127.50,,,86761,11141017.00,625,F1,1,,,,,
2026-09-04,2026-09-04,CM,BSE,STK,500058,INE819C01011,BIHSPONG,X,,,,,BIHAR SPONGE IRON LTD.,11.64,12.75,11.64,12.15,12.16,11.97,,12.15,,,50517,625453.00,133,F1,1,,,,,
2026-09-04,2026-09-04,CM,BSE,STK,500059,INE071A01013,BILVYAPAR,T,,,,,BIL VYAPAR LIMITED,4.05,4.14,3.97,3.97,3.97,3.97,,4.04,,,760,3075.00,7,F1,1,,,,,
2026-09-04,2026-09-04,CM,BSE,STK,500060,INE800A01015,BIRLACABLE,T,,,,,Birla Cable Limited,375.20,375.20,375.00,375.20,375.20,357.35,,376.54,,,29179,10947959.00,94,F1,1,,,,,
2026-09-04,2026-09-04,CM,BSE,STK,500067,INE472A01039,BLUESTARCO,A,,,,,BLUE STAR LTD.,1472.25,1514.20,1472.25,1483.00,1483.00,1488.50,,1483.94,,,154590,229416304.00,2740,F1,1,,,,,
2026-09-04,2026-09-04,CM,BSE,STK,500068,INE131C01011,DISAQ,B,,,,,DISA INDIA LTD.,11999.00,11999.00,11999.00,11999.00,11999.00,11805.75,,11990.39,,,1,11999.00,1,F1,1,,,,,
2026-09-04,2026-09-04,CM,BSE,STK,500069,INE418C01012,QUESTCAP,X,,,,,QUEST CAPITAL MARKETS LIMITED,255.90,255.90,249.85,253.50,253.50,255.90,,253.50,,,771,192845.00,30,F1,1,,,,,
2026-09-04,2026-09-04,CM,BSE,STK,500074,INE110A01019,BPL,B,,,,,BPL LTD.,49.80,50.26,49.10,49.42,49.20,49.22,,49.38,,,1464,72642.00,62,F1,1,,,,,
2026-09-04,2026-09-04,CM,BSE,STK,500078,INE959C01023,OAL,B,,,,,ORIENTAL AROMATICS LIMITED,502.90,532.00,502.90,520.10,520.10,501.35,,519.91,,,11008,5719883.00,512,F1,1,,,,,
2026-09-04,2026-09-04,CM,BSE,STK,500083,INE281A01026,CENTEXT,B,,,,,CENTURY EXTRUSIONS LTD.,21.20,22.23,19.80,20.12,20.45,21.38,,20.18,,,426711,8747475.00,630,F1,1,,,,,
2026-09-04,2026-09-04,CM,BSE,STK,500084,INE486A01021,CESC,A,,,,,CESC LTD.,148.00,149.15,146.00,146.55,146.55,148.00,,146.50,,,82933,12232271.00,1608,F1,1,,,,,
2026-09-04,2026-09-04,CM,BSE,STK,500085,INE085A01013,CHAMBLFERT,A,,,,,CHAMBAL FERTILISERS & CHEMICAL,422.45,422.95,417.70,419.00,419.95,418.30,,419.05,,,27036,11360906.00,796,F1,1,,,,,
2026-09-04,2026-09-04,CM,BSE,STK,500086,INE302A01020,EXIDEIND,A,,,,,EXIDE INDUSTRIES LTD.,426.05,428.00,416.50,423.55,423.55,422.95,,424.24,,,160784,68016789.00,2687,F1,1,,,,,
2026-09-04,2026-09-04,CM,BSE,STK,500087,INE059A01026,CIPLA,A,,,,,CIPLA LTD.,1398.00,1398.00,1375.85,1385.00,1385.00,1389.00,,1385.00,,,64495,89250099.00,4028,F1,1,,,,,
2026-09-04,2026-09-04,CM,BSE,STK,500089,INE303A01010,DICIND,B,,,,,DIC INDIA LTD.,595.00,635.00,594.00,615.25,619.95,586.00,,618.40,,,6542,4095918.00,366,F1,1,,,,,
2026-09-04,2026-09-04,CM,BSE,STK,500092,INE007A01025,CRISIL,A,,,,,CRISIL LTD.,4740.00,4871.55,4734.80,4803.15,4804.90,4759.20,,4802.08,,,3645,17562887.00,607,F1,1,,,,,
2026-09-04,2026-09-04,CM,BSE,STK,500093,INE067A01029,CGPOWER,A,,,,,CG Power and Industrial Soluti,896.90,899.25,888.00,893.95,893.95,891.00,,891.03,,,95803,85718523.00,4148,F1,1,,,,,
2026-09-04,2026-09-04,CM,BSE,STK,500096,INE016A01026,DABUR,A,,,,,DABUR INDIA LTD.,382.75,383.25,377.45,380.25,380.25,380.00,,380.88,,,53686,20445893.00,1844,F1,1,,,,,
2026-09-04,2026-09-04,CM,BSE,STK,500097,INE495A01022,DALMIASUG,B,,,,,DALMIA BHARAT SUGAR AND INDUST,460.75,460.75,436.00,438.25,439.00,460.75,,438.54,,,9161,4062068.00,459,F1,1,,,,,
2026-09-04,2026-09-04,CM,BSE,STK,500101,INE034A01011,ARVIND,A,,,,,ARVIND LTD.,569.15,569.15,552.35,553.55,555.90,566.60,,552.96,,,12986,7249987.00,581,F1,1,,,,,
2026-09-04,2026-09-04,CM,BSE,STK,500103,INE257A01026,BHEL,A,,,,,BHARAT HEAVY ELECTRICALS LTD.,432.80,438.95,429.20,433.35,433.35,432.80,,431.39,,,723343,313895453.00,10322,F1,1,,,,,
2026-09-04,2026-09-04,CM,BSE,STK,500104,INE094A01015,HINDPETRO,A,,,,,HINDUSTAN PETROLEUM CORPORATIO,359.95,360.05,355.90,357.00,357.00,360.05,,356.54,,,86699,30986598.00,1901,F1,1,,,,,
2026-09-04,2026-09-04,CM,BSE,STK,500106,INE039A01010,IFCI,A,,,,,IFCI LTD.,96.01,107.45,96.01,101.46,101.46,95.92,,101.38,,,26404328,2716272344.00,139972,F1,1,,,,,
2026-09-04,2026-09-04,CM,BSE,STK,500108,INE153A01019,MTNL,B,,,,,MAHANAGAR TELEPHONE NIGAM LTD.,26.31,26.95,26.31,26.57,26.60,26.44,,26.55,,,47986,1276978.00,323,F1,1,,,,,
2026-09-04,2026-09-04,CM,BSE,STK,500109,INE103A01014,MRPL,A,,,,,MANGALORE REFINERY & PETROCHEM,176.85,178.90,174.25,174.90,175.40,175.95,,174.83,,,189965,33461426.00,1370,F1,1,,,,,
2026-09-04,2026-09-04,CM,BSE,STK,500110,INE178A01016,CHENNPETRO,A,,,,,CHENNAI PETROLEUM CORPORATION,1442.80,1463.85,1424.85,1451.80,1451.80,1441.55,,1452.16,,,84903,122866463.00,4938,F1,1,,,,,
2026-09-04,2026-09-04,CM,BSE,STK,500112,INE062A01020,SBIN,A,,,,,STATE BANK OF INDIA,1027.95,1029.00,1015.80,1017.00,1017.00,1017.00,,1016.13,,,513274,524312172.00,9876,F1,1,,,,,
2026-09-04,2026-09-04,CM,BSE,STK,500113,INE114A01011,SAIL,A,,,,,STEEL AUTHORITY OF INDIA LTD.,198.90,200.15,194.30,197.10,197.10,196.00,,196.84,,,1058117,209220377.00,9919,F1,1,,,,,
2026-09-04,2026-09-04,CM,BSE,STK,500114,INE280A01028,TITAN,A,,,,,TITAN COMPANY LIMITED,5018.95,5024.35,4980.00,5010.00,5010.00,4960.00,,5019.98,,,20228,101181980.00,3358,F1,1,,,,,
2026-09-04,2026-09-04,CM,BSE,STK,500116,INE008A01015,IDBI,A,,,,,IDBI BANK LTD.,91.91,92.40,90.49,90.68,90.68,92.00,,90.63,,,444809,40570206.00,2810,F1,1,,,,,
2026-09-04,2026-09-04,CM,BSE,STK,500117,INE500A01029,DCW,B,,,,,DCW LTD.,46.06,46.96,45.78,45.93,46.10,46.40,,45.98,,,65714,3038889.00,354,F1,1,,,,,
2026-09-04,2026-09-04,CM,BSE,STK,500119,INE041A01016,DHAMPURSUG,B,,,,,DHAMPUR SUGAR MILLS LTD.,174.05,176.60,165.60,167.55,167.45,176.65,,167.59,,,87701,14847828.00,1136,F1,1,,,,,
2026-09-04,2026-09-04,CM,BSE,STK,500120,INE591D01014,DIAMINESQ,B,,,,,DIAMINES & CHEMICALS LTD.,246.50,246.50,239.85,244.85,245.00,246.00,,244.54,,,9755,2385654.00,161,F1,1,,,,,
2026-09-04,2026-09-04,CM,BSE,STK,500123,INE280B01018,ELANTAS,B,,,,,ELANTAS BECK INDIA LTD.,12300.00,12300.00,12150.00,12260.50,12291.55,12163.40,,12221.56,,,89,1088440.00,43,F1,1,,,,,
2026-09-04,2026-09-04,CM,BSE,STK,500124,INE089A01031,DRREDDY,A,,,,,DR.REDDYS LABORATORIES LTD.,1164.75,1165.75,1154.00,1154.00,1154.00,1155.00,,1151.02,,,20596,23897162.00,2042,F1,1,,,,,
2026-09-04,2026-09-04,CM,BSE,STK,500125,INE126A01031,EIDPARRY,A,,,,,E.I.D.-PARRY (INDIA) LTD.,778.95,784.55,775.00,780.65,780.65,778.50,,781.26,,,29862,23251919.00,1435,F1,1,,,,,
2026-09-04,2026-09-04,CM,BSE,STK,500126,INE199A01012,PGHL,A,,,,,PROCTER & GAMBLE HEALTH LIMITE,5770.00,5770.00,5650.00,5657.90,5650.00,5762.20,,5659.92,,,618,3515197.00,125,F1,1,,,,,
2026-09-04,2026-09-04,CM,BSE,STK,500128,INE086A01029,ELECTCAST,A,,,,,ELECTROSTEEL CASTINGS LTD.,83.85,84.77,82.61,83.80,83.23,83.88,,83.71,,,121540,10141741.00,1081,F1,1,,,,,
2026-09-04,2026-09-04,CM,BSE,STK,500133,INE284A01012,ESABINDIA,B,,,,,ESAB INDIA LTD.,6110.10,6111.05,6053.50,6087.20,6088.30,6062.65,,6068.18,,,79,480033.00,33,F1,1,,,,,
2026-09-04,2026-09-04,CM,BSE,STK,500135,INE255A01020,EPL,A,,,,,EPL LIMITED,246.90,250.30,244.50,247.45,246.20,246.85,,247.12,,,197217,48681225.00,1388,F1,1,,,,,
2026-09-04,2026-09-04,CM,BSE,STK,500136,INE778B01029,ESTER,B,,,,,ESTER INDUSTRIES LTD.,93.69,94.88,93.20,93.77,93.81,94.16,,93.59,,,6377,597887.00,122,F1,1,,,,,
2026-09-04,2026-09-04,CM,BSE,STK,500142,INE512A01016,FGP,X,,,,,FGP LTD.,14.49,14.60,13.84,14.57,14.50,13.91,,14.57,,,14627,210683.00,64,F1,1,,,,,
2026-09-04,2026-09-04,CM,BSE,STK,500143,INE160F01013,PHCAP,XT,,,,,P H CAPITAL LIMITED,1127.90,1127.90,1090.00,1113.25,1113.25,1104.45,,1113.25,,,5281,5858826.00,285,F1,1,,,,,
2026-09-04,2026-09-04,CM,BSE,STK,500144,INE235A01022,FINCABLES,A,,,,,FINOLEX CABLES LTD.,1238.80,1254.00,1210.00,1219.75,1219.75,1273.15,,1220.17,,,198405,246029204.00,6910,F1,1,,,,,
2026-09-04,2026-09-04,CM,BSE,STK,500147,INE515A01019,COCKERILL,B,,,,,JOHN COCKERILL INDIA LIMITED,8149.90,8348.00,8040.05,8195.10,8195.10,8095.20,,8193.75,,,654,5335768.00,140,F1,1,,,,,
2026-09-04,2026-09-04,CM,BSE,STK,500148,INE516A01017,UFLEX,B,,,,,UFLEX LTD.,681.85,690.10,672.60,675.55,678.05,685.50,,675.60,,,12956,8819726.00,316,F1,1,,,,,
2026-09-04,2026-09-04,CM,BSE,STK,500150,INE519A01011,FOSECOIND,B,,,,,FOSECO INDIA LTD.,6432.10,6432.10,6229.05,6256.85,6288.95,6367.35,,6262.86,,,385,2434589.00,112,F1,1,,,,,
2026-09-04,2026-09-04,CM,BSE,STK,500151,INE973A01010,GOLDENTOBC,Z,,,,,GOLDEN TOBACCO LTD.,25.25,25.25,24.01,24.49,24.49,24.75,,24.96,,,23,568.00,6,F1,1,,,,,
2026-09-04,2026-09-04,CM,BSE,STK,500153,INE388A01029,GANESHBE,T,,,,,GANESH BENZOPLAST LTD.,120.05,125.50,120.05,123.90,123.10,122.20,,123.27,,,13800,1699474.00,100,F1,1,,,,,
2026-09-04,2026-09-04,CM,BSE,STK,500159,INE085D01033,METROGLOBL,B,,,,,METROGLOBAL LIMITED,158.00,158.00,134.15,134.15,134.15,136.00,,136.14,,,238,32505.00,13,F1,1,,,,,
2026-09-04,2026-09-04,CM,BSE,STK,500160,INE043A01012,GTL,B,,,,,GTL LTD.,7.30,7.30,7.05,7.08,7.06,7.22,,7.10,,,57075,407297.00,240,F1,1,,,,,
2026-09-04,2026-09-04,CM,BSE,STK,500163,INE260B01028,GODFRYPHLP,A,,,,,GODFREY PHILLIPS INDIA LTD.,2035.00,2072.45,2035.00,2049.00,2049.00,2050.00,,2049.95,,,17417,35809317.00,1338,F1,1,,,,,
2026-09-04,2026-09-04,CM,BSE,STK,500164,INE233A01035,GODREJIND,A,,,,,GODREJ INDUSTRIES LTD.,1160.45,1185.85,1154.55,1162.45,1171.00,1155.90,,1163.31,,,6676,7796067.00,590,F1,1,,,,,
2026-09-04,2026-09-04,CM,BSE,STK,500165,INE531A01024,KANSAINER,A,,,,,KANSAI NEROLAC PAINTS LTD.,195.30,195.60,192.85,194.35,193.80,195.00,,194.20,,,8479,1645265.00,341,F1,1,,,,,
2026-09-04,2026-09-04,CM,BSE,STK,500166,INE300A01016,GOODRICKE,X,,,,,GOODRICKE GROUP LTD.,221.40,223.00,215.10,222.85,222.00,220.30,,222.85,,,7428,1652860.00,78,F1,1,,,,,
2026-09-04,2026-09-04,CM,BSE,STK,500168,INE533A01012,GOODYEAR,B,,,,,GOODYEAR INDIA LTD.,745.45,748.00,737.45,742.20,742.70,739.65,,741.59,,,768,571418.00,80,F1,1,,,,,
2026-09-04,2026-09-04,CM,BSE,STK,500170,INE537A01013,GTNINDS,X,,,,,GTN INDUSTRIES LTD.,23.13,24.30,23.11,23.66,24.30,23.75,,23.66,,,962,22383.00,15,F1,1,,,,,
2026-09-04,2026-09-04,CM,BSE,STK,500171,INE539A01019,GHCL,A,,,,,GHCL LTD.,439.00,443.00,436.30,437.25,437.25,437.45,,436.60,,,1388,608730.00,78,F1,1,,,,,
2026-09-04,2026-09-04,CM,BSE,STK,500173,INE538A01037,GFLLIMITED,B,,,,,GFL LIMITED,58.10,63.96,58.10,62.67,62.67,58.72,,62.80,,,40430,2532735.00,789,F1,1,,,,,
2026-09-04,2026-09-04,CM,BSE,STK,500178,INE905C01034,HARCR,XT,,,,,HARIG CRANKSHAFTS LTD.,28.87,28.87,28.87,28.87,28.87,28.31,,28.87,,,54,1558.00,12,F1,1,,,,,
2026-09-04,2026-09-04,CM,BSE,STK,500179,INE236A01020,HCL-INSYS,B,,,,,HCL INFOSYSTEMS LTD.,10.06,10.34,9.94,10.09,10.09,10.30,,10.10,,,140674,1412193.00,479,F1,1,,,,,
2026-09-04,2026-09-04,CM,BSE,STK,500180,INE040A01034,HDFCBANK,A,,,,,HDFC BANK LTD.,709.95,716.40,708.25,713.15,713.15,704.00,,712.10,,,753943,537785806.00,10916,F1,1,,,,,
2026-09-04,2026-09-04,CM,BSE,STK,500182,INE158A01026,HEROMOTOCO,A,,,,,HERO MOTOCORP LTD.,5335.00,5335.00,5260.50,5303.00,5303.00,5292.00,,5300.00,,,15789,83678055.00,3124,F1,1,,,,,
2026-09-04,2026-09-04,CM,BSE,STK,500183,INE548A01028,HFCL,T,,,,,HFCL LIMITED,227.80,231.40,224.85,231.40,231.40,220.40,,231.44,,,3246755,750720412.00,1066,F1,1,,,,,
2026-09-04,2026-09-04,CM,BSE,STK,500184,INE019C01026,HSCL,A,,,,,Himadri Speciality Chemical Lt,671.75,674.75,661.00,671.65,671.65,661.70,,671.06,,,115667,77224023.00,1897,F1,1,,,,,
2026-09-04,2026-09-04,CM,BSE,STK,500185,INE549A01026,HCC,A,,,,,HINDUSTAN CONSTRUCTION CO.LTD.,22.95,23.52,22.91,23.00,23.04,23.14,,22.98,,,930716,21522105.00,1638,F1,1,,,,,
2026-09-04,2026-09-04,CM,BSE,STK,500186,INE345A01011,HINDOILEXP,B,,,,,HINDUSTAN OIL EXPLORATION CO.L,182.20,187.25,179.40,185.25,184.55,184.45,,185.01,,,167174,30505108.00,1443,F1,1,,,,,
2026-09-04,2026-09-04,CM,BSE,STK,500187,INE415A01038,AGI,B,,,,,AGI GREENPAC LIMITED,742.50,754.15,731.20,736.00,731.20,745.50,,735.28,,,5909,4375134.00,310,F1,1,,,,,
2026-09-04,2026-09-04,CM,BSE,STK,500188,INE267A01025,HINDZINC,A,,,,,HINDUSTAN ZINC LTD.,596.85,602.90,591.95,600.00,600.00,587.95,,600.96,,,383841,229203219.00,6463,F1,1,,,,,
2026-09-04,2026-09-04,CM,BSE,STK,500189,INE353A01023,NDLVENTURE,B,,,,,NDL Ventures Limited,131.95,131.95,124.10,124.10,124.10,122.30,,124.52,,,108,13425.00,39,F1,1,,,,,
2026-09-04,2026-09-04,CM,BSE,STK,500191,INE262A01018,HMT,Z,,,,,HMT LTD.,69.50,69.50,66.03,66.83,67.49,69.50,,66.88,,,4235,286607.00,89,F1,1,,,,,
2026-09-04,2026-09-04,CM,BSE,STK,500192,INE962B01011,PRAGBOS,X,,,,,PRAG BOSIMI SYNTHETICS LTD.,2.10,2.12,1.92,2.09,2.10,2.06,,2.09,,,20012,40368.00,51,F1,1,,,,,
2026-09-04,2026-09-04,CM,BSE,STK,500193,INE102A01024,HLVLTD,B,,,,,HLV LIMITED,6.50,6.60,6.42,6.49,6.49,6.37,,6.48,,,9248,60481.00,65,F1,1,,,,,
2026-09-04,2026-09-04,CM,BSE,STK,500199,INE204A01010,IGPL,B,,,,,I G PETROCHEMICALS LTD.,551.95,573.75,551.95,565.30,566.40,548.10,,567.36,,,7881,4443443.00,317,F1,1,,,,,
2026-09-04,2026-09-04,CM,BSE,STK,500201,INE560A01023,INDIAGLYCO,T,,,,,INDIA GLYCOLS LTD.,266.00,266.00,266.00,266.00,266.00,253.35,,260.44,,,3110,827260.00,43,F1,1,,,,,
2026-09-04,2026-09-04,CM,BSE,STK,500202,INE333C01013,INDLEASE,X,,,,,INDIA LEASE DEVELOPMENT LTD.,7.79,7.79,7.41,7.66,7.76,7.79,,7.66,,,370,2833.00,6,F1,1,,,,,
2026-09-04,2026-09-04,CM,BSE,STK,500206,INE680B01019,MARGOFIN,X,,,,,MARGO FINANCE LIMITED,64.90,68.40,64.90,65.81,65.85,64.91,,65.81,,,2397,156593.00,30,F1,1,,,,,
2026-09-04,2026-09-04,CM,BSE,STK,500207,INE156A01020,INDORAMA,B,,,,,INDO RAMA SYNTHETICS (INDIA) L,69.92,74.10,69.92,73.21,73.21,69.00,,72.99,,,141055,10263975.00,1057,F1,1,,,,,
2026-09-04,2026-09-04,CM,BSE,STK,500209,INE009A01021,INFY,A,,,,,INFOSYS LTD.,1130.55,1146.50,1127.00,1130.00,1130.00,1128.00,,1130.00,,,189799,215247123.00,7904,F1,1,,,,,
2026-09-04,2026-09-04,CM,BSE,STK,500210,INE177A01018,INGERRAND,B,,,,,INGERSOLL-RAND (INDIA) LTD.,4852.25,4873.05,4833.95,4851.25,4835.10,4844.05,,4844.98,,,456,2211794.00,119,F1,1,,,,,
2026-09-04,2026-09-04,CM,BSE,STK,500213,INE262B01016,ITHL,X,,,,,INTERNATIONAL TRAVEL HOUSE LTD,293.00,293.00,283.00,284.65,284.65,289.80,,284.65,,,4093,1169756.00,218,F1,1,,,,,
2026-09-04,2026-09-04,CM,BSE,STK,500214,INE570A01022,IONEXCHANG,A,,,,,ION EXCHANGE (INDIA) LTD.,382.20,412.00,382.20,409.45,409.45,382.65,,409.23,,,123878,49756954.00,2942,F1,1,,,,,
2026-09-04,2026-09-04,CM,BSE,STK,500215,INE209A01019,SUNDROP,B,,,,,SUNDROP BRANDS LIMITED,651.25,668.35,651.25,663.45,663.45,662.35,,662.51,,,422,278676.00,24,F1,1,,,,,
2026-09-04,2026-09-04,CM,BSE,STK,500219,INE175A01038,JISLJALEQS,A,,,,,JAIN IRRIGATION SYSTEMS LTD.,28.10,32.33,28.10,30.92,31.06,28.21,,30.87,,,897849,27369829.00,3514,F1,1,,,,,
2026-09-04,2026-09-04,CM,BSE,STK,500220,INE711C01028,JASCH,XT,,,,,JASCH INDUSTRIES LTD.,291.80,291.80,290.30,290.50,290.50,294.75,,290.50,,,106,30874.00,9,F1,1,,,,,
2026-09-04,2026-09-04,CM,BSE,STK,500227,INE197D01010,JINDALPOLY,B,,,,,JINDAL POLY FILMS LIMITED,680.85,685.30,669.00,674.15,674.15,680.80,,672.35,,,225,152262.00,46,F1,1,,,,,
2026-09-04,2026-09-04,CM,BSE,STK,500228,INE019A01038,JSWSTEEL,A,,,,,JSW STEEL LTD.,1300.35,1331.60,1300.35,1325.00,1325.00,1309.00,,1325.00,,,57075,75248534.00,3576,F1,1,,,,,
2026-09-04,2026-09-04,CM,BSE,STK,500233,INE217B01036,KAJARIACER,A,,,,,KAJARIA CERAMICS LTD.,1258.05,1258.05,1234.05,1239.70,1236.50,1261.15,,1239.60,,,13804,17165996.00,848,F1,1,,,,,
2026-09-04,2026-09-04,CM,BSE,STK,500234,INE437B01014,KAKATCEM,B,,,,,KAKATIYA CEMENT SUGAR & INDUST,110.00,112.00,108.50,108.85,108.85,111.00,,109.60,,,811,90245.00,167,F1,1,,,,,
2026-09-04,2026-09-04,CM,BSE,STK,500235,INE907A01026,KSL,B,,,,,KALYANI STEELS LTD.,951.10,951.60,937.25,940.05,938.00,950.20,,940.49,,,2427,2291260.00,283,F1,1,,,,,
2026-09-04,2026-09-04,CM,BSE,STK,500236,INE252C01023,KANELIND,XT,,,,,KANEL INDUSTRIES LIMITED,89.89,89.89,82.84,87.63,87.70,85.65,,87.63,,,1623,140261.00,43,F1,1,,,,,
2026-09-04,2026-09-04,CM,BSE,STK,500238,INE716A01013,WHIRLPOOL,A,,,,,WHIRLPOOL OF INDIA LTD.,803.55,820.00,802.15,816.05,816.05,804.90,,815.96,,,21722,17647394.00,1079,F1,1,,,,,
2026-09-04,2026-09-04,CM,BSE,STK,500239,INE104A01012,KGDENIM,X,,,,,KG DENIM LTD.,13.90,15.83,13.90,14.45,14.44,14.31,,14.45,,,2012,28687.00,26,F1,1,,,,,
2026-09-04,2026-09-04,CM,BSE,STK,500240,INE266B01017,KINETICENG,XT,,,,,KINETIC ENGINEERING LTD.,226.70,228.35,220.20,226.85,227.00,225.10,,226.85,,,10949,2466380.00,155,F1,1,,,,,
2026-09-04,2026-09-04,CM,BSE,STK,500241,INE732A01036,KIRLOSBROS,A,,,,,KIRLOSKAR BROTHERS LTD.,1891.00,1900.55,1857.90,1860.50,1857.90,1881.25,,1861.95,,,877,1649805.00,165,F1,1,,,,,
2026-09-04,2026-09-04,CM,BSE,STK,500243,INE250A01039,KIRLOSIND,B,,,,,KIRLOSKAR INDUSTRIES LTD,3716.65,3770.90,3700.60,3720.55,3717.15,3726.65,,3731.46,,,149,554847.00,45,F1,1,,,,,
2026-09-04,2026-09-04,CM,BSE,STK,500245,INE884B01025,KIRLFER,B,,,,,KIRLOSKAR FERROUS INDUSTRIES L,461.95,468.50,454.00,460.15,462.25,453.65,,459.60,,,11430,5293896.00,510,F1,1,,,,,
2026-09-04,2026-09-04,CM,BSE,STK,500246,INE601C01013,ENVAIREL,XT,,,,,ENVAIR ELECTRODYNE LTD.,43.77,43.77,43.77,43.77,43.77,42.92,,43.77,,,359,15713.00,3,F1,1,,,,,
2026-09-04,2026-09-04,CM,BSE,STK,500247,INE237A01036,KOTAKBANK,A,,,,,KOTAK MAHINDRA BANK LTD.,424.75,425.90,421.95,424.85,424.85,420.00,,424.50,,,697782,296155132.00,6547,F1,1,,,,,
2026-09-04,2026-09-04,CM,BSE,STK,500248,INE073A01019,KRIFILIND,X,,,,,KRISHNA FILAMENT INDUSTRIES LI,5.42,5.57,5.31,5.57,5.57,5.31,,5.57,,,526,2906.00,12,F1,1,,,,,
2026-09-04,2026-09-04,CM,BSE,STK,500249,INE999A01023,KSB,A,,,,,KSB LIMITED,809.55,818.35,807.95,812.35,814.55,809.20,,813.51,,,6402,5200794.00,365,F1,1,,,,,
2026-09-04,2026-09-04,CM,BSE,STK,500250,INE337A01034,LGBBROSLTD,A,,,,,L.G.BALAKRISHNAN & BROS.LTD.,1719.00,1738.85,1695.95,1700.40,1706.40,1719.50,,1702.62,,,9626,16376925.00,1175,F1,1,,,,,
2026-09-04,2026-09-04,CM,BSE,STK,500251,INE849A01020,TRENT,A,,,,,TRENT LTD.,2844.85,2879.10,2835.00,2845.00,2845.00,2807.35,,2852.94,,,22969,65689076.00,2824,F1,1,,,,,
2026-09-04,2026-09-04,CM,BSE,STK,500252,INE269B01029,LMW,A,,,,,LMW Limited,18893.15,18924.95,18686.75,18766.10,18837.90,18945.35,,18773.49,,,147,2763984.00,78,F1,1,,,,,
2026-09-04,2026-09-04,CM,BSE,STK,500253,INE115A01026,LICHSGFIN,A,,,,,LIC HOUSING FINANCE LTD.,558.55,579.40,555.15,565.00,565.00,553.05,,562.08,,,501194,285778865.00,11209,F1,1,,,,,
2026-09-04,2026-09-04,CM,BSE,STK,500257,INE326A01037,LUPIN,A,,,,,LUPIN LTD.,2149.75,2149.75,2104.40,2111.00,2111.00,2135.00,,2110.01,,,19665,41653414.00,2228,F1,1,,,,,
2026-09-04,2026-09-04,CM,BSE,STK,500259,INE933A01014,LYKALABS,T,,,,,LYKA LABS LTD.,78.88,79.07,78.88,78.90,78.90,77.52,,78.90,,,13300,1050985.00,47,F1,1,,,,,
2026-09-04,2026-09-04,CM,BSE,STK,500260,INE331A01037,RAMCOCEM,A,,,,,THE RAMCO CEMENTS LIMITED,874.95,892.85,874.95,882.25,881.10,879.35,,884.41,,,4901,4341509.00,338,F1,1,,,,,
2026-09-04,2026-09-04,CM,BSE,STK,500262,INE965B01022,HYBRIDFIN,T,,,,,HYBRID FINANCIAL SERVICES LIMI,17.38,17.38,17.30,17.30,17.30,17.00,,16.85,,,215,3732.00,2,F1,1,,,,,
2026-09-04,2026-09-04,CM,BSE,STK,500264,INE270B01035,MAFATIND,B,,,,,MAFATLAL INDUSTRIES LTD.,123.95,124.50,121.10,121.55,121.50,122.55,,121.66,,,7965,974631.00,136,F1,1,,,,,
2026-09-04,2026-09-04,CM,BSE,STK,500265,INE271B01025,MAHSEAMLES,A,,,,,MAHARASHTRA SEAMLESS LTD.,658.80,695.65,651.90,688.15,688.15,654.85,,688.10,,,53270,36390535.00,2678,F1,1,,,,,
2026-09-04,2026-09-04,CM,BSE,STK,500266,INE288A01013,MAHSCOOTER,A,,,,,MAHARASHTRA SCOOTERS LTD.,13642.20,13642.20,13543.50,13585.75,13618.85,13642.20,,13601.10,,,227,3085132.00,102,F1,1,,,,,
2026-09-04,2026-09-04,CM,BSE,STK,500267,INE201B01022,MAJESAUT,T,,,,,MAJESTIC AUTO LTD.,353.50,363.75,349.00,349.25,349.00,352.15,,349.25,,,1219,425902.00,35,F1,1,,,,,
2026-09-04,2026-09-04,CM,BSE,STK,500268,INE201A01024,MANALIPETC,B,,,,,MANALI PETROCHEMICAL LTD.,90.49,90.50,86.05,86.69,86.69,89.48,,86.76,,,439044,38913350.00,1960,F1,1,,,,,
2026-09-04,2026-09-04,CM,BSE,STK,500270,INE461A01024,BARODARY,X,,,,,BARODA RAYON CORPORATION LTD.,124.75,124.75,122.10,122.30,122.30,124.95,,122.30,,,67,8242.00,13,F1,1,,,,,
2026-09-04,2026-09-04,CM,BSE,STK,500271,INE180A01020,MFSL,A,,,,,Max Financial Services Limited,1560.30,1567.85,1533.10,1544.65,1548.00,1526.00,,1548.40,,,6522,10131464.00,1311,F1,1,,,,,
2026-09-04,2026-09-04,CM,BSE,STK,500277,INE401C01018,MIDINDIA,X,,,,,MID INDIA INDUSTRIES LTD.,5.70,6.06,5.70,6.06,6.06,5.60,,6.06,,,543,3254.00,9,F1,1,,,,,
2026-09-04,2026-09-04,CM,BSE,STK,500279,INE831A01028,ONIDA,B,,,,,ONIDA ELECTRONICS LIMITED,33.61,34.80,33.42,34.68,34.60,34.48,,34.64,,,30096,1026684.00,205,F1,1,,,,,
2026-09-04,2026-09-04,CM,BSE,STK,500280,INE485A01015,CENTENKA,B,,,,,CENTURY ENKA LTD.,618.00,620.15,606.50,608.25,607.35,617.15,,608.87,,,10458,6379259.00,325,F1,1,,,,,
2026-09-04,2026-09-04,CM,BSE,STK,500282,INE794W01014,MODTHREAD,B,,,,,MODERN THREADS (INDIA) LTD.,57.00,57.00,54.00,54.60,54.60,57.99,,54.39,,,231,12616.00,43,F1,1,,,,,
2026-09-04,2026-09-04,CM,BSE,STK,500284,INE846D01012,LORDSCHLO,B,,,,,LORDS CHLORO ALKALI LTD.,143.00,148.35,142.20,146.30,147.00,141.60,,146.58,,,3984,578431.00,235,F1,1,,,,,
2026-09-04,2026-09-04,CM,BSE,STK,500285,INE285B01017,SPICEJET,B,,,,,SPICEJET LTD.,9.70,9.80,9.60,9.73,9.73,9.66,,9.73,,,5528635,53561773.00,4672,F1,1,,,,,
2026-09-04,2026-09-04,CM,BSE,STK,500288,INE083A01026,MOREPENLAB,B,,,,,MOREPEN LABORATORIES LTD.,118.85,118.85,112.70,113.70,113.70,117.40,,113.74,,,908355,104315635.00,4757,F1,1,,,,,
2026-09-04,2026-09-04,CM,BSE,STK,500290,INE883A01011,MRF,A,,,,,MRF LTD.,130999.95,131099.60,129800.00,129970.45,130000.00,130518.70,,129946.55,,,422,54980818.00,330,F1,1,,,,,
2026-09-04,2026-09-04,CM,BSE,STK,500292,INE578A01017,HEIDELBERG,B,,,,,HEIDELBERGCEMENT INDIA LTD.,159.95,160.70,158.80,160.05,160.10,158.20,,160.16,,,27311,4367722.00,555,F1,1,,,,,
2026-09-04,2026-09-04,CM,BSE,STK,500294,INE868B01028,NCC,A,,,,,NCC LIMITED,146.55,150.00,145.85,149.30,149.30,147.40,,149.65,,,312645,46277933.00,3196,F1,1,,,,,
2026-09-04,2026-09-04,CM,BSE,STK,500295,INE205A01025,VEDL,A,,,,,VEDANTA LIMITED,270.90,274.40,268.85,272.00,272.00,269.65,,272.10,,,295842,80354157.00,3685,F1,1,,,,,
2026-09-04,2026-09-04,CM,BSE,STK,500296,INE290A01027,NAHARSPING,B,,,,,NAHAR SPINNING MILLS LTD.,292.95,296.70,286.80,289.95,289.30,293.60,,289.80,,,4373,1268502.00,92,F1,1,,,,,
2026-09-04,2026-09-04,CM,BSE,STK,500298,INE585A01020,NAPEROL,X,,,,,Naperol Investments Limited,682.00,699.00,680.00,694.30,697.95,681.10,,694.30,,,2152,1486595.00,177,F1,1,,,,,
2026-09-04,2026-09-04,CM,BSE,STK,500300,INE047A01021,GRASIM,A,,,,,GRASIM INDUSTRIES LTD.,3305.25,3330.75,3272.00,3313.20,3313.20,3310.00,,3322.00,,,37885,125362755.00,2569,F1,1,,,,,
2026-09-04,2026-09-04,CM,BSE,STK,500304,INE161A01038,NIITLTD,B,,,,,NIIT LTD.,98.55,100.50,97.75,99.00,99.05,97.40,,98.96,,,15357,1526654.00,184,F1,1,,,,,
2026-09-04,2026-09-04,CM,BSE,STK,500306,INE903A01025,JAYKAY,B,,,,,Jaykay Enterprises Limited,165.40,168.20,151.80,153.85,153.85,166.50,,153.70,,,42235,6658111.00,1001,F1,1,,,,,
2026-09-04,2026-09-04,CM,BSE,STK,500307,INE910A01012,NIRLON,B,,,,,NIRLON LTD.,614.10,624.00,614.10,619.80,620.00,621.45,,619.98,,,2297,1426170.00,95,F1,1,,,,,
2026-09-04,2026-09-04,CM,BSE,STK,500312,INE213A01029,ONGC,A,,,,,OIL AND NATURAL GAS CORPORATIO,236.00,236.00,233.65,234.85,234.85,236.95,,234.65,,,231485,54272932.00,5994,F1,1,,,,,
2026-09-04,2026-09-04,CM,BSE,STK,500313,INE591A01010,OILCOUNTUB,T,,,,,OIL COUNTRY TUBULAR LTD.,67.50,67.50,65.03,65.03,65.03,66.35,,65.02,,,2001,132128.00,12,F1,1,,,,,
2026-09-04,2026-09-04,CM,BSE,STK,500314,INE750A01020,ORIENTHOT,B,,,,,ORIENTAL HOTELS LTD.,141.00,142.25,139.00,139.70,139.35,141.75,,139.93,,,4953,696640.00,126,F1,1,,,,,
2026-09-04,2026-09-04,CM,BSE,STK,500317,INE142A01012,OSWALAGRO,B,,,,,OSWAL AGRO MILLS LTD.,37.14,37.14,36.43,36.54,36.51,37.14,,36.64,,,866,31708.00,19,F1,1,,,,,
2026-09-04,2026-09-04,CM,BSE,STK,500319,INE557C01017,INDSUCR,X,,,,,INDIAN SUCROSE LTD.,82.00,82.00,80.00,80.52,80.01,81.58,,80.52,,,4286,346526.00,48,F1,1,,,,,
2026-09-04,2026-09-04,CM,BSE,STK,500322,INE167E01037,PANCM,XT,,,,,PANYAM CEMENTS & MINERAL INDUS,104.70,115.70,104.70,115.70,115.70,110.20,,115.70,,,552,61991.00,13,F1,1,,,,,
2026-09-04,2026-09-04,CM,BSE,STK,500325,INE002A01018,RELIANCE,A,,,,,RELIANCE INDUSTRIES LTD.,1302.55,1332.90,1302.55,1322.00,1322.00,1301.05,,1322.00,,,459976,609966596.00,14745,F1,1,,,,,
2026-09-04,2026-09-04,CM,BSE,STK,500327,INE600A01035,PILITA,B,,,,,Pil Italica Lifestyle Limited,7.90,8.24,7.90,8.19,8.13,8.04,,8.02,,,3576,28402.00,23,F1,1,,,,,
2026-09-04,2026-09-04,CM,BSE,STK,500330,INE301A01014,RAYMOND,A,,,,,RAYMOND LTD.,755.60,756.00,738.00,741.50,741.50,757.50,,740.88,,,176268,132070959.00,4359,F1,1,,,,,
2026-09-04,2026-09-04,CM,BSE,STK,500331,INE318A01026,PIDILITIND,A,,,,,PIDILITE INDUSTRIES LTD.,1653.75,1653.75,1624.45,1630.00,1630.00,1632.00,,1629.50,,,50601,82538616.00,1095,F1,1,,,,,
2026-09-04,2026-09-04,CM,BSE,STK,500333,INE751B01018,PIXTRANS,B,,,,,PIX TRANSMISSIONS LTD.,1826.55,1826.55,1775.35,1793.20,1797.00,1791.95,,1791.74,,,629,1127690.00,105,F1,1,,,,,
2026-09-04,2026-09-04,CM,BSE,STK,500335,INE340A01012,BIRLACORPN,A,,,,,BIRLA CORPORATION LTD.,875.95,895.00,874.35,889.80,892.00,884.35,,887.40,,,2769,2450100.00,236,F1,1,,,,,
2026-09-04,2026-09-04,CM,BSE,STK,500336,INE335A01020,SURYAROSNI,B,,,,,SURYA ROSHNI LTD.,218.55,220.95,216.00,216.65,217.70,216.80,,216.50,,,24161,5261238.00,705,F1,1,,,,,
2026-09-04,2026-09-04,CM,BSE,STK,500337,INE032B01021,PRIMESECU,B,,,,,PRIME SECURITIES LTD.,286.00,286.00,281.80,281.80,281.80,290.50,,284.49,,,215,60988.00,26,F1,1,,,,,
2026-09-04,2026-09-04,CM,BSE,STK,500338,INE010A01011,PRSMJOHNSN,B,,,,,PRISM JOHNSON LIMITED.,111.05,112.05,111.00,111.15,111.10,111.50,,111.12,,,9357,1043498.00,213,F1,1,,,,,
2026-09-04,2026-09-04,CM,BSE,STK,500339,INE855B01025,RAIN,A,,,,,RAIN INDUSTRIES LIMITED,212.80,217.05,210.00,215.25,214.95,211.95,,215.71,,,229680,49163164.00,2117,F1,1,,,,,
2026-09-04,2026-09-04,CM,BSE,STK,500342,INE024D01016,PRUDMOULI,T,,,,,PRUDENTIAL SUGAR CORPORATION L,16.90,16.90,16.00,16.00,16.00,16.27,,16.00,,,300,4984.00,4,F1,1,,,,,
2026-09-04,2026-09-04,CM,BSE,STK,500343,INE606A01024,AMJLAND,B,,,,,AMJ LAND HOLDINGS LIMITED,39.16,39.99,38.45,39.86,39.90,39.90,,39.76,,,1930,76398.00,9,F1,1,,,,,
2026-09-04,2026-09-04,CM,BSE,STK,500346,INE609A01010,PUNJCOMMU,B,,,,,PUNJAB COMMUNICATIONS LTD.,62.05,64.78,60.20,62.08,63.00,61.75,,62.08,,,3947,246580.00,67,F1,1,,,,,
2026-09-04,2026-09-04,CM,BSE,STK,500350,INE611A01016,RSWM,T,,,,,RSWM LTD.,226.00,226.90,215.50,220.60,222.00,221.90,,220.63,,,10084,2250035.00,159,F1,1,,,,,
2026-09-04,2026-09-04,CM,BSE,STK,500354,INE562B01019,RAJSREESUG,B,,,,,RAJSHREE SUGARS & CHEMICALS LT,36.20,37.21,35.20,35.69,35.89,36.60,,35.47,,,3962,141867.00,87,F1,1,,,,,
2026-09-04,2026-09-04,CM,BSE,STK,500355,INE613A01020,RALLIS,A,,,,,RALLIS INDIA LTD.,208.90,212.50,208.45,208.65,209.65,209.90,,208.82,,,19701,4134112.00,439,F1,1,,,,,
2026-09-04,2026-09-04,CM,BSE,STK,500356,INE278B01020,RAMANEWS,B,,,,,SHREE RAMA NEWSPRINT LTD.,31.72,32.00,31.02,31.61,31.61,33.09,,31.75,,,3504,109604.00,19,F1,1,,,,,
2026-09-04,2026-09-04,CM,BSE,STK,500357,INE425E01013,RAMAPPR-B,Z,,,,,RAMA PAPER MILLS LTD.,15.60,16.38,15.40,15.60,15.60,15.60,,15.60,,,1136,18137.00,8,F1,1,,,,,
2026-09-04,2026-09-04,CM,BSE,STK,500360,INE350D01015,RAPICUT,XT,,,,,RAPICUT CARBIDES LTD.,347.60,354.00,347.60,347.60,347.60,354.65,,347.60,,,18101,6330804.00,112,F1,1,,,,,
2026-09-04,2026-09-04,CM,BSE,STK,500365,INE731F01037,WELSPLSOL,B,,,,,WELSPUN SPECIALTY SOLUTIONS LI,57.50,59.90,56.00,59.52,59.52,56.23,,59.55,,,533061,31173293.00,2986,F1,1,,,,,
2026-09-04,2026-09-04,CM,BSE,STK,500367,INE642C01025,RUBFILA,B,,,,,RUBFILA INTERNATIONAL LTD.,67.09,71.60,65.65,70.77,70.00,67.45,,70.69,,,11068,756463.00,149,F1,1,,,,,
2026-09-04,2026-09-04,CM,BSE,STK,500368,INE619A01035,PATANJALI,A,,,,,Patanjali Foods Limited,345.00,346.00,341.05,343.00,343.00,342.90,,342.51,,,58147,19948736.00,1052,F1,1,,,,,
2026-09-04,2026-09-04,CM,BSE,STK,500370,INE924A01013,SALORAINTL,X,,,,,SALORA INTERNATIONAL LTD.,26.16,26.16,25.27,25.75,25.27,26.64,,25.75,,,319,8244.00,14,F1,1,,,,,
2026-09-04,2026-09-04,CM,BSE,STK,500371,INE538C01017,SAMTELIN,XT,,,,,SAMTEL INDIA LTD.,37.43,37.45,37.43,37.45,37.45,38.19,,37.45,,,5885,220286.00,21,F1,1,,,,,
2026-09-04,2026-09-04,CM,BSE,STK,500378,INE324A01032,JINDALSAW,A,,,,,JINDAL SAW LTD.,311.70,311.75,304.40,305.30,305.00,310.70,,305.30,,,45840,14071801.00,1224,F1,1,,,,,
2026-09-04,2026-09-04,CM,BSE,STK,500380,INE786A01032,JKLAKSHMI,A,,,,,JK LAKSHMI CEMENT LTD.,520.60,521.80,513.00,516.10,516.10,514.25,,515.73,,,608816,313599757.00,479,F1,1,,,,,
2026-09-04,2026-09-04,CM,BSE,STK,500387,INE070A01015,SHREECEM,A,,,,,SHREE CEMENT LTD.,23999.90,24100.00,23775.40,23967.10,23900.00,24000.00,,23855.00,,,598,14340799.00,271,F1,1,,,,,
2026-09-04,2026-09-04,CM,BSE,STK,500388,INE970C01012,SKPMIL,XT,,,,,SHREE KRISHNA PAPER MILLS & IN,95.00,95.00,93.10,93.10,93.10,95.00,,93.10,,,20,1890.00,2,F1,1,,,,,
2026-09-04,2026-09-04,CM,BSE,STK,500390,INE036A01016,RELINFRA,T,,,,,RELIANCE INFRASTRUCTURE LTD.,54.89,57.13,54.89,57.13,57.13,56.01,,57.08,,,78776,4447660.00,756,F1,1,,,,,
2026-09-04,2026-09-04,CM,BSE,STK,500399,INE629B01032,STEELCO,XT,,,,,STEELCO GUJARAT LTD.,258.40,260.10,258.40,258.40,258.40,263.65,,258.40,,,9729,2514196.00,71,F1,1,,,,,
2026-09-04,2026-09-04,CM,BSE,STK,500400,INE245A01021,TATAPOWER,A,,,,,TATA POWER CO.LTD.,366.00,368.45,364.20,368.00,368.00,365.00,,368.00,,,121470,44528296.00,2448,F1,1,,,,,
2026-09-04,2026-09-04,CM,BSE,STK,500402,INE937A01023,SPMLINFRA,B,,,,,SPML INFRA LIMITED,175.45,183.00,173.60,181.55,180.90,173.80,,181.41,,,18815,3394615.00,435,F1,1,,,,,
2026-09-04,2026-09-04,CM,BSE,STK,500403,INE387A01021,SUNDRMFAST,A,,,,,SUNDRAM FASTENERS LTD.,1199.95,1218.90,1196.35,1210.75,1218.90,1200.35,,1212.15,,,5152,6205806.00,469,F1,1,,,,,
2026-09-04,2026-09-04,CM,BSE,STK,500404,INE947A01014,SUNFLAG,B,,,,,SUNFLAG IRON & STEEL CO.LTD.,352.90,352.90,342.15,343.60,345.50,346.40,,343.70,,,5607,1934555.00,205,F1,1,,,,,
2026-09-04,2026-09-04,CM,BSE,STK,500405,INE663A01033,SPLPETRO,A,,,,,SUPREME PETROCHEM LTD.,723.05,782.60,723.05,771.50,765.80,725.90,,771.06,,,78116,59970761.00,2880,F1,1,,,,,
2026-09-04,2026-09-04,CM,BSE,STK,500407,INE277A01016,SWARAJENG,B,,,,,SWARAJ ENGINES LTD.,3550.00,3609.00,3548.60,3554.25,3550.00,3555.15,,3557.55,,,463,1652344.00,120,F1,1,,,,,
2026-09-04,2026-09-04,CM,BSE,STK,500408,INE670A01012,TATAELXSI,A,,,,,TATA ELXSI LTD.,3636.40,3657.45,3526.20,3550.00,3550.00,3589.95,,3557.07,,,18319,65690483.00,3027,F1,1,,,,,
2026-09-04,2026-09-04,CM,BSE,STK,500410,INE012A01025,ACC,A,,,,,ACC LTD.,1287.35,1287.35,1272.05,1283.45,1287.00,1272.00,,1283.79,,,5314,6806104.00,438,F1,1,,,,,
2026-09-04,2026-09-04,CM,BSE,STK,500411,INE152A01029,THERMAX,A,,,,,THERMAX LTD.,3744.95,3747.35,3619.20,3634.35,3660.00,3729.70,,3637.31,,,37073,135395383.00,2134,F1,1,,,,,
2026-09-04,2026-09-04,CM,BSE,STK,500412,INE338A01024,TIRUMALCHM,B,,,,,THIRUMALAI CHEMICALS LTD.,161.05,161.05,156.25,157.30,157.30,158.00,,157.20,,,23716,3739853.00,484,F1,1,,,,,
2026-09-04,2026-09-04,CM,BSE,STK,500413,INE332A01027,THOMASCOOK,A,,,,,THOMAS COOK (INDIA) LTD.,107.40,112.95,107.30,111.90,111.90,106.20,,111.66,,,140834,15542656.00,843,F1,1,,,,,
2026-09-04,2026-09-04,CM,BSE,STK,500414,INE064A01026,TIMEX,B,,,,,TIMEX GROUP INDIA LTD.,658.90,673.90,645.45,670.40,671.55,649.90,,669.90,,,46261,30430507.00,2922,F1,1,,,,,
2026-09-04,2026-09-04,CM,BSE,STK,500418,INE932C01012,TOKYOPLAST,B,,,,,TOKYO PLAST INTERNATIONAL LTD.,75.00,75.00,71.25,72.36,72.36,75.00,,76.51,,,268,19751.00,6,F1,1,,,,,
2026-09-04,2026-09-04,CM,BSE,STK,500420,INE685A01028,TORNTPHARM,A,,,,,TORRENT PHARMACEUTICALS LTD.,4939.95,4939.95,4822.25,4850.00,4850.00,4924.70,,4856.92,,,13760,66894427.00,3967,F1,1,,,,,
2026-09-04,2026-09-04,CM,BSE,STK,500421,INE578C01021,TPINDIA,XT,,,,,TPI INDIA LTD.,19.52,19.73,18.90,19.08,19.08,19.73,,19.08,,,173043,3311518.00,55,F1,1,,,,,
2026-09-04,2026-09-04,CM,BSE,STK,500422,INE019B01010,TRANSCHEM,XT,,,,,TRANSCHEM LTD.,359.35,363.00,353.25,359.00,359.00,359.35,,359.00,,,5561,1994391.00,41,F1,1,,,,,
2026-09-04,2026-09-04,CM,BSE,STK,500425,INE079A01024,AMBUJACEM,A,,,,,AMBUJA CEMENTS LTD.,406.00,408.15,404.40,405.50,405.50,403.20,,405.00,,,41873,16986216.00,801,F1,1,,,,,
2026-09-04,2026-09-04,CM,BSE,STK,500426,INE184E01024,UTLINDS,X,,,,,UTL INDUSTRIES LIMITED,1.41,1.49,1.41,1.44,1.44,1.47,,1.44,,,39361,56387.00,38,F1,1,,,,,
2026-09-04,2026-09-04,CM,BSE,STK,500429,INE037A01022,UNIENTER,B,,,,,UNIPHOS ENTERPRISES LTD.,93.50,93.93,92.92,93.10,92.92,93.04,,93.13,,,841,78296.00,32,F1,1,,,,,
2026-09-04,2026-09-04,CM,BSE,STK,500439,INE701A01023,VHL,B,,,,,VARDHMAN HOLDINGS LTD.,3635.75,3635.75,3634.00,3634.65,3634.75,3567.75,,3627.95,,,15,54525.00,14,F1,1,,,,,
2026-09-04,2026-09-04,CM,BSE,STK,500440,INE038A01020,HINDALCO,A,,,,,HINDALCO INDUSTRIES LTD.,1010.05,1020.90,1005.00,1013.80,1013.80,1016.00,,1011.00,,,159928,162098885.00,4830,F1,1,,,,,
2026-09-04,2026-09-04,CM,BSE,STK,500444,INE976A01021,WSTCSTPAPR,B,,,,,West Coast Paper Mills Limited,618.30,663.00,618.30,649.30,650.95,656.60,,650.23,,,27162,17758229.00,1422,F1,1,,,,,
2026-09-04,2026-09-04,CM,BSE,STK,500449,INE048A01011,HOCL,T,,,,,HINDUSTAN ORGANIC CHEMICALS LT,36.60,37.74,36.25,36.69,37.00,37.00,,36.69,,,32952,1219163.00,117,F1,1,,,,,
2026-09-04,2026-09-04,CM,BSE,STK,500450,INE844C01027,MPILCORPL,XT,,,,,MPIL CORPORATION LTD.,479.10,479.10,479.10,479.10,479.10,479.10,,479.10,,,1,479.00,1,F1,1,,,,,
2026-09-04,2026-09-04,CM,BSE,STK,500456,INE818B01023,PASUPTAC,T,,,,,PASUPATI ACRYLON LTD.,67.00,69.00,66.94,67.62,67.50,66.94,,67.64,,,23037,1558139.00,123,F1,1,,,,,
2026-09-04,2026-09-04,CM,BSE,STK,500458,INE601A01017,TEAM24,X,,,,,TEAM24 CONSUMER PRODUCTS LIMIT,28.35,29.00,28.35,28.36,28.36,28.00,,28.36,,,538,15257.00,8,F1,1,,,,,
2026-09-04,2026-09-04,CM,BSE,STK,500459,INE179A01014,PGHH,A,,,,,PROCTER & GAMBLE HYGIENE & HEA,7735.25,7762.05,7656.40,7671.90,7662.65,7714.45,,7668.48,,,1681,12928340.00,308,F1,1,,,,,
2026-09-04,2026-09-04,CM,BSE,STK,500460,INE304A01026,MUKANDLTD,B,,,,,MUKAND LTD.,133.75,134.50,133.10,134.45,134.15,132.50,,134.44,,,4063,542583.00,55,F1,1,,,,,
2026-09-04,2026-09-04,CM,BSE,STK,500463,INE676A01027,BBOX,A,,,,,BLACK BOX LIMITED,718.85,730.00,710.95,712.15,714.95,720.95,,712.24,,,19620,14061529.00,968,F1,1,,,,,
2026-09-04,2026-09-04,CM,BSE,STK,500464,INE139B01016,UCAL,T,,,,,UCAL LIMITED,153.95,153.95,146.10,148.95,148.95,149.90,,146.02,,,904,134997.00,13,F1,1,,,,,
2026-09-04,2026-09-04,CM,BSE,STK,500467,INE544A01019,HARRMALAYA,B,,,,,HARRISONS MALAYALAM LTD.,192.40,195.40,191.00,191.00,191.00,192.45,,192.72,,,431,82802.00,31,F1,1,,,,,
2026-09-04,2026-09-04,CM,BSE,STK,500469,INE171A01029,FEDERALBNK,A,,,,,FEDERAL BANK LTD.,344.90,344.90,341.90,343.00,343.00,344.00,,343.00,,,52945,18171062.00,1832,F1,1,,,,,
2026-09-04,2026-09-04,CM,BSE,STK,500470,INE081A01020,TATASTEEL,A,,,,,TATA STEEL LTD.,183.95,189.90,182.85,189.00,189.00,183.65,,188.79,,,1235892,230845659.00,10527,F1,1,,,,,
2026-09-04,2026-09-04,CM,BSE,STK,500472,INE640A01023,SKFINDIA,A,,,,,SKF INDIA LIMITED,1536.00,1561.75,1536.00,1554.35,1556.00,1540.45,,1553.23,,,991,1536505.00,158,F1,1,,,,,
2026-09-04,2026-09-04,CM,BSE,STK,500477,INE208A01029,ASHOKLEY,A,,,,,ASHOK LEYLAND LTD.,169.35,173.25,168.30,170.00,170.00,168.90,,169.01,,,383963,65356231.00,4009,F1,1,,,,,
2026-09-04,2026-09-04,CM,BSE,STK,500480,INE298A01020,CUMMINSIND,A,,,,,CUMMINS INDIA LTD.,5070.95,5081.00,5014.00,5040.00,5040.00,5115.00,,5035.00,,,15497,78235964.00,3000,F1,1,,,,,
2026-09-04,2026-09-04,CM,BSE,STK,500483,INE151A01013,TATACOMM,A,,,,,TATA COMMUNICATIONS LTD.,1689.95,1762.30,1689.95,1755.55,1750.00,1695.00,,1756.08,,,19874,34695684.00,1899,F1,1,,,,,
2026-09-04,2026-09-04,CM,BSE,STK,500488,INE358A01014,ABBOTINDIA,A,,,,,ABBOTT INDIA LTD.,25990.00,26340.00,25823.05,26071.95,26121.95,25878.50,,26065.18,,,450,11704559.00,194,F1,1,,,,,
2026-09-04,2026-09-04,CM,BSE,STK,500490,INE118A01012,BAJAJHLDNG,A,,,,,BAJAJ HOLDINGS & INVESTMENT LT,11286.90,11355.00,11101.00,11148.75,11172.05,11150.00,,11162.00,,,477,5338031.00,197,F1,1,,,,,
2026-09-04,2026-09-04,CM,BSE,STK,500493,INE465A01025,BHARATFORG,A,,,,,BHARAT FORGE LTD.,1998.00,1998.00,1951.00,1978.00,1978.00,1987.00,,1956.61,,,58058,114717704.00,10705,F1,1,,,,,
2026-09-04,2026-09-04,CM,BSE,STK,500495,INE042A01014,ESCORTS,A,,,,,Escorts Kubota Limited,2990.00,3000.00,2960.50,2968.60,2967.00,2978.20,,2968.80,,,2032,6044906.00,513,F1,1,,,,,
2026-09-04,2026-09-04,CM,BSE,STK,500500,INE253A01025,HINDMOTORS,X,,,,,HINDUSTAN MOTORS LTD.,14.08,14.32,14.04,14.17,14.27,14.08,,14.17,,,120092,1701911.00,772,F1,1,,,,,
2026-09-04,2026-09-04,CM,BSE,STK,500510,INE018A01030,LT,A,,,,,LARSEN & TOUBRO LTD.,3984.80,3995.85,3966.00,3966.00,3966.00,3965.00,,3964.13,,,101246,403331388.00,13508,F1,1,,,,,
2026-09-04,2026-09-04,CM,BSE,STK,500520,INE101A01026,M&M,A,,,,,MAHINDRA & MAHINDRA LTD.,3160.00,3185.20,3144.15,3168.90,3168.90,3140.00,,3170.00,,,94157,298272949.00,4950,F1,1,,,,,
2026-09-04,2026-09-04,CM,BSE,STK,500530,INE323A01026,BOSCHLTD,A,,,,,BOSCH LTD.,47489.75,47489.75,46692.45,46800.00,46800.00,46994.75,,46819.67,,,351,16458229.00,224,F1,1,,,,,
2026-09-04,2026-09-04,CM,BSE,STK,500540,INE342A01018,PREMIER,T,,,,,PREMIER LTD.,2.83,2.83,2.57,2.72,2.72,2.70,,2.74,,,5400,14648.00,24,F1,1,,,,,
2026-09-04,2026-09-04,CM,BSE,STK,500547,INE029A01011,BPCL,A,,,,,BHARAT PETROLEUM CORPORATION L,319.00,320.50,315.70,315.70,315.70,319.95,,315.70,,,44888,14312872.00,1079,F1,1,,,,,
2026-09-04,2026-09-04,CM,BSE,STK,500550,INE003A01024,SIEMENS,A,,,,,SIEMENS LTD.,4010.35,4031.50,3975.15,3976.00,3976.00,4030.00,,3976.94,,,16471,65920926.00,2590,F1,1,,,,,
2026-09-04,2026-09-04,CM,BSE,STK,500570,INE155A01022,TMPV,A,,,,,TATA MOTORS PASSENGER VEHICLES,311.65,315.50,310.80,312.00,312.00,311.30,,311.51,,,188505,59003658.00,3724,F1,1,,,,,
2026-09-04,2026-09-04,CM,BSE,STK,500575,INE226A01021,VOLTAS,A,,,,,VOLTAS LTD.,1174.15,1189.05,1168.00,1170.00,1170.00,1180.00,,1170.00,,,37750,44430716.00,2128,F1,1,,,,,
2026-09-04,2026-09-04,CM,BSE,STK,500620,INE017A01032,GESHIP,A,,,,,GREAT EASTERN SHIPPING CO.LTD.,1355.85,1377.90,1341.00,1370.35,1370.35,1354.75,,1369.75,,,102588,139613405.00,3719,F1,1,,,,,
2026-09-04,2026-09-04,CM,BSE,STK,500645,INE501A01019,DEEPAKFERT,A,,,,,DEEPAK FERTILISERS & PETROCHEM,1359.95,1395.00,1356.00,1361.95,1364.00,1356.30,,1362.09,,,31734,43536431.00,1871,F1,1,,,,,
2026-09-04,2026-09-04,CM,BSE,STK,500650,INE369A01029,EXCELINDUS,B,,,,,EXCEL INDUSTRIES LTD.,1034.70,1040.20,1025.95,1028.90,1028.90,1035.00,,1031.40,,,280,289346.00,47,F1,1,,,,,
2026-09-04,2026-09-04,CM,BSE,STK,500655,INE291A01017,GRWRHITECH,A,,,,,GARWARE HI-TECH FILMS LIMITED,7103.05,7156.95,7054.50,7090.70,7095.75,7102.15,,7086.58,,,1089,7747481.00,263,F1,1,,,,,
2026-09-04,2026-09-04,CM,BSE,STK,500660,INE159A01016,GLAXO,A,,,,,GLAXOSMITHKLINE PHARMACEUTICAL,2965.55,2965.55,2930.00,2958.60,2963.20,2935.35,,2958.11,,,1734,5108494.00,298,F1,1,,,,,
2026-09-04,2026-09-04,CM,BSE,STK,500670,INE113A01013,GNFC,A,,,,,GUJARAT NARMADA VALLEY FERTILI,592.00,599.00,585.40,597.05,597.05,587.45,,596.72,,,65814,39060204.00,1652,F1,1,,,,,
2026-09-04,2026-09-04,CM,BSE,STK,500672,INE234A01025,NOVARTIND,B,,,,,NOVARTIS INDIA LTD.,1624.95,1663.95,1616.20,1637.10,1640.00,1614.95,,1645.42,,,2002,3302806.00,272,F1,1,,,,,
2026-09-04,2026-09-04,CM,BSE,STK,500674,INE058A01010,SANOFI,A,,,,,SANOFI INDIA LTD,3195.05,3205.05,3136.45,3150.00,3159.00,3199.25,,3156.73,,,928,2936731.00,251,F1,1,,,,,
2026-09-04,2026-09-04,CM,BSE,STK,500680,INE182A01018,PFIZER,A,,,,,PFIZER LTD.,4628.05,4644.00,4581.00,4613.85,4600.00,4646.40,,4610.35,,,2016,9286847.00,407,F1,1,,,,,
2026-09-04,2026-09-04,CM,BSE,STK,500690,INE026A01025,GSFC,A,,,,,GUJARAT STATE FERTILIZERS & CH,162.05,165.80,162.00,162.85,162.80,161.80,,162.88,,,107229,17533959.00,1184,F1,1,,,,,
2026-09-04,2026-09-04,CM,BSE,STK,500696,INE030A01027,HINDUNILVR,A,,,,,HINDUSTAN UNILEVER LTD.,1979.65,1984.00,1951.00,1974.00,1974.00,1956.15,,1973.41,,,49247,96966403.00,5534,F1,1,,,,,
2026-09-04,2026-09-04,CM,BSE,STK,500710,INE133A01011,JSWDULUX,A,,,,,JSW Dulux Limited,3178.00,3205.60,3160.00,3173.90,3174.00,3166.00,,3174.49,,,1278,4054077.00,204,F1,1,,,,,
2026-09-04,2026-09-04,CM,BSE,STK,500730,INE163A01018,NOCIL,B,,,,,NOCIL LTD.,171.55,174.40,170.20,172.15,172.40,171.65,,172.42,,,19425,3343140.00,305,F1,1,,,,,
2026-09-04,2026-09-04,CM,BSE,STK,500770,INE092A01019,TATACHEM,A,,,,,TATA CHEMICALS LTD.,629.15,634.80,624.15,625.35,625.35,641.95,,625.11,,,69796,43855551.00,3921,F1,1,,,,,
2026-09-04,2026-09-04,CM,BSE,STK,500777,INE148A01019,TNPETRO,B,,,,,TAMILNADU PETROPRODUCTS LTD.,137.45,137.45,131.35,132.80,132.65,137.70,,132.70,,,82166,11090584.00,756,F1,1,,,,,
2026-09-04,2026-09-04,CM,BSE,STK,500780,INE217A01012,ZUARIIND,B,,,,,Zuari Industries Limited,274.15,278.85,272.05,276.20,274.40,274.25,,276.41,,,14451,3963011.00,374,F1,1,,,,,
2026-09-04,2026-09-04,CM,BSE,STK,500790,INE239A01024,NESTLEIND,A,,,,,NESTLE INDIA LTD.,1415.60,1420.30,1402.20,1420.00,1420.00,1425.00,,1410.81,,,27289,38512544.00,2933,F1,1,,,,,
2026-09-04,2026-09-04,CM,BSE,STK,500800,INE192A01025,TATACONSUM,A,,,,,TATA CONSUMER PRODUCTS LIMITED,1017.75,1020.70,1008.30,1012.00,1012.00,1021.60,,1010.02,,,35130,35626201.00,2939,F1,1,,,,,
2026-09-04,2026-09-04,CM,BSE,STK,500820,INE021A01026,ASIANPAINT,A,,,,,ASIAN PAINTS LTD.,2575.80,2575.80,2520.00,2527.75,2527.75,2540.00,,2527.30,,,14682,37321378.00,1740,F1,1,,,,,
2026-09-04,2026-09-04,CM,BSE,STK,500825,INE216A01030,BRITANNIA,A,,,,,BRITANNIA INDUSTRIES LTD.,5118.10,5157.20,5090.00,5104.00,5104.00,5199.95,,5101.51,,,17829,91385805.00,3297,F1,1,,,,,
2026-09-04,2026-09-04,CM,BSE,STK,500830,INE259A01022,COLPAL,A,,,,,COLGATE-PALMOLIVE (INDIA) LTD.,1858.00,1861.30,1828.80,1836.00,1836.00,1848.10,,1829.22,,,11917,21944557.00,2051,F1,1,,,,,
2026-09-04,2026-09-04,CM,BSE,STK,500840,INE230A01023,EIHOTEL,A,,,,,EIH LTD.,291.45,293.10,290.20,291.85,291.65,290.80,,291.90,,,36170,10558600.00,1393,F1,1,,,,,
2026-09-04,2026-09-04,CM,BSE,STK,500850,INE053A01029,INDHOTEL,A,,,,,THE INDIAN HOTELS COMPANY LTD,731.00,733.35,717.50,718.75,718.75,732.00,,720.00,,,209375,151752919.00,2212,F1,1,,,,,
2026-09-04,2026-09-04,CM,BSE,STK,500870,INE172A01027,CASTROLIND,A,,,,,CASTROL INDIA LTD.,186.35,190.95,186.05,190.30,190.30,186.40,,190.27,,,131667,24891834.00,1880,F1,1,,,,,
2026-09-04,2026-09-04,CM,BSE,STK,500875,INE154A01025,ITC,A,,,,,ITC LTD.,264.75,266.35,262.70,264.10,264.10,262.15,,264.10,,,293816,77724448.00,5221,F1,1,,,,,
2026-09-04,2026-09-04,CM,BSE,STK,500877,INE438A01022,APOLLOTYRE,A,,,,,APOLLO TYRES LTD.,433.15,435.20,428.15,429.50,429.00,433.95,,429.55,,,41076,17675999.00,1927,F1,1,,,,,
2026-09-04,2026-09-04,CM,BSE,STK,500878,INE482A01020,CEATLTD,A,,,,,CEAT LTD.,3374.15,3374.15,3288.55,3330.60,3330.60,3316.65,,3333.07,,,5928,19694538.00,1134,F1,1,,,,,
2026-09-04,2026-09-04,CM,BSE,STK,500890,INE832A01018,MODIRUBBER,B,,,,,MODI RUBBER LTD.,133.65,133.65,129.40,129.40,129.40,134.35,,131.30,,,89,11554.00,2,F1,1,,,,,
2026-09-04,2026-09-04,CM,BSE,STK,500940,INE183A01024,FINPIPE,A,,,,,FINOLEX INDUSTRIES LTD.,160.70,160.70,156.20,158.65,158.85,158.70,,158.63,,,20871,3305431.00,331,F1,1,,,,,
2026-09-04,2026-09-04,CM,BSE,STK,501148,INE422D01012,DSINVEST,XT,,,,,DALAL STREET INVESTMENTS LTD.,357.80,364.95,350.65,364.95,364.95,357.80,,364.95,,,14,5002.00,8,F1,1,,,,,
2026-09-04,2026-09-04,CM,BSE,STK,501150,INE660C01027,CENTRUM,B,,,,,CENTRUM CAPITAL LTD.,22.45,22.77,22.09,22.50,22.23,22.49,,22.54,,,11504,257734.00,121,F1,1,,,,,
2026-09-04,2026-09-04,CM,BSE,STK,501151,INE524U01019,KARTKIN,XT,,,,,KARTIK INVESTMENTS TRUST LTD.,8076.00,8076.10,8075.00,8075.00,8075.00,8500.00,,8075.00,,,22,177652.00,11,F1,1,,,,,
2026-09-04,2026-09-04,CM,BSE,STK,501242,INE911B01018,TCIFINANCE,T,,,,,TCI FINANCE LTD.,15.40,15.40,15.00,15.39,15.39,15.49,,15.10,,,466,7057.00,9,F1,1,,,,,
2026-09-04,2026-09-04,CM,BSE,STK,501261,INE567L01025,LORDSMARK,XT,,,,,Lords Mark Industries Limited,85.90,87.80,85.20,86.39,86.39,85.16,,86.39,,,545030,47251589.00,1189,F1,1,,,,,
2026-09-04,2026-09-04,CM,BSE,STK,501270,INE825M01017,ANTARIKSH,XT,,,,,ANTARIKSH INDUSTRIES LIMITED,16.33,16.33,16.33,16.33,16.33,16.01,,16.33,,,10,163.00,1,F1,1,,,,,
2026-09-04,2026-09-04,CM,BSE,STK,501295,INE886A01014,IITL,B,,,,,INDUSTRIAL INVESTMENT TRUST LT,150.85,152.45,145.60,146.45,145.60,151.10,,146.41,,,7806,1152248.00,127,F1,1,,,,,
2026-09-04,2026-09-04,CM,BSE,STK,501298,INE620D01011,INDPRUD,B,,,,,INDUSTRIAL & PRUDENTIAL INVEST,6300.00,6430.00,6300.00,6300.00,6300.00,6462.75,,6305.00,,,4,25330.00,3,F1,1,,,,,
2026-09-04,2026-09-04,CM,BSE,STK,501301,INE672A01026,TATAINVEST,A,,,,,TATA INVESTMENT CORPORATION LT,637.95,644.25,631.85,634.20,634.20,638.20,,633.76,,,23240,14780324.00,1073,F1,1,,,,,
2026-09-04,2026-09-04,CM,BSE,STK,501314,INE286N01028,PRISMX,B,,,,,PRISMX GLOBAL VENTURES LIMITED,0.54,0.54,0.51,0.53,0.54,0.53,,0.54,,,108851,57865.00,62,F1,1,,,,,
2026-09-04,2026-09-04,CM,BSE,STK,501343,INE861B01023,MOTOGENFIN,T,,,,,MOTOR & GENERAL FINANCE LTD.,28.43,28.75,27.82,28.71,28.71,27.75,,28.71,,,6030,172025.00,33,F1,1,,,,,
2026-09-04,2026-09-04,CM,BSE,STK,501351,INE154M01012,RAPIDIN,X,,,,,RAPID INVESTMENTS LTD.,92.00,92.00,92.00,92.00,92.00,92.00,,92.00,,,1,92.00,1,F1,1,,,,,
2026-09-04,2026-09-04,CM,BSE,STK,501370,INE695D01021,WALCHPF,X,,,,,WALCHAND PEOPLEFIRST LTD.,136.05,143.85,136.00,142.00,142.00,137.85,,142.00,,,1058,146535.00,15,F1,1,,,,,
2026-09-04,2026-09-04,CM,BSE,STK,501391,INE855A01019,WHBRADY,B,,,,,W.H.BRADY & CO.LTD.,502.90,502.90,502.90,502.90,502.90,493.70,,482.20,,,1,502.00,1,F1,1,,,,,
2026-09-04,2026-09-04,CM,BSE,STK,501421,INE314H01012,TECHNVISN,B,,,,,TechNVision Ventures Limited,4901.10,5000.00,4845.00,4903.20,4851.05,5100.00,,4916.60,,,172,836701.00,45,F1,1,,,,,
2026-09-04,2026-09-04,CM,BSE,STK,501423,INE151G01028,SHAILY,A,,,,,SHAILY ENGINEERING PLASTICS LT,3261.10,3308.00,3238.65,3276.85,3270.60,3275.95,,3278.21,,,8631,28246358.00,855,F1,1,,,,,
2026-09-04,2026-09-04,CM,BSE,STK,501425,INE050A01025,BBTC,A,,,,,The Bombay Burmah Trading Corp,1499.25,1512.95,1495.00,1496.85,1497.75,1501.60,,1496.80,,,5206,7814404.00,406,F1,1,,,,,
2026-09-04,2026-09-04,CM,BSE,STK,501430,INE691K01017,BOMBCYC,X,,,,,BOMBAY CYCLE & MOTOR AGENCY LT,1570.00,1603.00,1556.30,1603.00,1603.00,1603.75,,1603.00,,,27,42414.00,5,F1,1,,,,,
2026-09-04,2026-09-04,CM,BSE,STK,501455,INE224A01026,GREAVESCOT,A,,,,,GREAVES COTTON LTD.,194.65,197.00,193.25,195.35,195.95,195.00,,195.55,,,31806,6193129.00,767,F1,1,,,,,
2026-09-04,2026-09-04,CM,BSE,STK,501477,INE003F01015,MULLER,X,,,,,MULLER & PHIPPS (INDIA) LTD.,210.00,210.00,203.00,209.95,209.95,213.65,,209.95,,,89,18206.00,15,F1,1,,,,,
2026-09-04,2026-09-04,CM,BSE,STK,501700,INE131H01028,INDIANVSH,X,,,,,INDIANIVESH LTD.,7.14,7.14,6.47,6.83,6.69,6.65,,6.83,,,23522,164160.00,32,F1,1,,,,,
2026-09-04,2026-09-04,CM,BSE,STK,501831,INE377E01024,COASTCORP,B,,,,,COASTAL CORPORATION LTD.,42.49,42.72,41.55,41.64,41.56,41.94,,41.86,,,7445,314966.00,136,F1,1,,,,,
2026-09-04,2026-09-04,CM,BSE,STK,501833,INE490A01015,CHOWGULSTM,X,,,,,CHOWGULE STEAMSHIPS LTD.,22.45,23.25,21.90,22.71,22.99,22.30,,22.71,,,5104,116707.00,28,F1,1,,,,,
2026-09-04,2026-09-04,CM,BSE,STK,501848,INE446C01013,GARWAOFFS,X,,,,,GARWARE OFFSHORE SERVICES LIMI,46.47,47.45,45.80,46.81,46.99,45.64,,46.81,,,3843,179654.00,32,F1,1,,,,,
2026-09-04,2026-09-04,CM,BSE,STK,501945,INE758D01027,DHENUBUILD,Z,,,,,DHENU BUILDCON INFRA LTD.,6.65,6.66,6.48,6.50,6.50,6.35,,6.50,,,41851,278124.00,201,F1,1,,,,,
2026-09-04,2026-09-04,CM,BSE,STK,502015,INE443A01030,ASIIL,X,,,,,ASI INDUSTRIES LIMITED,25.15,25.15,24.50,24.87,25.00,24.75,,24.87,,,12015,300170.00,53,F1,1,,,,,
2026-09-04,2026-09-04,CM,BSE,STK,502090,INE229C01021,SAGCEM,B,,,,,SAGAR CEMENTS LTD.,159.75,159.75,152.25,153.00,153.00,155.10,,152.86,,,5501,843721.00,205,F1,1,,,,,
2026-09-04,2026-09-04,CM,BSE,STK,502137,INE583C01021,DECCANCE,B,,,,,DECCAN CEMENTS LTD.,569.80,571.10,565.00,567.55,568.35,565.10,,569.74,,,47,26746.00,14,F1,1,,,,,
2026-09-04,2026-09-04,CM,BSE,STK,502157,INE347A01017,MANGLMCEM,B,,,,,MANGALAM CEMENT LTD.,1100.10,1112.95,1082.60,1095.20,1097.95,1097.65,,1095.20,,,2709,2979083.00,223,F1,1,,,,,
2026-09-04,2026-09-04,CM,BSE,STK,502168,INE732C01016,NCLIND,B,,,,,NCL INDUSTRIES LTD.,178.00,178.00,176.00,178.00,178.00,177.55,,177.81,,,917,162145.00,73,F1,1,,,,,
2026-09-04,2026-09-04,CM,BSE,STK,502175,INE626A01014,SAURASHCEM,B,,,,,SAURASHTRA CEMENT LTD.,57.35,58.60,55.51,57.58,57.77,56.64,,57.61,,,2801,161677.00,185,F1,1,,,,,
2026-09-04,2026-09-04,CM,BSE,STK,502180,INE232A01011,SHREDIGCEM,B,,,,,SHREE DIGVIJAY CEMENT CO.LTD.,74.00,74.88,73.00,74.07,74.00,74.98,,74.43,,,11074,815795.00,252,F1,1,,,,,
2026-09-04,2026-09-04,CM,BSE,STK,502219,INE666D01022,BORORENEW,A,,,,,BOROSIL RENEWABLES LIMITED,502.70,505.25,492.80,499.20,499.10,496.90,,499.15,,,15347,7686710.00,570,F1,1,,,,,
2026-09-04,2026-09-04,CM,BSE,STK,502250,INE347D01011,LERTHAI,XT,,,,,LERTHAI FINANCE LIMITED,527.00,527.00,525.50,525.50,525.50,502.00,,525.50,,,18,9460.00,2,F1,1,,,,,
2026-09-04,2026-09-04,CM,BSE,STK,502281,INE094C01011,TRIVENIGQ,XT,,,,,TRIVENI GLASS LTD.,6.75,7.08,6.75,6.75,6.75,6.75,,6.75,,,3642,24677.00,17,F1,1,,,,,
2026-09-04,2026-09-04,CM,BSE,STK,502294,INE416N01013,NILACHAL,X,,,,,NILACHAL REFRACTORIES LTD.,34.99,38.50,34.99,38.49,38.49,35.00,,38.49,,,4746,179261.00,37,F1,1,,,,,
2026-09-04,2026-09-04,CM,BSE,STK,502330,INE435A01051,ANDHRAPAP,B,,,,,ANDHRA PAPER LIMITED,63.38,65.00,62.26,64.56,63.50,63.37,,64.45,,,20250,1287079.00,404,F1,1,,,,,
2026-09-04,2026-09-04,CM,BSE,STK,502355,INE787D01026,BALKRISIND,A,,,,,BALKRISHNA INDUSTRIES LTD.,2330.00,2330.00,2265.00,2282.80,2294.45,2326.95,,2284.55,,,11506,26373683.00,1265,F1,1,,,,,
2026-09-04,2026-09-04,CM,BSE,STK,502420,INE592A01026,ORIENTPPR,B,,,,,ORIENT PAPER & INDUSTRIES LTD.,16.77,17.70,16.77,17.07,17.00,17.20,,17.08,,,8489,145339.00,93,F1,1,,,,,
2026-09-04,2026-09-04,CM,BSE,STK,502445,INE906D01014,CITADEL,X,,,,,CITADEL REALTY AND DEVELOPERS,41.38,41.38,37.05,38.90,38.90,38.33,,38.90,,,264,10329.00,24,F1,1,,,,,
2026-09-04,2026-09-04,CM,BSE,STK,502448,INE927A01040,ROLLT,T,,,,,ROLLATAINERS LTD.,4.32,4.32,4.30,4.32,4.32,4.12,,4.37,,,2546,10994.00,18,F1,1,,,,,
2026-09-04,2026-09-04,CM,BSE,STK,502450,INE630A01024,SESHAPAPER,B,,,,,SESHASAYEE PAPER & BOARDS LTD.,231.30,234.35,230.50,231.30,231.30,235.30,,233.07,,,1192,276412.00,49,F1,1,,,,,
2026-09-04,2026-09-04,CM,BSE,STK,502587,INE777A01023,NATHIND,X,,,,,NATH INDUSTRIES LIMITED,49.00,50.95,49.00,49.51,49.51,49.00,,49.51,,,3090,154203.00,18,F1,1,,,,,
2026-09-04,2026-09-04,CM,BSE,STK,502589,INE464D01014,VAPIENTER,XT,,,,,VAPI ENTERPRISE LIMITED,130.90,130.90,124.95,124.95,124.95,125.05,,124.95,,,129,16669.00,6,F1,1,,,,,
2026-09-04,2026-09-04,CM,BSE,STK,502820,INE498A01018,DCM,T,,,,,DCM LTD.,77.60,77.60,76.00,77.00,77.00,77.60,,77.01,,,10359,788735.00,16,F1,1,,,,,
2026-09-04,2026-09-04,CM,BSE,STK,502865,INE518A01013,FORBESCO,X,,,,,FORBES & COMPANY LTD.,262.00,278.00,259.00,272.85,273.00,254.80,,272.85,,,9544,2576883.00,171,F1,1,,,,,
2026-09-04,2026-09-04,CM,BSE,STK,502873,INE950C01014,HPCOTTON,X,,,,,H.P.COTTON TEXTILE MILLS LTD.,102.75,102.75,95.55,96.75,98.40,96.65,,96.75,,,1167,113170.00,38,F1,1,,,,,
2026-09-04,2026-09-04,CM,BSE,STK,502893,INE706D01018,UNITEDINT,X,,,,,UNITED INTERACTIVE LTD.,69.70,71.30,64.60,68.00,68.00,68.00,,68.00,,,250,17211.00,11,F1,1,,,,,
2026-09-04,2026-09-04,CM,BSE,STK,502901,INE462D01034,JAMSHRI,X,,,,,JAMSHRI REALTY LIMITED,75.00,76.77,75.00,76.55,76.55,75.50,,76.55,,,148,11175.00,10,F1,1,,,,,
2026-09-04,2026-09-04,CM,BSE,STK,502933,INE498G01015,KATRSPG,X,,,,,KATARE SPINNING MILLS LTD.,100.00,100.00,100.00,100.00,100.00,98.15,,100.00,,,1,100.00,1,F1,1,,,,,
2026-09-04,2026-09-04,CM,BSE,STK,502937,INE087A01019,KESORAMIND,T,,,,,KESORAM INDUSTRIES LTD.,10.91,11.00,10.83,10.83,10.83,11.05,,10.83,,,104332,1134713.00,81,F1,1,,,,,
2026-09-04,2026-09-04,CM,BSE,STK,502958,INE938C01019,LAKSHMIMIL,B,,,,,LAKSHMI MILLS COMPANY LTD.,7730.00,8000.00,7730.00,8000.00,8000.00,7730.00,,7810.50,,,32,250430.00,13,F1,1,,,,,
2026-09-04,2026-09-04,CM,BSE,STK,502986,INE825A01020,VTL,A,,,,,VARDHMAN TEXTILES LTD.,596.95,603.00,586.55,596.25,594.00,588.30,,598.14,,,15510,9205298.00,508,F1,1,,,,,
2026-09-04,2026-09-04,CM,BSE,STK,503031,INE138A01028,PENINLAND,T,,,,,PENINSULA LAND LTD.,16.30,16.83,16.16,16.60,16.63,16.10,,16.55,,,12076,200189.00,61,F1,1,,,,,
2026-09-04,2026-09-04,CM,BSE,STK,503092,INE909B01020,PASUSPG,X,,,,,PASUPATI SPG.& WVG.MILLS LTD.,33.30,33.30,33.30,33.30,33.30,33.25,,33.30,,,2,66.00,2,F1,1,,,,,
2026-09-04,2026-09-04,CM,BSE,STK,503100,INE211B01039,PHOENIXLTD,A,,,,,THE PHOENIX MILLS LTD,1960.20,1968.30,1936.90,1940.40,1940.40,1960.00,,1942.00,,,7307,14263194.00,1800,F1,1,,,,,
2026-09-04,2026-09-04,CM,BSE,STK,503101,INE182D01020,MARATHON,B,,,,,MARATHON NEXTGEN REALTY LTD.,436.15,449.00,435.00,439.00,439.00,437.50,,437.98,,,352412,156025238.00,720,F1,1,,,,,
2026-09-04,2026-09-04,CM,BSE,STK,503127,INE491N01016,RAJABAH,X,,,,,RAJA BAHADUR INTERNATIONAL LTD,5090.00,5090.00,5090.00,5090.00,5090.00,4926.25,,5090.00,,,1,5090.00,1,F1,1,,,,,
2026-09-04,2026-09-04,CM,BSE,STK,503162,INE750D01016,RELCHEMQ,B,,,,,RELIANCE CHEMOTEX INDUSTRIES L,115.35,118.50,115.00,118.50,118.50,115.25,,116.73,,,89,10451.00,10,F1,1,,,,,
2026-09-04,2026-09-04,CM,BSE,STK,503169,INE301D01026,RUBYMILLS,T,,,,,RUBY MILLS LTD.,416.90,431.50,400.05,427.40,431.00,411.15,,428.18,,,3977,1684826.00,123,F1,1,,,,,
2026-09-04,2026-09-04,CM,BSE,STK,503229,INE167H01014,SIMPLXREA,B,,,,,SIMPLEX REALTY LTD.,143.90,143.90,143.90,143.90,143.90,140.45,,143.45,,,1,143.00,1,F1,1,,,,,
2026-09-04,2026-09-04,CM,BSE,STK,503310,INE665A01038,SWANCORP,A,,,,,Swan Corp Limited,284.00,286.25,280.00,281.30,281.80,284.70,,281.48,,,57086,16110419.00,953,F1,1,,,,,
2026-09-04,2026-09-04,CM,BSE,STK,503349,INE203D01016,VICTMILL,XT,,,,,VICTORIA MILLS LTD.,9304.00,9304.00,8731.45,8833.85,8899.00,9191.00,,8833.85,,,316,2787729.00,99,F1,1,,,,,
2026-09-04,2026-09-04,CM,BSE,STK,503624,INE406N01014,ZSVARAJT,X,,,,,SVARAJ TRADING & AGENCIES LTD.,7.57,7.57,7.15,7.24,7.23,7.58,,7.24,,,2640,19304.00,16,F1,1,,,,,
2026-09-04,2026-09-04,CM,BSE,STK,503635,INE315N01017,SALSAIN,XT,,,,,SHREE SALASAR INVESTMENT LTD.,390.00,390.00,371.00,389.50,389.50,390.00,,389.50,,,44,16442.00,13,F1,1,,,,,
2026-09-04,2026-09-04,CM,BSE,STK,503639,INE314N01028,APOLLOIN,XT,,,,,Apollo Ingredients Limited,68.96,68.96,68.96,68.96,68.96,72.58,,68.96,,,2632,181502.00,35,F1,1,,,,,
2026-09-04,2026-09-04,CM,BSE,STK,503641,INE945J01027,ZODIACVEN,X,,,,,ZODIAC VENTURES LIMITED,1.53,1.53,1.49,1.50,1.50,1.52,,1.50,,,96924,146143.00,115,F1,1,,,,,
2026-09-04,2026-09-04,CM,BSE,STK,503657,INE255E01030,VEERENRGY,X,,,,,VEER ENERGY & INFRASTRUCTURE L,13.68,13.75,13.13,13.71,13.72,13.19,,13.71,,,4672,63398.00,56,F1,1,,,,,
2026-09-04,2026-09-04,CM,BSE,STK,503659,INE948K01011,SW1,XT,,,,,SW INVESTMENTS LTD,174.90,174.90,159.60,166.95,166.95,167.95,,166.95,,,147,24055.00,7,F1,1,,,,,
2026-09-04,2026-09-04,CM,BSE,STK,503663,INE026L01022,TILAK,X,,,,,Tilak Ventures Limited,1.27,1.31,1.27,1.30,1.30,1.29,,1.30,,,390324,504027.00,561,F1,1,,,,,
2026-09-04,2026-09-04,CM,BSE,STK,503675,INE786K01023,WAGEND,X,,,,,WAGEND INFRA VENTURE LIMITED,1.12,1.26,1.12,1.21,1.21,1.18,,1.21,,,8354,10108.00,21,F1,1,,,,,
2026-09-04,2026-09-04,CM,BSE,STK,503681,INE927X01018,ELCIDIN,B,,,,,ELCID INVESTMENTS LTD.,109000.00,109000.00,107600.00,107600.00,107600.00,106500.00,,107590.00,,,2,216600.00,2,F1,1,,,,,
2026-09-04,2026-09-04,CM,BSE,STK,503685,INE828I01019,MEDIAONE,Z,,,,,MEDIAONE GLOBAL ENTERTAINMENT,14.20,14.20,14.05,14.20,14.20,14.77,,14.20,,,1201,16889.00,4,F1,1,,,,,
2026-09-04,2026-09-04,CM,BSE,STK,503722,INE629D01020,BANSWRAS,B,,,,,BANSWARA SYNTEX LTD.,116.85,118.40,116.85,117.45,116.85,118.10,,117.05,,,549,64438.00,19,F1,1,,,,,
2026-09-04,2026-09-04,CM,BSE,STK,503772,INE380D01012,MODWOOL,X,,,,,MODELLA WOOLLENS LTD.,72.00,72.00,72.00,72.00,72.00,71.00,,72.00,,,1,72.00,1,F1,1,,,,,
2026-09-04,2026-09-04,CM,BSE,STK,503776,INE170C01019,MODIPON,X,,,,,MODIPON LTD.,45.20,45.20,45.20,45.20,45.20,43.05,,45.20,,,16,723.00,4,F1,1,,,,,
2026-09-04,2026-09-04,CM,BSE,STK,503804,INE204C01024,SHRIDINE,XT,,,,,SHRI DINESH MILLS LTD.,370.60,370.65,370.50,370.55,370.50,372.05,,370.55,,,91,33722.00,7,F1,1,,,,,
2026-09-04,2026-09-04,CM,BSE,STK,503806,INE647A01010,SRF,A,,,,,SRF LTD.,2643.25,2643.25,2533.20,2550.15,2550.15,2605.00,,2547.09,,,41235,105676595.00,2894,F1,1,,,,,
2026-09-04,2026-09-04,CM,BSE,STK,503811,INE076B01028,SIYSIL,B,,,,,SIYARAM SILK MILLS LTD.,555.30,557.95,550.00,552.75,556.30,559.25,,552.65,,,1460,808582.00,121,F1,1,,,,,
2026-09-04,2026-09-04,CM,BSE,STK,503816,INE243N01029,SWADPOL,X,,,,,SWADESHI POLYTEX LTD.,37.67,38.50,35.89,38.33,38.30,36.09,,38.33,,,4043,149922.00,57,F1,1,,,,,
2026-09-04,2026-09-04,CM,BSE,STK,503837,INE796C01011,SHRAJSYNQ,X,,,,,SHREE RAJASTHAN SYNTEX LTD.,9.50,9.50,9.50,9.50,9.50,9.05,,9.50,,,413,3923.00,7,F1,1,,,,,
2026-09-04,2026-09-04,CM,BSE,STK,503960,INE464A01036,BBL,B,,,,,BHARAT BIJLEE LTD.,2300.00,2315.35,2288.00,2289.85,2288.00,2296.20,,2289.32,,,917,2108212.00,138,F1,1,,,,,
2026-09-04,2026-09-04,CM,BSE,STK,504000,INE579B01039,ELPROINTL,B,,,,,ELPRO INTERNATIONAL LTD.,175.40,175.55,174.75,175.00,175.00,173.10,,174.00,,,1050,183823.00,21,F1,1,,,,,
2026-09-04,2026-09-04,CM,BSE,STK,504028,INE064H01021,GEE,XT,,,,,GEE LTD.,125.00,136.50,125.00,136.50,136.50,130.00,,136.50,,,100915,13585169.00,230,F1,1,,,,,
2026-09-04,2026-09-04,CM,BSE,STK,504036,INE835D01023,HIRECT,B,,,,,Hirect Limited,1237.00,1244.75,1219.80,1223.00,1222.00,1238.60,,1222.42,,,2207,2715402.00,190,F1,1,,,,,
2026-09-04,2026-09-04,CM,BSE,STK,504058,INE567A01028,NIPPOBATRY,B,,,,,INDO-NATIONAL LTD.,327.30,332.00,324.55,331.70,328.70,327.30,,331.73,,,164,54169.00,43,F1,1,,,,,
2026-09-04,2026-09-04,CM,BSE,STK,504067,INE520A01027,ZENSARTECH,A,,,,,ZENSAR TECHNOLOGIES LTD.,469.90,475.50,460.00,461.35,460.00,463.95,,461.54,,,27801,12956022.00,923,F1,1,,,,,
2026-09-04,2026-09-04,CM,BSE,STK,504076,INE511D01012,JYOTI,X,,,,,JYOTI LTD.,67.70,67.70,64.35,65.80,66.10,65.56,,65.80,,,19547,1291635.00,154,F1,1,,,,,
2026-09-04,2026-09-04,CM,BSE,STK,504080,INE581L01018,JSLINDL,X,,,,,JSL INDUSTRIES LTD.,849.00,849.00,849.00,849.00,849.00,850.00,,849.00,,,1,849.00,1,F1,1,,,,,
2026-09-04,2026-09-04,CM,BSE,STK,504084,INE813G01023,KAYCEEI,X,,,,,KAYCEE INDUSTRIES LTD.,808.80,825.00,800.00,819.10,820.00,800.35,,819.10,,,667,540178.00,60,F1,1,,,,,
2026-09-04,2026-09-04,CM,BSE,STK,504092,INE716F01012,INDOKEM,B,,,,,INDOKEM LTD.,649.90,649.90,628.05,632.40,636.00,629.00,,627.62,,,3842,2434162.00,148,F1,1,,,,,
2026-09-04,2026-09-04,CM,BSE,STK,504093,INE795A01017,PANAENERG,X,,,,,PANASONIC ENERGY INDIA COMPANY,262.00,265.65,257.00,260.75,260.85,262.55,,260.75,,,1486,390197.00,61,F1,1,,,,,
2026-09-04,2026-09-04,CM,BSE,STK,504112,INE045B01015,NELCO,B,,,,,NELCO LTD.,942.85,942.85,909.60,911.55,911.55,933.60,,911.26,,,9773,9005992.00,684,F1,1,,,,,
2026-09-04,2026-09-04,CM,BSE,STK,504132,INE418E01018,PERMAGN,B,,,,,PERMANENT MAGNETS LTD.,882.00,904.00,872.30,885.20,885.20,881.45,,888.10,,,1223,1085086.00,144,F1,1,,,,,
2026-09-04,2026-09-04,CM,BSE,STK,504176,INE783E01023,HIGHENE,X,,,,,HIGH ENERGY BATTERIES (INDIA),590.75,608.95,585.05,602.75,602.75,590.75,,602.75,,,7598,4564596.00,307,F1,1,,,,,
2026-09-04,2026-09-04,CM,BSE,STK,504180,INE502C01039,STDBAT,X,,,,,STANDARD BATTERIES LTD.,42.70,42.70,40.60,41.19,41.74,42.70,,41.19,,,1415,59178.00,51,F1,1,,,,,
2026-09-04,2026-09-04,CM,BSE,STK,504212,INE279A01012,UNIVCABLES,B,,,,,UNIVERSAL CABLES LTD.,1645.40,1650.00,1539.75,1577.45,1575.00,1626.90,,1576.35,,,25679,40445100.00,1417,F1,1,,,,,
2026-09-04,2026-09-04,CM,BSE,STK,504220,INE100D01014,WSI,B,,,,,W.S.INDUSTRIES (INDIA) LTD.,59.25,61.61,58.92,60.25,60.25,59.33,,60.37,,,15315,925098.00,86,F1,1,,,,,
2026-09-04,2026-09-04,CM,BSE,STK,504240,INE872E01016,DLTNCBL,X,,,,,DELTON CABLES LTD.,585.00,585.00,565.10,568.60,569.45,585.70,,568.60,,,8678,4943484.00,333,F1,1,,,,,
2026-09-04,2026-09-04,CM,BSE,STK,504258,INE284C01018,LAKSELEC,X,,,,,LAKSHMI ELECTRICAL CONTROL SYS,802.50,824.70,801.10,810.90,810.00,803.20,,810.90,,,1517,1229914.00,50,F1,1,,,,,
2026-09-04,2026-09-04,CM,BSE,STK,504273,INE064R01012,MODULEX,Z,,,,,MODULEX CONSTRUCTION TECHNOLOG,16.09,16.09,15.11,15.64,15.64,15.76,,15.64,,,7740,117283.00,17,F1,1,,,,,
2026-09-04,2026-09-04,CM,BSE,STK,504286,INE393A01011,DELTAMAGNT,B,,,,,DELTA MANUFACTURING LIMITED,57.26,60.00,56.00,59.82,59.82,57.26,,58.40,,,539,30796.00,123,F1,1,,,,,
2026-09-04,2026-09-04,CM,BSE,STK,504340,INE180M01033,LONGSPUR,X,,,,,Longspur International Venture,8.68,8.68,8.28,8.29,8.48,8.47,,8.29,,,3182,26646.00,15,F1,1,,,,,
2026-09-04,2026-09-04,CM,BSE,STK,504341,INE206N01018,RELTD,B,,,,,RAVINDRA ENERGY LIMITED,161.15,162.00,158.25,161.30,160.70,158.80,,161.37,,,2599,414897.00,116,F1,1,,,,,
2026-09-04,2026-09-04,CM,BSE,STK,504351,INE507F01023,EMPOWER,B,,,,,EMPOWER INDIA LTD.,1.75,1.93,1.75,1.84,1.84,1.84,,1.84,,,9834874,17492735.00,1714,F1,1,,,,,
2026-09-04,2026-09-04,CM,BSE,STK,504356,INE017P01014,ZMULTIPU,X,,,,,MULTIPURPOSE TRADING & AGENCIE,7.75,7.75,7.75,7.75,7.75,7.75,,7.75,,,2,15.00,1,F1,1,,,,,
2026-09-04,2026-09-04,CM,BSE,STK,504369,INE927M01029,GRANDMA,XT,,,,,GRANDMA TRADING & AGENCIES LTD,0.68,0.68,0.67,0.67,0.67,0.68,,0.67,,,123749,83845.00,55,F1,1,,,,,
2026-09-04,2026-09-04,CM,BSE,STK,504378,INE812K01027,NYSSACORP,X,,,,,NYSSA CORPORATION LIMITED,2.20,2.28,2.19,2.19,2.19,2.18,,2.19,,,19194,42550.00,78,F1,1,,,,,
2026-09-04,2026-09-04,CM,BSE,STK,504380,INE952M01019,FLOMIC,X,,,,,FLOMIC GLOBAL LOGISTICS LIMITE,45.00,52.87,43.00,44.81,45.45,44.09,,44.81,,,426,18915.00,24,F1,1,,,,,
2026-09-04,2026-09-04,CM,BSE,STK,504392,INE537L01010,KRISHNA,XT,,,,,KRISHNA VENTURES LIMITED,51.55,51.65,50.00,50.00,50.00,51.00,,50.00,,,29531,1522679.00,23,F1,1,,,,,
2026-09-04,2026-09-04,CM,BSE,STK,504397,INE932M01011,GANHOLD,XT,,,,,GANESH HOLDINGS LTD.,96.00,102.37,96.00,102.37,102.37,97.50,,102.37,,,202,20584.00,9,F1,1,,,,,
2026-09-04,2026-09-04,CM,BSE,STK,504605,INE361D01012,UNIABEXAL,XT,,,,,UNI ABEX ALLOY PRODUCTS LTD.,4806.00,4999.00,4805.00,4960.00,4960.00,4902.40,,4960.00,,,848,4173570.00,105,F1,1,,,,,
2026-09-04,2026-09-04,CM,BSE,STK,504614,INE385C01021,SARDAEN,A,,,,,SARDA ENERGY & MINERALS LTD.,503.55,516.90,503.55,508.95,508.95,506.95,,508.56,,,33599,17163694.00,1515,F1,1,,,,,
2026-09-04,2026-09-04,CM,BSE,STK,504646,INE106G01014,BGWTATO,XT,,,,,BHAGWATI AUTOCAST LTD.,666.00,666.00,615.55,664.45,664.45,640.55,,664.45,,,1807,1160525.00,73,F1,1,,,,,
2026-09-04,2026-09-04,CM,BSE,STK,504648,INE089T01023,BOMBWIR,X,,,,,BOMBAY WIRE ROPES LTD.,44.00,44.00,40.00,41.41,41.00,42.05,,41.41,,,2148,88861.00,32,F1,1,,,,,
2026-09-04,2026-09-04,CM,BSE,STK,504697,INE255C01026,GALADA,XT,,,,,GALADA POWER & TELECOMMUNICATI,21.23,21.23,21.23,21.23,21.23,20.82,,21.23,,,22,467.00,3,F1,1,,,,,
2026-09-04,2026-09-04,CM,BSE,STK,504731,INE566M01017,AZADIND,B,,,,,AZAD INDIA MOBILITY LIMITED,90.01,91.00,89.50,90.01,91.00,89.95,,89.60,,,1900,170654.00,63,F1,1,,,,,
2026-09-04,2026-09-04,CM,BSE,STK,504741,INE323C01030,INDIANHUME,B,,,,,INDIAN HUME PIPE CO.LTD.,384.55,399.90,382.95,387.55,386.05,392.40,,387.79,,,6291,2449439.00,274,F1,1,,,,,
2026-09-04,2026-09-04,CM,BSE,STK,504746,INE359D01024,INLCM,X,,,,,INDIAN LINK CHAIN MANUFACTURES,307.00,334.95,307.00,307.00,307.00,323.15,,307.00,,,11507,3562893.00,106,F1,1,,,,,
2026-09-04,2026-09-04,CM,BSE,STK,504786,INE155E01016,INVPRECQ,T,,,,,INVESTMENT & PRECISION CASTING,1290.00,1300.00,1275.00,1275.00,1275.00,1290.00,,1275.00,,,2333,3009190.00,19,F1,1,,,,,
2026-09-04,2026-09-04,CM,BSE,STK,504810,INE123E01014,INFORTEC,X,,,,,INFORMED TECHNOLOGIES INDIA LT,86.50,87.80,80.28,80.28,80.28,80.15,,80.28,,,82,7097.00,5,F1,1,,,,,
2026-09-04,2026-09-04,CM,BSE,STK,504840,INE375D01012,KAIRA,X,,,,,KAIRA CAN CO.LTD.,1547.65,1547.65,1547.65,1547.65,1547.65,1547.65,,1547.65,,,21,32500.00,2,F1,1,,,,,
2026-09-04,2026-09-04,CM,BSE,STK,504879,INE569C01020,ORIENTCER,B,,,,,ORIENT CERATECH LIMITED,45.00,45.53,43.33,44.08,44.23,44.22,,43.92,,,4370,192465.00,110,F1,1,,,,,
2026-09-04,2026-09-04,CM,BSE,STK,504882,INE166R01015,NATIONSTD,B,,,,,NATIONAL STANDARD (INDIA) LTD.,103.45,108.00,103.45,108.00,108.00,104.50,,107.76,,,1240,132741.00,105,F1,1,,,,,
2026-09-04,2026-09-04,CM,BSE,STK,504903,INE336C01016,RATHIST,XT,,,,,RATHI STEEL & POWER LTD.,22.89,22.89,22.02,22.18,22.27,22.72,,22.18,,,93719,2096599.00,225,F1,1,,,,,
2026-09-04,2026-09-04,CM,BSE,STK,504908,INE340F01011,DUNCANENG,X,,,,,Duncan Engineering Limited,360.05,360.05,352.30,360.00,352.30,359.10,,360.00,,,5512,1980041.00,26,F1,1,,,,,
2026-09-04,2026-09-04,CM,BSE,STK,504918,INE149K01016,SANDUMA,A,,,,,SANDUR MANGANESE & IRON ORES L,201.80,201.80,196.50,197.85,198.00,197.80,,197.83,,,24101,4774122.00,372,F1,1,,,,,
2026-09-04,2026-09-04,CM,BSE,STK,504959,INE755D01015,STOVACQ,X,,,,,STOVEC INDUSTRIES LTD.,1641.10,1664.95,1641.10,1655.00,1655.00,1664.95,,1655.00,,,52,85758.00,11,F1,1,,,,,
2026-09-04,2026-09-04,CM,BSE,STK,504973,INE149A01033,CHOLAHLDNG,A,,,,,CHOLAMANDALAM FINANCIAL HOLDIN,1529.95,1530.00,1499.95,1525.40,1529.00,1503.20,,1525.69,,,6710,10167434.00,568,F1,1,,,,,
2026-09-04,2026-09-04,CM,BSE,STK,504988,INE380G01015,ZWELCAST,X,,,,,WELCAST STEELS LTD.,622.75,630.90,610.00,621.05,621.05,629.00,,621.05,,,189,117332.00,7,F1,1,,,,,
2026-09-04,2026-09-04,CM,BSE,STK,505010,INE449A01011,AUTOAXLES,B,,,,,AUTOMOTIVE AXLES LTD.,1709.95,1725.85,1683.50,1691.90,1690.00,1714.70,,1688.81,,,463,789922.00,103,F1,1,,,,,
2026-09-04,2026-09-04,CM,BSE,STK,505029,INE446A01025,ATLASCYCLE,B,,,,,ATLAS CYCLES (HARYANA) LTD.,96.00,100.00,93.90,96.04,96.16,97.47,,96.10,,,498,47618.00,25,F1,1,,,,,
2026-09-04,2026-09-04,CM,BSE,STK,505036,INE451C01013,ACGL,B,,,,,AUTOMOBILE CORPORATION OF GOA,1790.00,1810.00,1770.10,1806.80,1806.80,1777.65,,1798.35,,,136,243865.00,33,F1,1,,,,,
2026-09-04,2026-09-04,CM,BSE,STK,505075,INE878E01021,SETCO,T,,,,,SETCO AUTOMOTIVE LTD.,17.54,17.90,17.02,17.50,17.50,17.90,,17.45,,,26822,462245.00,46,F1,1,,,,,
2026-09-04,2026-09-04,CM,BSE,STK,505160,INE187D01029,TALBROAUTO,B,,,,,TALBROS AUTOMOTIVE COMPONENTS,410.10,411.65,402.15,407.00,408.00,413.20,,407.74,,,4470,1819142.00,207,F1,1,,,,,
2026-09-04,2026-09-04,CM,BSE,STK,505163,INE116C01012,ZFSTEERING,B,,,,,Z.F.STEERING GEAR (INDIA) LTD.,679.00,679.00,663.50,667.10,672.45,665.10,,667.44,,,440,293822.00,38,F1,1,,,,,
2026-09-04,2026-09-04,CM,BSE,STK,505192,INE294B01019,SMLMAH,A,,,,,SML Mahindra Limited,5719.30,6310.15,5719.30,6310.15,6310.15,5736.50,,6300.26,,,29439,178848938.00,3226,F1,1,,,,,
2026-09-04,2026-09-04,CM,BSE,STK,505196,INE806C01018,TIL,T,,,,,TIL LTD.,249.95,258.90,247.00,253.25,255.00,246.60,,252.89,,,24328,6191887.00,164,F1,1,,,,,
2026-09-04,2026-09-04,CM,BSE,STK,505200,INE066A01021,EICHERMOT,A,,,,,EICHER MOTORS LTD.,7724.55,7724.55,7593.35,7600.00,7600.00,7668.00,,7630.39,,,11807,90019504.00,2391,F1,1,,,,,
2026-09-04,2026-09-04,CM,BSE,STK,505212,INE280F01019,JAINEX,X,,,,,JAINEX AAMCOL LTD.,152.70,164.70,152.70,161.30,163.65,153.45,,161.30,,,6076,993255.00,46,F1,1,,,,,
2026-09-04,2026-09-04,CM,BSE,STK,505216,INE782D01027,ALFREDHE,B,,,,,ALFRED HERBERT (INDIA) LTD.,2887.00,2887.00,2811.05,2811.05,2811.05,2811.00,,2854.98,,,27,76972.00,5,F1,1,,,,,
2026-09-04,2026-09-04,CM,BSE,STK,505232,INE232E01013,VELJAN,T,,,,,VELJAN DENISON LIMITED,1836.00,1880.00,1802.15,1856.70,1856.70,1853.90,,1875.64,,,149,271242.00,13,F1,1,,,,,
2026-09-04,2026-09-04,CM,BSE,STK,505242,INE221B01012,DYNAMATECH,A,,,,,DYNAMATIC TECHNOLOGIES LTD.,11628.00,11750.00,11572.45,11658.10,11639.00,11524.05,,11654.11,,,282,3291801.00,144,F1,1,,,,,
2026-09-04,2026-09-04,CM,BSE,STK,505250,INE631D01026,GGDPROP,X,,,,,G. G. Dandekar Properties Limi,74.83,74.83,74.00,74.65,74.79,73.77,,74.65,,,13,970.00,5,F1,1,,,,,
2026-09-04,2026-09-04,CM,BSE,STK,505255,INE541A01023,GMMPFAUDLR,A,,,,,GMM PFAUDLER LTD.,1078.80,1174.35,1072.65,1147.55,1147.55,1072.80,,1147.89,,,37689,43146938.00,1982,F1,1,,,,,
2026-09-04,2026-09-04,CM,BSE,STK,505283,INE811A01038,KIRLPNU,A,,,,,KIRLOSKAR PNEUMATIC CO.LTD.,775.95,775.95,755.00,760.60,762.50,758.60,,760.46,,,11586,8829531.00,479,F1,1,,,,,
2026-09-04,2026-09-04,CM,BSE,STK,505299,INE731D01024,KPT,X,,,,,KPT INDUSTRIES LIMITED,471.20,479.30,470.05,474.45,474.45,476.50,,474.45,,,1282,606700.00,56,F1,1,,,,,
2026-09-04,2026-09-04,CM,BSE,STK,505302,INE718M01022,LAKSHMIEW,X,,,,,LAKSHMI ENGINEERING AND WAREHO,2153.00,2222.00,2153.00,2213.20,2222.00,2151.20,,2213.20,,,57,124464.00,10,F1,1,,,,,
2026-09-04,2026-09-04,CM,BSE,STK,505324,INE867A01022,MANUGRAPH,T,,,,,MANUGRAPH INDIA LTD.,14.77,14.77,14.77,14.77,14.77,14.45,,14.75,,,375,5538.00,3,F1,1,,,,,
2026-09-04,2026-09-04,CM,BSE,STK,505336,INE098E01026,HARSHILAGR,XT,,,,,HARSHIL AGROTECH LIMITED,0.28,0.28,0.27,0.28,0.28,0.28,,0.28,,,2158609,591158.00,433,F1,1,,,,,
2026-09-04,2026-09-04,CM,BSE,STK,505343,INE811D01024,MONOT,X,,,,,MONOTYPE INDIA LTD.,0.30,0.30,0.29,0.30,0.30,0.30,,0.30,,,825832,243400.00,402,F1,1,,,,,
2026-09-04,2026-09-04,CM,BSE,STK,505355,INE317F01035,NESCO,A,,,,,NESCO LTD.,1038.60,1065.90,1038.60,1048.00,1045.50,1045.45,,1047.66,,,77606,81489216.00,204,F1,1,,,,,
2026-09-04,2026-09-04,CM,BSE,STK,505358,INE984B01023,INTEGRAEN,XT,,,,,INTEGRA ENGINEERING INDIA LTD.,167.90,169.90,160.00,164.15,162.95,166.65,,164.15,,,14005,2307892.00,119,F1,1,,,,,
2026-09-04,2026-09-04,CM,BSE,STK,505368,INE617A01013,SEMAC,B,,,,,Semac Construction Limited,283.05,290.35,278.00,278.00,278.00,281.70,,277.27,,,782,219249.00,44,F1,1,,,,,
2026-09-04,2026-09-04,CM,BSE,STK,505400,INE435C01024,TEXINFRA,B,,,,,TEXMACO INFRASTRUCTURE & HOLDI,116.50,117.15,114.45,115.20,115.40,117.50,,115.02,,,7471,860695.00,123,F1,1,,,,,
2026-09-04,2026-09-04,CM,BSE,STK,505412,INE274C01019,WENDT,B,,,,,WENDT (INDIA) LTD.,8290.00,8302.75,8150.00,8162.55,8150.00,8293.75,,8160.11,,,226,1858040.00,97,F1,1,,,,,
2026-09-04,2026-09-04,CM,BSE,STK,505502,INE953M01033,PSITINFRA,XT,,,,,PS IT INFRASTRUCTURE & SERVICE,1.89,1.89,1.84,1.87,1.89,1.86,,1.87,,,21153,39717.00,38,F1,1,,,,,
2026-09-04,2026-09-04,CM,BSE,STK,505504,INE809Q01020,GHVINFRA,XT,,,,,GHV INFRA PROJECTS LIMITED,286.00,289.95,285.00,288.95,289.00,288.20,,288.95,,,2867,824970.00,242,F1,1,,,,,
2026-09-04,2026-09-04,CM,BSE,STK,505509,INE688D01026,RESPONIND,B,,,,,RESPONSIVE INDUSTRIES LTD.,152.20,175.90,150.45,155.35,155.35,152.20,,154.91,,,812594,136804219.00,5019,F1,1,,,,,
2026-09-04,2026-09-04,CM,BSE,STK,505515,INE203N01015,SHYMINV,X,,,,,SHYAMKAMAL INVESTMENTS LTD.,12.37,12.88,12.28,12.61,12.61,12.62,,12.61,,,1511,18749.00,18,F1,1,,,,,
2026-09-04,2026-09-04,CM,BSE,STK,505523,INE272E01027,MAHACORP,X,,,,,MAHARASHTRA CORPORATION LTD.,0.30,0.31,0.30,0.30,0.31,0.30,,0.30,,,588183,179447.00,200,F1,1,,,,,
2026-09-04,2026-09-04,CM,BSE,STK,505526,INE966A01022,DOLATALGO,B,,,,,DOLAT ALGOTECH LIMITED,70.16,72.92,70.10,70.79,70.79,70.16,,70.89,,,23242,1654043.00,235,F1,1,,,,,
2026-09-04,2026-09-04,CM,BSE,STK,505533,INE274F01020,WESTLIFE,A,,,,,WESTLIFE FOODWORLD LIMITED,546.95,546.95,528.75,529.70,529.20,542.20,,530.58,,,2273,1220329.00,171,F1,1,,,,,
2026-09-04,2026-09-04,CM,BSE,STK,505537,INE256A01028,ZEEL,A,,,,,ZEE ENTERTAINMENT ENTERPRISES,92.41,92.95,90.50,91.34,91.34,91.60,,91.60,,,835445,76377498.00,3504,F1,1,,,,,
2026-09-04,2026-09-04,CM,BSE,STK,505590,INE308E01029,SVPGLOB,B,,,,,SVP GLOBAL TEXTILES LIMITED,3.58,3.82,3.52,3.67,3.69,3.64,,3.66,,,58374,219367.00,68,F1,1,,,,,
2026-09-04,2026-09-04,CM,BSE,STK,505650,INE178E01026,SKYLMILAR,X,,,,,SKYLINE MILLARS LTD.,13.40,13.75,13.01,13.25,13.25,13.40,,13.25,,,3422,45779.00,20,F1,1,,,,,
2026-09-04,2026-09-04,CM,BSE,STK,505688,INE561C01019,BHARATGEAR,T,,,,,BHARAT GEARS LTD.,105.50,106.00,102.30,103.05,103.05,104.70,,102.95,,,5440,565188.00,52,F1,1,,,,,
2026-09-04,2026-09-04,CM,BSE,STK,505690,INE856A01017,BRADYM,X,,,,,BRADY & MORRIS ENGINEERING CO.,677.00,690.00,675.00,677.80,676.00,680.15,,677.80,,,510,344992.00,40,F1,1,,,,,
2026-09-04,2026-09-04,CM,BSE,STK,505693,INE501N01020,LATIMMETAL,X,,,,,La Tim Metal & Industries Limi,10.25,10.35,9.37,10.20,10.26,10.13,,10.20,,,131368,1313220.00,241,F1,1,,,,,
2026-09-04,2026-09-04,CM,BSE,STK,505700,INE205B01031,ELECON,A,,,,,ELECON ENGINEERING CO.LTD.,437.00,442.80,429.00,433.30,433.30,436.10,,433.72,,,142123,61968131.00,1465,F1,1,,,,,
2026-09-04,2026-09-04,CM,BSE,STK,505710,INE266D01021,GRAUWEIL,B,,,,,GRAUER & WEIL (INDIA) LTD.,71.10,71.95,70.22,70.57,70.77,70.77,,70.59,,,31281,2224189.00,449,F1,1,,,,,
2026-09-04,2026-09-04,CM,BSE,STK,505712,INE705G01021,HIMTEK,XT,,,,,HIM TEKNOFORGE LIMITED,274.00,278.10,268.50,274.20,273.00,277.95,,274.20,,,39588,10772069.00,87,F1,1,,,,,
2026-09-04,2026-09-04,CM,BSE,STK,505714,INE524A01029,GABRIEL,A,,,,,GABRIEL INDIA LTD.,1356.80,1368.85,1310.60,1352.60,1352.00,1345.95,,1353.16,,,27640,36986793.00,2025,F1,1,,,,,
2026-09-04,2026-09-04,CM,BSE,STK,505720,INE688E01024,HERCULES,X,,,,,Hercules Investments Limited,121.90,123.00,121.00,122.25,121.95,122.50,,122.25,,,5886,718663.00,116,F1,1,,,,,
2026-09-04,2026-09-04,CM,BSE,STK,505725,INE598D01035,ALGOQUANT,B,,,,,ALGOQUANT FINTECH LIMITED,64.36,65.19,64.05,64.55,64.55,64.38,,64.51,,,207814,13392213.00,1066,F1,1,,,,,
2026-09-04,2026-09-04,CM,BSE,STK,505726,INE559A01017,IFBIND,B,,,,,IFB INDUSTRIES LTD.,1323.00,1332.90,1302.00,1306.45,1304.10,1314.50,,1305.70,,,849,1109364.00,97,F1,1,,,,,
2026-09-04,2026-09-04,CM,BSE,STK,505729,INE638A01035,SINGERIND,B,,,,,SINGER INDIA LTD.,77.00,81.99,75.34,76.76,76.76,76.65,,76.97,,,28129,2208669.00,432,F1,1,,,,,
2026-09-04,2026-09-04,CM,BSE,STK,505737,INE403C01014,INTLCOMBQ,X,,,,,INTERNATIONAL COMBUSTION (INDI,510.00,510.00,494.00,504.70,504.70,500.70,,504.70,,,355,177210.00,36,F1,1,,,,,
2026-09-04,2026-09-04,CM,BSE,STK,505744,INE529A01010,FMGOETZE,B,,,,,FEDERAL-MOGUL GOETZE (INDIA) L,510.00,518.30,499.75,501.40,501.40,613.65,,501.45,,,96529,48780900.00,1926,F1,1,,,,,
2026-09-04,2026-09-04,CM,BSE,STK,505750,INE636D01041,JOSTS,X,,,,,JOSTS ENGINEERING CO.LTD.,224.00,242.00,224.00,238.65,238.65,222.85,,238.65,,,26539,6207577.00,269,F1,1,,,,,
2026-09-04,2026-09-04,CM,BSE,STK,505790,INE513A01022,SCHAEFFLER,A,,,,,Schaeffler India Limited,3989.15,3998.60,3883.00,3961.70,3930.70,3950.10,,3957.09,,,5837,23107310.00,832,F1,1,,,,,
2026-09-04,2026-09-04,CM,BSE,STK,505800,INE384A01010,RANEHOLDIN,B,,,,,RANE HOLDINGS LTD.,1625.60,1729.00,1625.60,1649.55,1643.05,1631.35,,1651.07,,,3459,5833690.00,485,F1,1,,,,,
2026-09-04,2026-09-04,CM,BSE,STK,505827,INE568F01017,SNL,X,,,,,SNL BEARINGS LTD.,387.00,424.85,387.00,417.10,416.00,387.00,,417.10,,,10604,4301079.00,261,F1,1,,,,,
2026-09-04,2026-09-04,CM,BSE,STK,505840,INE058D01030,JAIPAN,XT,,,,,JAIPAN INDUSTRIES LTD.,40.80,41.47,40.00,40.57,41.09,40.00,,40.57,,,2177,87215.00,22,F1,1,,,,,
2026-09-04,2026-09-04,CM,BSE,STK,505850,INE545L01039,MANCREDIT,B,,,,,MANGAL CREDIT AND FINCORP LTD.,234.95,237.45,226.10,227.70,228.70,228.90,,228.30,,,2168,499626.00,104,F1,1,,,,,
2026-09-04,2026-09-04,CM,BSE,STK,505854,INE391D01019,TRF,B,,,,,TRF LTD.,231.90,231.90,227.20,231.10,231.50,228.90,,231.53,,,1475,339451.00,48,F1,1,,,,,
2026-09-04,2026-09-04,CM,BSE,STK,505872,INE765D01022,WPIL,B,,,,,WPIL LTD.,445.00,449.75,438.10,443.50,444.00,446.00,,443.89,,,3091,1370240.00,151,F1,1,,,,,
2026-09-04,2026-09-04,CM,BSE,STK,505890,INE717A01029,KENNAMET,B,,,,,KENNAMETAL INDIA LTD.,4515.00,4728.35,4443.60,4683.50,4699.00,4534.30,,4688.26,,,1573,7301702.00,421,F1,1,,,,,
2026-09-04,2026-09-04,CM,BSE,STK,505893,INE724D01011,HINDHARD,X,,,,,HINDUSTAN HARDY LIMITED,673.00,729.80,673.00,697.80,697.80,683.35,,697.80,,,2910,2038271.00,80,F1,1,,,,,
2026-09-04,2026-09-04,CM,BSE,STK,505978,INE440G01017,TRITONV,B,,,,,TRITON VALVES LTD.,1122.90,1148.00,1109.90,1137.60,1140.00,1121.95,,1136.41,,,572,652174.00,80,F1,1,,,,,
2026-09-04,2026-09-04,CM,BSE,STK,506003,INE618D01015,SUDAI,X,,,,,SUDAL INDUSTRIES LTD.,47.05,47.05,45.40,45.54,46.88,46.54,,45.54,,,463,21164.00,15,F1,1,,,,,
2026-09-04,2026-09-04,CM,BSE,STK,506022,INE603A01013,PRAKASH,B,,,,,PRAKASH INDUSTRIES LTD.,124.90,126.85,123.85,125.70,126.00,123.45,,125.63,,,12022,1506018.00,166,F1,1,,,,,
2026-09-04,2026-09-04,CM,BSE,STK,506074,INE968D01022,ARSHIYA,Z,,,,,ARSHIYA LIMITED,0.75,0.76,0.70,0.73,0.75,0.73,,0.73,,,150629,110884.00,67,F1,1,,,,,
2026-09-04,2026-09-04,CM,BSE,STK,506076,INE536A01023,GRINDWELL,A,,,,,GRINDWELL NORTON LTD.,1979.95,1999.85,1955.55,1962.10,1979.00,1974.55,,1962.47,,,1044,2060734.00,206,F1,1,,,,,
2026-09-04,2026-09-04,CM,BSE,STK,506079,INE651C01018,LAKPRE,Z,,,,,LAKSHMI PRECISION SCREWS LTD.,4.90,5.39,4.90,5.39,5.39,5.14,,5.20,,,23233,124357.00,40,F1,1,,,,,
2026-09-04,2026-09-04,CM,BSE,STK,506105,INE441L01015,STANROS,X,,,,,STANROSE MAFATLAL INVESTMENTS,78.30,78.30,68.10,70.00,70.00,73.39,,70.00,,,29,2010.00,11,F1,1,,,,,
2026-09-04,2026-09-04,CM,BSE,STK,506109,INE727B01026,GENESYS,B,,,,,GENESYS INTERNATIONAL CORPORAT,221.00,233.45,221.00,230.35,230.35,222.90,,230.85,,,47839,10939768.00,680,F1,1,,,,,
2026-09-04,2026-09-04,CM,BSE,STK,506122,INE820M01018,VOLKAI,XT,,,,,Kairosoft AI Solutions Limited,168.05,176.50,167.10,167.10,167.10,175.85,,167.10,,,8850,1481760.00,120,F1,1,,,,,
2026-09-04,2026-09-04,CM,BSE,STK,506128,INE383L01019,PARNAXLAB,B,,,,,PARNAX LAB LTD.,134.35,139.15,129.00,130.85,130.85,134.35,,130.85,,,4973,654727.00,82,F1,1,,,,,
2026-09-04,2026-09-04,CM,BSE,STK,506134,INE512D01028,GOURMET,XT,,,,,GOURMET GATEWAY INDIA LIMITED,12.17,12.17,12.17,12.17,12.17,11.94,,12.17,,,47464,577636.00,29,F1,1,,,,,
2026-09-04,2026-09-04,CM,BSE,STK,506146,INE370E01029,VIVIDHA,B,,,,,VISAGAR POLYTEX LTD.,0.50,0.53,0.50,0.53,0.53,0.51,,0.52,,,41853,21549.00,62,F1,1,,,,,
2026-09-04,2026-09-04,CM,BSE,STK,506166,INE070K01014,APIS,B,,,,,APIS INDIA LTD.,51.77,54.45,51.77,52.72,53.00,54.00,,52.72,,,5207,275038.00,87,F1,1,,,,,
2026-09-04,2026-09-04,CM,BSE,STK,506184,INE879E01037,KANANIIND,B,,,,,KANANI INDUSTRIES LTD.,1.54,1.55,1.49,1.53,1.53,1.51,,1.52,,,7298,11063.00,40,F1,1,,,,,
2026-09-04,2026-09-04,CM,BSE,STK,506186,INE403B01016,GSLTD,X,,,,,GALAXY SUPERMARKET LIMITED,18.85,18.90,17.50,17.63,18.84,18.42,,17.63,,,16561,294060.00,44,F1,1,,,,,
2026-09-04,2026-09-04,CM,BSE,STK,506194,INE643K01018,ARIHANTSUP,B,,,,,ARIHANT SUPERSTRUCTURES LIMITE,238.80,239.95,226.10,230.30,226.10,236.55,,229.69,,,1170,270205.00,49,F1,1,,,,,
2026-09-04,2026-09-04,CM,BSE,STK,506197,INE416D01022,BLISSGVS,T,,,,,BLISS GVS PHARMA LTD.,647.90,668.70,611.10,668.70,668.70,636.90,,670.99,,,8933,5876804.00,255,F1,1,,,,,
2026-09-04,2026-09-04,CM,BSE,STK,506222,INE189B01011,STYRENIX,B,,,,,Styrenix Performance Materials,2031.65,2060.05,2015.25,2047.65,2051.05,2009.05,,2043.30,,,2171,4422026.00,308,F1,1,,,,,
2026-09-04,2026-09-04,CM,BSE,STK,506235,INE426A01027,ALEMBICLTD,B,,,,,ALEMBIC LTD.,111.90,114.82,109.64,111.41,111.52,109.45,,111.41,,,520999,58581278.00,3032,F1,1,,,,,
2026-09-04,2026-09-04,CM,BSE,STK,506248,INE275D01022,AMNPLST,B,,,,,AMINES & PLASTICIZERS LTD.,180.00,180.00,171.90,174.00,174.00,179.05,,172.91,,,2464,428474.00,77,F1,1,,,,,
2026-09-04,2026-09-04,CM,BSE,STK,506260,INE489G01022,ANUHPHR,B,,,,,ANUH PHARMA LTD.,81.27,82.50,79.80,81.24,80.70,79.59,,81.11,,,7557,613449.00,102,F1,1,,,,,
2026-09-04,2026-09-04,CM,BSE,STK,506261,INE737D01021,MODISONLTD,B,,,,,MODISON LIMITED,475.05,493.60,469.60,469.60,469.60,494.30,,469.93,,,28692,13649945.00,881,F1,1,,,,,
2026-09-04,2026-09-04,CM,BSE,STK,506285,INE462A01022,BAYERCROP,A,,,,,BAYER CROPSCIENCE LTD.,3970.05,3998.90,3970.00,3986.75,3998.90,3955.50,,3989.85,,,264,1051101.00,87,F1,1,,,,,
2026-09-04,2026-09-04,CM,BSE,STK,506365,INE320M01019,STARSOURCE,X,,,,,STARSOURCE MULTITRADE LIMITED,77.90,84.35,77.90,79.66,80.95,80.37,,79.66,,,279,22359.00,13,F1,1,,,,,
2026-09-04,2026-09-04,CM,BSE,STK,506390,INE492A01029,SUDARCOLOR,B,,,,,Sudarshan Colorants India Limi,395.95,395.95,380.55,383.50,383.35,387.20,,383.45,,,296,115939.00,45,F1,1,,,,,
2026-09-04,2026-09-04,CM,BSE,STK,506395,INE169A01031,COROMANDEL,A,,,,,COROMANDEL INTERNATIONAL LTD.,1938.50,1946.75,1930.00,1938.00,1936.80,1930.70,,1938.79,,,2108,4085514.00,287,F1,1,,,,,
2026-09-04,2026-09-04,CM,BSE,STK,506401,INE288B01029,DEEPAKNTR,A,,,,,DEEPAK NITRITE LTD.,1727.30,1742.75,1708.00,1712.30,1722.15,1727.25,,1712.39,,,69970,120327255.00,2089,F1,1,,,,,
2026-09-04,2026-09-04,CM,BSE,STK,506405,INE505A01010,DMCC,B,,,,,DMCC SPECIALITY CHEMICALS LIMI,296.25,301.75,293.00,293.80,294.90,295.90,,293.40,,,11708,3476384.00,341,F1,1,,,,,
2026-09-04,2026-09-04,CM,BSE,STK,506414,INE225B01021,FERMENTA,B,,,,,FERMENTA BIOTECH LIMITED,502.05,506.20,494.00,498.35,498.35,502.80,,498.49,,,10287,5130953.00,443,F1,1,,,,,
2026-09-04,2026-09-04,CM,BSE,STK,506480,INE077F01035,GOCLCORP,B,,,,,GOCL Corporation Limited,424.90,431.85,423.00,427.60,427.55,423.35,,427.46,,,26384,11274116.00,847,F1,1,,,,,
2026-09-04,2026-09-04,CM,BSE,STK,506520,INE693E01016,JAYCH,X,,,,,JAYSHREE CHEMICALS LTD.,5.88,5.89,5.71,5.85,5.85,5.76,,5.85,,,11303,65098.00,60,F1,1,,,,,
2026-09-04,2026-09-04,CM,BSE,STK,506525,INE138C01024,KANORICHEM,T,,,,,KANORIA CHEMICALS & INDUSTRIES,155.90,158.30,152.55,158.20,158.20,156.00,,155.56,,,3437,534928.00,47,F1,1,,,,,
2026-09-04,2026-09-04,CM,BSE,STK,506528,INE881E01017,KELENRG,XT,,,,,KELTECH ENERGIES LTD.,12540.40,12540.40,12540.40,12540.40,12540.40,12796.30,,12540.40,,,706,8853522.00,30,F1,1,,,,,
2026-09-04,2026-09-04,CM,BSE,STK,506532,INE265B01019,NITTAGELA,B,,,,,NITTA GELATIN INDIA LTD.,1649.00,1650.75,1612.90,1645.15,1633.00,1613.25,,1633.84,,,469,766320.00,107,F1,1,,,,,
2026-09-04,2026-09-04,CM,BSE,STK,506579,INE321D01016,AGVENTURES,X,,,,,AG VENTURES LIMITED,130.55,134.80,129.00,131.25,129.05,130.55,,131.25,,,7418,978003.00,133,F1,1,,,,,
2026-09-04,2026-09-04,CM,BSE,STK,506590,INE602A01031,PCBL,A,,,,,PCBL Chemical Limited,315.10,318.45,314.95,317.15,317.15,314.30,,317.01,,,51455,16277598.00,1259,F1,1,,,,,
2026-09-04,2026-09-04,CM,BSE,STK,506597,INE841D01013,AMAL,B,,,,,AMAL LTD.,748.00,755.00,737.05,745.60,755.00,750.85,,743.70,,,4553,3383634.00,274,F1,1,,,,,
2026-09-04,2026-09-04,CM,BSE,STK,506605,INE752B01024,POLYCHEM,X,,,,,POLYCHEM LTD.,2020.00,2020.00,1897.00,1944.70,1950.00,1921.60,,1944.70,,,19,36850.00,10,F1,1,,,,,
2026-09-04,2026-09-04,CM,BSE,STK,506618,INE277B01014,PUNJABCHEM,B,,,,,PUNJAB CHEMICALS AND CROP PROT,1096.60,1113.15,1092.45,1112.00,1112.00,1090.00,,1100.30,,,139,153621.00,13,F1,1,,,,,
2026-09-04,2026-09-04,CM,BSE,STK,506640,INE218N01021,ZR2,X,,,,,ZR2 BIOENERGY LIMITED,114.75,114.75,114.00,114.55,114.55,112.50,,114.55,,,115,13145.00,4,F1,1,,,,,
2026-09-04,2026-09-04,CM,BSE,STK,506642,INE888C01040,SADHNANIQ,T,,,,,SADHANA NITROCHEM LTD.,2.70,2.70,2.70,2.70,2.70,2.65,,2.70,,,242497,654741.00,37,F1,1,,,,,
2026-09-04,2026-09-04,CM,BSE,STK,506655,INE659A01023,SUDARSCHEM,A,,,,,SUDARSHAN CHEMICAL INDUSTRIES,1242.00,1249.30,1220.00,1224.10,1224.10,1249.00,,1222.85,,,10174,12526922.00,494,F1,1,,,,,
2026-09-04,2026-09-04,CM,BSE,STK,506680,INE014B01011,TECILCHEM,B,,,,,TECIL CHEMICALS & HYDRO POWER,10.48,10.48,9.55,9.76,9.64,10.49,,9.73,,,4143,40478.00,44,F1,1,,,,,
2026-09-04,2026-09-04,CM,BSE,STK,506685,INE405A01021,ULTRAMAR,B,,,,,ULTRAMARINE & PIGMENTS LTD.,437.30,447.00,436.65,436.70,436.70,434.90,,437.12,,,5824,2573908.00,184,F1,1,,,,,
2026-09-04,2026-09-04,CM,BSE,STK,506687,INE687A01016,TRANSPEK,T,,,,,TRANSPEK INDUSTRY LTD.,1436.55,1436.55,1400.00,1403.50,1400.00,1368.15,,1445.17,,,473,675643.00,44,F1,1,,,,,
2026-09-04,2026-09-04,CM,BSE,STK,506690,INE351A01035,UNICHEMLAB,B,,,,,UNICHEM LABORATORIES LTD.,548.10,555.45,547.65,550.90,550.85,547.50,,550.20,,,1320,727798.00,82,F1,1,,,,,
2026-09-04,2026-09-04,CM,BSE,STK,506734,INE741A01011,MYSORPETRO,T,,,,,MYSORE PETRO CHEMICALS LTD.,123.85,130.00,123.85,129.90,129.90,123.85,,127.12,,,453,56817.00,13,F1,1,,,,,
2026-09-04,2026-09-04,CM,BSE,STK,506767,INE150B01039,ALKYLAMINE,A,,,,,ALKYL AMINES CHEMICALS LTD.,2034.15,2065.00,1986.15,2020.50,2025.00,2002.40,,2020.89,,,8148,16594688.00,581,F1,1,,,,,
2026-09-04,2026-09-04,CM,BSE,STK,506808,INE400A01014,TUTIALKA,B,,,,,TUTICORIN ALKALI CHEMICALS AND,60.25,62.74,59.33,60.40,60.38,61.50,,60.36,,,5652,340381.00,93,F1,1,,,,,
2026-09-04,2026-09-04,CM,BSE,STK,506820,INE203A01020,ASTRAZEN,A,,,,,ASTRAZENECA PHARMA INDIA LTD.,6940.00,7060.00,6901.20,6930.80,6915.00,6946.95,,6942.47,,,784,5469884.00,229,F1,1,,,,,
2026-09-04,2026-09-04,CM,BSE,STK,506852,INE607A01022,PRIMO,B,,,,,Primo Chemicals Limited,21.04,21.87,20.60,21.46,21.45,21.05,,21.27,,,8632,183160.00,285,F1,1,,,,,
2026-09-04,2026-09-04,CM,BSE,STK,506854,INE639B01023,TANFACIND,B,,,,,TANFAC INDUSTRIES LTD.,3075.00,3288.50,3073.95,3231.60,3231.60,3056.30,,3231.60,,,15025,47426048.00,1778,F1,1,,,,,
2026-09-04,2026-09-04,CM,BSE,STK,506858,INE636P01011,GUJPETR,X,,,,,GUJARAT PETROSYNTHESE LTD.,54.98,54.98,54.79,54.79,54.79,52.11,,54.79,,,425,23323.00,7,F1,1,,,,,
2026-09-04,2026-09-04,CM,BSE,STK,506863,INE716M01034,SWADEIN,X,,,,,SWADESHI INDUSTRIES LEASING CO,68.59,78.28,68.59,75.31,72.56,74.70,,75.31,,,3827,287374.00,76,F1,1,,,,,
2026-09-04,2026-09-04,CM,BSE,STK,506879,INE942C01045,GUJTHEM,B,,,,,GUJARAT THEMIS BIOSYN LTD.,432.40,432.80,408.90,411.75,411.75,425.00,,411.37,,,29988,12502153.00,1127,F1,1,,,,,
2026-09-04,2026-09-04,CM,BSE,STK,506919,INE987A01010,MAKERSL,B,,,,,MAKERS LABORATORIES LTD.,217.50,217.50,188.05,190.80,188.05,199.60,,190.03,,,512,100110.00,186,F1,1,,,,,
2026-09-04,2026-09-04,CM,BSE,STK,506935,INE423K01015,CONTCHM,X,,,,,CONTINENTAL CHEMICALS LTD.,54.93,59.90,54.92,59.90,59.90,57.81,,59.90,,,391,21635.00,10,F1,1,,,,,
2026-09-04,2026-09-04,CM,BSE,STK,506947,INE334N01018,ADVPETR-B,XT,,,,,ADVANCE PETROCHEMICALS LTD.,374.60,374.60,374.60,374.60,374.60,356.80,,374.60,,,11,4120.00,2,F1,1,,,,,
2026-09-04,2026-09-04,CM,BSE,STK,506975,INE374C01017,RAJSPTR,P,,,,,RAJASTHAN PETRO SYNTHETICS LTD,11.55,11.55,10.80,10.80,10.80,11.00,,10.80,,,1700,19560.00,2,F1,100,,,,,
2026-09-04,2026-09-04,CM,BSE,STK,506979,INE046E01025,APTPACK,X,,,,,APT PACKAGING LTD.,70.00,72.41,67.45,69.29,72.20,70.99,,69.29,,,1786,123565.00,21,F1,1,,,,,
2026-09-04,2026-09-04,CM,BSE,STK,506981,INE472D01017,BLUECHIPT,X,,,,,BLUE CHIP TEX INDUSTRIES LTD.,115.00,121.50,115.00,121.50,121.50,110.10,,121.50,,,31,3704.00,7,F1,1,,,,,
2026-09-04,2026-09-04,CM,BSE,STK,507155,INE574A01016,JAGAJITIND,X,,,,,JAGATJIT INDUSTRIES LTD.,160.00,163.50,158.50,160.05,161.50,161.70,,160.05,,,13601,2181828.00,116,F1,1,,,,,
2026-09-04,2026-09-04,CM,BSE,STK,507180,INE133B01027,KESARENT,XT,,,,,KESAR ENTERPRISES LTD.,9.99,10.44,9.50,9.71,9.70,10.00,,9.71,,,172712,1658388.00,121,F1,1,,,,,
2026-09-04,2026-09-04,CM,BSE,STK,507205,INE133E01013,TI,A,,,,,TILAKNAGAR INDUSTRIES LTD.,542.00,542.00,520.25,535.05,535.00,543.45,,535.10,,,39042,20737122.00,1051,F1,1,,,,,
2026-09-04,2026-09-04,CM,BSE,STK,507265,INE044N01021,EMERALL,XT,,,,,Emerald Leisures Limited,288.15,301.80,288.15,290.30,290.00,303.30,,290.30,,,454,134788.00,13,F1,1,,,,,
2026-09-04,2026-09-04,CM,BSE,STK,507300,INE615A01025,RAVALSUGAR,X,,,,,The Ravalgaon Sugar Farm Limit,950.00,950.00,921.00,950.00,950.00,950.00,,950.00,,,130,123069.00,14,F1,1,,,,,
2026-09-04,2026-09-04,CM,BSE,STK,507315,INE623A01011,SAKHTISUG,B,,,,,SAKTHI SUGARS LTD.,20.42,20.42,19.61,19.71,19.72,20.42,,19.78,,,6589,130030.00,62,F1,1,,,,,
2026-09-04,2026-09-04,CM,BSE,STK,507410,INE711A01022,WALCHANNAG,B,,,,,WALCHANDNAGAR INDUSTRIES LTD.,205.55,212.00,205.55,208.70,209.10,206.30,,208.63,,,58062,12144031.00,709,F1,1,,,,,
2026-09-04,2026-09-04,CM,BSE,STK,507438,INE076C01018,IFBAGRO,B,,,,,IFB AGRO INDUSTRIES LTD.,875.95,918.00,875.95,903.85,913.00,893.80,,903.39,,,524,471268.00,54,F1,1,,,,,
2026-09-04,2026-09-04,CM,BSE,STK,507474,INE991B01010,KFBL,X,,,,,KOTHARI FERMENTATION & BIOCHEM,42.53,43.90,41.51,42.19,42.50,43.20,,42.19,,,8734,369149.00,66,F1,1,,,,,
2026-09-04,2026-09-04,CM,BSE,STK,507486,INE470N01010,CAPRO,X,,,,,CAPROLACTAM CHEMICALS LTD.,47.90,47.90,45.80,47.90,47.90,47.94,,47.90,,,46,2136.00,4,F1,1,,,,,
2026-09-04,2026-09-04,CM,BSE,STK,507488,INE075D01018,GMBREW,B,,,,,G.M.BREWERIES LTD.,919.95,925.00,910.50,919.65,919.00,909.40,,919.84,,,2554,2346960.00,241,F1,1,,,,,
2026-09-04,2026-09-04,CM,BSE,STK,507490,INE625B01014,RANASUG,B,,,,,RANA SUGARS LTD.,15.16,15.30,14.71,14.87,14.85,15.16,,14.80,,,22102,328528.00,127,F1,1,,,,,
2026-09-04,2026-09-04,CM,BSE,STK,507498,INE544C01023,PICCASUG,X,,,,,PICCADILY SUGAR & ALLIED INDUS,37.60,37.90,35.03,36.30,36.70,37.54,,36.30,,,2873,103860.00,70,F1,1,,,,,
2026-09-04,2026-09-04,CM,BSE,STK,507514,INE480C01038,SDBL,B,,,,,SOM DISTILLERIES & BREWERIES L,73.42,74.50,72.18,74.09,73.94,72.33,,74.00,,,23050,1697081.00,265,F1,1,,,,,
2026-09-04,2026-09-04,CM,BSE,STK,507515,INE557D01015,CJGEL,X,,,,,C.J.GELATINE PRODUCTS LTD.,28.11,28.11,25.50,27.09,27.59,26.80,,27.09,,,6672,179058.00,49,F1,1,,,,,
2026-09-04,2026-09-04,CM,BSE,STK,507526,INE073G01016,ASALCBR,B,,,,,ASSOCIATED ALCOHOLS & BREWERIE,696.00,710.70,696.00,705.75,710.50,696.90,,706.23,,,2582,1815946.00,194,F1,1,,,,,
2026-09-04,2026-09-04,CM,BSE,STK,507552,INE976E01023,FOODSIN,B,,,,,FOODS & INNS LTD.,56.64,57.80,55.15,57.25,57.80,55.56,,57.37,,,8107,456581.00,111,F1,1,,,,,
2026-09-04,2026-09-04,CM,BSE,STK,507580,INE043C01018,IVP,T,,,,,IVP LTD.,208.00,211.90,199.70,202.40,202.40,207.00,,203.34,,,1682,343577.00,46,F1,1,,,,,
2026-09-04,2026-09-04,CM,BSE,STK,507598,INE014E01015,KLRFM,X,,,,,KOVILPATTI LAKSHMI ROLLER FLOU,89.50,89.90,85.61,87.15,87.89,89.50,,87.15,,,3212,278381.00,55,F1,1,,,,,
2026-09-04,2026-09-04,CM,BSE,STK,507609,INE286E01019,OLYOI,X,,,,,OLYMPIC OIL INDUSTRIES LTD.,25.43,25.43,25.43,25.43,25.43,24.22,,25.43,,,61,1551.00,6,F1,1,,,,,
2026-09-04,2026-09-04,CM,BSE,STK,507621,INE588G01021,MLKFOOD,B,,,,,MILKFOOD LTD.,84.95,85.00,83.50,85.00,85.00,83.00,,83.63,,,1971,167191.00,36,F1,1,,,,,
2026-09-04,2026-09-04,CM,BSE,STK,507645,INE339F01021,POLSON,X,,,,,POLSON LTD.,11222.00,11500.00,10910.70,11500.00,11500.00,11484.90,,11500.00,,,47,535013.00,19,F1,1,,,,,
2026-09-04,2026-09-04,CM,BSE,STK,507685,INE075A01022,WIPRO,A,,,,,WIPRO LTD.,176.60,178.75,176.55,176.80,176.80,176.60,,176.41,,,878768,156299510.00,8121,F1,1,,,,,
2026-09-04,2026-09-04,CM,BSE,STK,507690,INE247F01018,ORIBEVER,X,,,,,ORIENT BEVERAGES LTD.,173.00,176.95,171.25,172.10,172.10,172.55,,172.10,,,655,113041.00,37,F1,1,,,,,
2026-09-04,2026-09-04,CM,BSE,STK,507717,INE435G01025,DHANUKA,B,,,,,DHANUKA AGRITECH LTD.,1001.10,1012.10,998.70,1010.50,1011.50,1006.75,,1010.65,,,322,323310.00,45,F1,1,,,,,
2026-09-04,2026-09-04,CM,BSE,STK,507747,INE910C01018,TTKHLTCARE,B,,,,,TTK HEALTHCARE LTD.,1106.00,1112.25,1089.95,1100.45,1089.95,1104.30,,1100.20,,,717,787602.00,128,F1,1,,,,,
2026-09-04,2026-09-04,CM,BSE,STK,507753,INE284B01028,TGVSL,B,,,,,TGV SRAAC Limited,109.55,114.00,109.30,110.10,109.35,108.75,,110.02,,,339879,37863231.00,4755,F1,1,,,,,
2026-09-04,2026-09-04,CM,BSE,STK,507759,INE891G01011,LIMECHM,X,,,,,LIME CHEMICALS LTD.,15.00,15.68,14.95,14.95,14.95,14.95,,14.95,,,2671,40837.00,14,F1,1,,,,,
2026-09-04,2026-09-04,CM,BSE,STK,507779,INE694E01014,KANPRPLA,B,,,,,KANPUR PLASTIPACK LTD.,258.65,258.65,250.00,250.15,250.15,256.30,,250.20,,,830,209718.00,30,F1,1,,,,,
2026-09-04,2026-09-04,CM,BSE,STK,507785,INE123C01018,TAINWALCHM,B,,,,,TAINWALA CHEMICALS & PLASTICS,205.05,215.05,205.05,215.05,215.05,207.85,,213.71,,,91,19083.00,5,F1,1,,,,,
2026-09-04,2026-09-04,CM,BSE,STK,507789,INE048B01035,JAGSNPHARM,B,,,,,JAGSONPAL PHARMACEUTICALS LTD.,242.90,243.00,238.60,241.00,242.00,242.60,,241.97,,,6994,1683799.00,207,F1,1,,,,,
2026-09-04,2026-09-04,CM,BSE,STK,507794,INE745B01028,KHAICHEM,B,,,,,KHAITAN CHEMICALS & FERTILIZER,55.39,55.60,54.39,54.92,54.90,54.82,,54.87,,,8156,447919.00,173,F1,1,,,,,
2026-09-04,2026-09-04,CM,BSE,STK,507813,INE296D01010,NOL,X,,,,,NATIONAL OXYGEN LTD.,61.10,61.10,58.99,59.10,59.10,57.16,,59.10,,,670,40222.00,17,F1,1,,,,,
2026-09-04,2026-09-04,CM,BSE,STK,507815,INE322A01010,GILLETTE,A,,,,,GILLETTE INDIA LTD.,7320.00,7369.95,7300.00,7311.25,7311.25,7343.70,,7312.32,,,1055,7726700.00,364,F1,1,,,,,
2026-09-04,2026-09-04,CM,BSE,STK,507817,INE469D01013,WIREFABR,X,,,,,WIRES & FABRIKS (SA) LTD.,165.00,165.00,157.00,162.00,162.00,165.00,,162.00,,,54,8544.00,16,F1,1,,,,,
2026-09-04,2026-09-04,CM,BSE,STK,507828,INE880B01015,ANSALHSG,X,,,,,ANSAL HOUSING LIMITED,5.35,5.35,4.96,5.21,5.20,5.16,,5.21,,,143245,723302.00,170,F1,1,,,,,
2026-09-04,2026-09-04,CM,BSE,STK,507833,INE607B01012,COMPUPN,X,,,,,COMPUTER POINT LTD.,3.60,3.60,3.36,3.49,3.49,3.48,,3.49,,,11885,41460.00,71,F1,1,,,,,
2026-09-04,2026-09-04,CM,BSE,STK,507836,INE435D01014,MCCHRLS-B,B,,,,,MAC CHARLES (INDIA) LTD.,675.00,679.85,660.00,679.85,679.85,674.90,,673.94,,,53,35657.00,16,F1,1,,,,,
2026-09-04,2026-09-04,CM,BSE,STK,507852,INE757C01021,ADDIND,B,,,,,ADDI INDUSTRIES LTD.,82.00,82.00,79.50,80.82,81.88,75.90,,79.38,,,2017,161970.00,14,F1,1,,,,,
2026-09-04,2026-09-04,CM,BSE,STK,507864,INE746D01014,PIONRINV,T,,,,,PIONEER INVESTCORP LTD.,83.99,83.99,79.80,79.80,79.80,83.99,,79.80,,,664,53089.00,11,F1,1,,,,,
2026-09-04,2026-09-04,CM,BSE,STK,507872,INE372I01018,ASHNOOR,X,,,,,ASHNOOR TEXTILE MILLS LTD.,49.49,49.49,47.00,48.40,48.40,47.47,,48.40,,,1358,63906.00,11,F1,1,,,,,
2026-09-04,2026-09-04,CM,BSE,STK,507878,INE694A01020,UNITECH,B,,,,,UNITECH LTD.,3.72,4.09,3.71,4.09,4.09,3.72,,4.08,,,4501272,18174892.00,1002,F1,1,,,,,
2026-09-04,2026-09-04,CM,BSE,STK,507880,INE054A01027,VIPIND,A,,,,,V.I.P.INDUSTRIES LTD.,310.65,317.90,309.10,314.20,314.20,310.95,,314.06,,,22060,6921868.00,753,F1,1,,,,,
2026-09-04,2026-09-04,CM,BSE,STK,507910,INE296C01020,FIBERWEB,B,,,,,FIBERWEB (INDIA) LTD.,26.15,26.15,25.37,26.00,26.00,25.90,,25.75,,,364,9353.00,9,F1,1,,,,,
2026-09-04,2026-09-04,CM,BSE,STK,507912,INE724A01017,GYFTR,B,,,,,GYFTR LIMITED,181.70,185.00,180.20,183.80,182.65,179.95,,182.58,,,3149,577904.00,90,F1,1,,,,,
2026-09-04,2026-09-04,CM,BSE,STK,507917,INE706N01017,EASTBUILD,XT,,,,,EAST BUILDTECH LTD.,61.25,61.25,61.25,61.25,61.25,62.50,,61.25,,,1,61.00,1,F1,1,,,,,
2026-09-04,2026-09-04,CM,BSE,STK,507944,INE704G01024,BAJAJST,B,,,,,BAJAJ STEEL INDUSTRIES LTD.,350.00,368.50,350.00,362.10,364.45,362.30,,362.66,,,2377,867655.00,311,F1,1,,,,,
2026-09-04,2026-09-04,CM,BSE,STK,507946,INE845A01028,KIDUJA,X,,,,,KIDUJA INDIA LTD.,19.01,19.15,19.01,19.02,19.01,19.83,,19.02,,,3016,57354.00,9,F1,1,,,,,
2026-09-04,2026-09-04,CM,BSE,STK,507948,INE130F01016,KEYCORP,X,,,,,KEY CORP LTD.,75.44,75.44,73.20,74.00,74.00,73.20,,74.00,,,92,6833.00,6,F1,1,,,,,
2026-09-04,2026-09-04,CM,BSE,STK,507960,INE621C01011,GUJHOTE,X,,,,,GUJARAT HOTELS LTD.,184.95,185.00,179.30,185.00,185.00,185.50,,185.00,,,389,71077.00,19,F1,1,,,,,
2026-09-04,2026-09-04,CM,BSE,STK,507962,INE455H01021,FYNX,XT,,,,,FYNX CAPITAL LIMITED,6.05,6.30,6.05,6.05,6.05,6.30,,6.05,,,23613,143825.00,41,F1,1,,,,,
2026-09-04,2026-09-04,CM,BSE,STK,507966,INE651D01016,RASRESOR,X,,,,,RAS RESORTS & APART HOTELS LTD,54.00,54.76,54.00,54.75,54.75,56.49,,54.75,,,465,25452.00,12,F1,1,,,,,
2026-09-04,2026-09-04,CM,BSE,STK,507968,INE289M01016,JOLYPLS,XT,,,,,JOLLY PLASTIC INDUSTRIES LTD.,44.45,44.45,43.30,43.30,43.30,45.50,,43.30,,,102,4417.00,4,F1,1,,,,,
2026-09-04,2026-09-04,CM,BSE,STK,507970,INE143I01013,PARMCOS-B,X,,,,,PARAMOUNT COSMETICS (INDIA) LT,39.49,40.74,37.52,40.50,40.50,39.49,,40.50,,,335,12607.00,9,F1,1,,,,,
2026-09-04,2026-09-04,CM,BSE,STK,507981,INE726D01016,JINDHOT,X,,,,,JINDAL HOTELS LTD.,65.00,67.90,65.00,66.84,66.60,65.03,,66.84,,,1242,82441.00,37,F1,1,,,,,
2026-09-04,2026-09-04,CM,BSE,STK,507998,INE657D01021,SIMMOND,X,,,,,SIMMONDS MARSHALL LTD.,242.00,262.00,241.20,260.00,261.95,239.85,,260.00,,,83489,21353937.00,590,F1,1,,,,,
2026-09-04,2026-09-04,CM,BSE,STK,508486,INE979B01015,HAWKINCOOK,B,,,,,HAWKINS COOKERS LTD.,8354.00,8421.50,8218.15,8413.35,8413.35,8324.25,,8407.14,,,179,1491237.00,81,F1,1,,,,,
2026-09-04,2026-09-04,CM,BSE,STK,508494,INE712A01012,WARRENTEA,X,,,,,WARREN TEA LTD.,46.00,47.15,45.55,45.90,45.90,46.10,,45.90,,,998,45793.00,15,F1,1,,,,,
2026-09-04,2026-09-04,CM,BSE,STK,508571,INE788M01017,COCHMAL,X,,,,,COCHIN MALABAR ESTATES & INDUS,149.00,149.00,135.00,142.40,144.80,152.60,,142.40,,,421,57489.00,22,F1,1,,,,,
2026-09-04,2026-09-04,CM,BSE,STK,508664,INE553F01035,BESTEAST,XT,,,,,BEST EASTERN HOTELS LTD.,16.50,16.90,15.91,15.92,15.91,16.50,,15.92,,,430,6876.00,11,F1,1,,,,,
2026-09-04,2026-09-04,CM,BSE,STK,508807,INE684B01029,ISTLTD,B,,,,,IST LTD.,698.95,698.95,646.00,646.00,646.00,656.90,,654.55,,,67,44014.00,3,F1,1,,,,,
2026-09-04,2026-09-04,CM,BSE,STK,508814,INE757A01017,COSMOFIRST,B,,,,,Cosmo First Limited,950.30,950.30,915.65,921.10,918.30,939.35,,919.89,,,3341,3093092.00,348,F1,1,,,,,
2026-09-04,2026-09-04,CM,BSE,STK,508869,INE437A01024,APOLLOHOSP,A,,,,,APOLLO HOSPITALS ENTERPRISE LT,8682.05,8740.25,8642.00,8670.00,8670.00,8784.00,,8650.02,,,16101,139692114.00,2059,F1,1,,,,,
2026-09-04,2026-09-04,CM,BSE,STK,508875,INE861H01020,NITINCAST,X,,,,,Nitin Castings Limited,393.50,393.90,381.00,393.90,393.90,375.15,,393.90,,,1438,561533.00,99,F1,1,,,,,
2026-09-04,2026-09-04,CM,BSE,STK,508905,INE641A01013,NEXOME,XT,,,,,NEXOME CAPITAL MARKETS LIMITED,109.90,109.90,105.95,105.95,105.95,104.95,,105.95,,,22,2400.00,5,F1,1,,,,,
2026-09-04,2026-09-04,CM,BSE,STK,508906,INE295A01018,EVERESTIND,T,,,,,EVEREST INDUSTRIES LTD.,428.40,433.40,418.25,433.40,433.40,424.85,,423.91,,,42,17987.00,7,F1,1,,,,,
2026-09-04,2026-09-04,CM,BSE,STK,508918,INE791H01011,IRONWOOD,X,,,,,IRONWOOD EDUCATION LIMITED,49.99,49.99,48.06,49.10,49.10,49.05,,49.10,,,3279,160382.00,17,F1,1,,,,,
2026-09-04,2026-09-04,CM,BSE,STK,508933,INE193B01039,AYMSYNTEX,B,,,,,AYM Syntex Limited,310.20,322.00,303.80,311.50,312.90,318.40,,310.77,,,13676,4285965.00,438,F1,1,,,,,
2026-09-04,2026-09-04,CM,BSE,STK,508941,INE013E01017,PANCARBON,X,,,,,PANASONIC CARBON INDIA CO.LTD.,427.25,434.90,427.25,429.35,432.95,429.05,,429.35,,,1010,434531.00,65,F1,1,,,,,
2026-09-04,2026-09-04,CM,BSE,STK,508954,INE734I01027,FINKURVE,B,,,,,FINKURVE FINANCIAL SERVICES LT,68.36,74.40,68.36,73.38,71.55,70.52,,72.37,,,7136,521201.00,88,F1,1,,,,,
2026-09-04,2026-09-04,CM,BSE,STK,508956,INE549B01016,HBLEAS,X,,,,,HB LEASING & FINANCE CO.LTD.,10.25,10.44,10.01,10.44,10.44,10.20,,10.44,,,2287,23680.00,18,F1,1,,,,,
2026-09-04,2026-09-04,CM,BSE,STK,508961,INE753D01010,SHRICON,XT,,,,,SHRICON INDUSTRIES LTD.,199.80,205.00,199.80,205.00,205.00,199.80,,205.00,,,4,804.00,3,F1,1,,,,,
2026-09-04,2026-09-04,CM,BSE,STK,508963,INE668Y01024,TRUSTWAVE,XT,,,,,TRUSTWAVE SECURITIES LIMITED,139.76,139.76,139.76,139.76,139.76,133.11,,139.76,,,100,13976.00,1,F1,1,,,,,
2026-09-04,2026-09-04,CM,BSE,STK,508969,INE673M01029,SULABEN,X,,,,,SULABH ENGINEERS & SERVICES LT,2.49,2.50,2.41,2.48,2.43,2.45,,2.48,,,25450,63220.00,59,F1,1,,,,,
2026-09-04,2026-09-04,CM,BSE,STK,508980,INE977E01013,FRONTCAP,X,,,,,FRONTIER CAPITAL LIMITED,10.67,11.00,10.14,10.28,10.25,10.67,,10.28,,,13887,142296.00,23,F1,1,,,,,
2026-09-04,2026-09-04,CM,BSE,STK,508989,INE060A01024,NAVNETEDUL,B,,,,,NAVNEET EDUCATION LIMITED,132.35,132.85,131.00,131.45,131.00,131.95,,131.21,,,1795,236805.00,97,F1,1,,,,,
2026-09-04,2026-09-04,CM,BSE,STK,509009,INE218C01016,AUSOMENT,B,,,,,AUSOM ENTERPRISE LIMITED,158.90,165.50,156.00,162.40,164.00,159.00,,161.80,,,1544,249020.00,35,F1,1,,,,,
2026-09-04,2026-09-04,CM,BSE,STK,509020,INE413B01023,RUCHINFRA,B,,,,,RUCHI INFRASTRUCTURE LTD.,5.87,6.15,5.71,5.77,5.75,5.93,,5.81,,,43964,257740.00,182,F1,1,,,,,
2026-09-04,2026-09-04,CM,BSE,STK,509024,INE088E01019,GOLDLEG,X,,,,,GOLDEN LEGAND LEASING & FINANC,8.50,8.50,7.96,8.11,8.11,7.96,,8.11,,,22575,183389.00,62,F1,1,,,,,
2026-09-04,2026-09-04,CM,BSE,STK,509026,INE117F01013,VJTFEDU,X,,,,,VJTF EDUSERVICES LTD.,67.33,77.80,61.15,75.90,75.90,67.66,,75.90,,,928,60339.00,18,F1,1,,,,,
2026-09-04,2026-09-04,CM,BSE,STK,509040,INE040F01033,NETLINK,X,,,,,NETLINK SOLUTIONS (INDIA) LTD.,163.10,171.00,159.00,161.20,165.00,163.10,,161.20,,,1471,236543.00,49,F1,1,,,,,
2026-09-04,2026-09-04,CM,BSE,STK,509046,INE778N01016,TRILIANCE,X,,,,,TRILIANCE POLYMERS LIMITED,46.00,46.00,45.18,45.18,45.18,45.18,,45.18,,,39,1793.00,2,F1,1,,,,,
2026-09-04,2026-09-04,CM,BSE,STK,509048,INE572G01025,LANCORHOL,B,,,,,LANCOR HOLDINGS LTD.,35.13,40.94,34.50,40.37,40.31,34.71,,40.35,,,134871,5235571.00,1470,F1,1,,,,,
2026-09-04,2026-09-04,CM,BSE,STK,509051,INE300B01022,INDINFO,X,,,,,INDIAN INFOTECH & SOFTWARE LTD,0.54,0.56,0.54,0.55,0.55,0.54,,0.55,,,2720806,1492112.00,663,F1,1,,,,,
2026-09-04,2026-09-04,CM,BSE,STK,509053,INE521L01030,BANASFN,X,,,,,BANAS FINANCE LTD.,7.68,7.68,7.10,7.14,7.21,7.30,,7.14,,,21607,155778.00,89,F1,1,,,,,
2026-09-04,2026-09-04,CM,BSE,STK,509055,INE392A01021,VISAKAIND,B,,,,,VISAKA INDUSTRIES LTD.,92.00,95.60,90.34,93.12,93.00,90.38,,93.36,,,22282,2054278.00,311,F1,1,,,,,
2026-09-04,2026-09-04,CM,BSE,STK,509069,INE669A01022,INFOMEDIA,B,,,,,INFOMEDIA PRESS LTD.,5.28,5.28,5.28,5.28,5.28,5.25,,5.35,,,25,132.00,2,F1,1,,,,,
2026-09-04,2026-09-04,CM,BSE,STK,509073,INE525B01016,HATHWAYB,X,,,,,HATHWAY BHAWANI CABLETEL & DAT,11.02,11.02,11.02,11.02,11.02,11.40,,11.02,,,4,44.00,2,F1,1,,,,,
2026-09-04,2026-09-04,CM,BSE,STK,509079,INE742B01025,GUFICBIO,B,,,,,GUFIC BIOSCIENCES LTD.,437.70,447.45,437.60,445.40,441.90,440.25,,444.93,,,8166,3613951.00,307,F1,1,,,,,
2026-09-04,2026-09-04,CM,BSE,STK,509152,INE137I01015,GRPLTD,B,,,,,GRP LTD.,1990.00,2005.10,1990.00,1997.25,1997.25,1965.25,,2013.00,,,311,619005.00,9,F1,1,,,,,
2026-09-04,2026-09-04,CM,BSE,STK,509162,INE802D01023,INDAG,X,,,,,INDAG RUBBER LTD.,133.25,133.25,130.60,133.25,133.25,126.95,,133.25,,,39175,5218011.00,184,F1,1,,,,,
2026-09-04,2026-09-04,CM,BSE,STK,509196,INE159E01026,MMRUBBR-B,X,,,,,MM RUBBER COMPANY LTD.,56.00,59.00,55.73,57.17,55.73,58.00,,57.17,,,2065,116421.00,27,F1,1,,,,,
2026-09-04,2026-09-04,CM,BSE,STK,509220,INE034D01049,PTL,B,,,,,PTL ENTERPRISES LTD.,38.99,39.06,38.40,38.44,38.40,37.90,,38.72,,,2719,104858.00,56,F1,1,,,,,
2026-09-04,2026-09-04,CM,BSE,STK,509243,INE421C01016,TVSSRICHAK,B,,,,,TVS SRICHAKRA LTD.,5320.00,5395.50,5220.00,5235.15,5235.50,5248.05,,5237.43,,,518,2748772.00,158,F1,1,,,,,
2026-09-04,2026-09-04,CM,BSE,STK,509423,INE367E01033,SEL,X,,,,,SANATHNAGAR ENTERPRISES LIMITE,33.31,34.00,33.25,33.35,33.25,35.00,,33.35,,,1038,35047.00,15,F1,1,,,,,
2026-09-04,2026-09-04,CM,BSE,STK,509438,INE664D01019,BENARAS,B,,,,,BENARES HOTELS LTD.,10200.05,10200.05,9900.00,10200.00,10200.00,10200.00,,10200.00,,,243,2460553.00,38,F1,1,,,,,
2026-09-04,2026-09-04,CM,BSE,STK,509449,INE026I01010,BHAGWOX,X,,,,,BHAGWATI OXYGEN LTD.,33.46,38.84,33.46,37.67,38.70,35.51,,37.67,,,1621,55752.00,13,F1,1,,,,,
2026-09-04,2026-09-04,CM,BSE,STK,509470,INE01TL01014,BOMOXY-B1,X,,,,,BOMBAY OXYGEN INVESTMENTS LIMI,18750.00,18900.00,18603.00,18800.00,18800.00,18500.00,,18800.00,,,6,112564.00,6,F1,1,,,,,
2026-09-04,2026-09-04,CM,BSE,STK,509472,INE145E01017,CRAVATEX,B,,,,,CRAVATEX LTD.,323.60,359.00,323.00,337.80,328.00,339.35,,332.33,,,988,331116.00,91,F1,1,,,,,
2026-09-04,2026-09-04,CM,BSE,STK,509480,INE463A01038,BERGEPAINT,A,,,,,BERGER PAINTS INDIA LTD.,491.65,491.65,484.35,485.60,486.80,491.25,,485.31,,,9808,4783680.00,483,F1,1,,,,,
2026-09-04,2026-09-04,CM,BSE,STK,509486,INE479A01018,CAPRIHANS,XT,,,,,CAPRIHANS INDIA LTD.,110.00,112.65,110.00,112.65,112.65,107.30,,112.65,,,4138,465133.00,42,F1,1,,,,,
2026-09-04,2026-09-04,CM,BSE,STK,509488,INE371A01025,GRAPHITE,A,,,,,GRAPHITE INDIA LTD.,723.80,740.00,714.65,733.95,733.10,720.95,,733.61,,,58032,42408747.00,1723,F1,1,,,,,
2026-09-04,2026-09-04,CM,BSE,STK,509496,INE686A01026,CEMPRO,A,,,,,Cemindia Projects Limited,1314.40,1315.00,1271.00,1296.70,1291.30,1296.30,,1297.38,,,19189,24797551.00,1884,F1,1,,,,,
2026-09-04,2026-09-04,CM,BSE,STK,509525,INE515H01014,EMPIND,B,,,,,EMPIRE INDUSTRIES LTD.,1198.75,1210.90,1186.30,1195.60,1196.60,1198.70,,1195.60,,,1413,1691096.00,143,F1,1,,,,,
2026-09-04,2026-09-04,CM,BSE,STK,509546,INE214F01026,GRAVISSHO,B,,,,,GRAVISS HOSPITALITY LIMITED,29.50,29.56,29.50,29.56,29.56,28.85,,29.48,,,150,4428.00,2,F1,1,,,,,
2026-09-04,2026-09-04,CM,BSE,STK,509557,INE276A01018,GARFIBRES,A,,,,,GARWARE TECHNICAL FIBRES LIMIT,805.05,808.20,793.50,800.45,802.60,800.40,,800.55,,,1038,827796.00,112,F1,1,,,,,
2026-09-04,2026-09-04,CM,BSE,STK,509563,INE925D01014,GARWAMAR,X,,,,,GARWARE MARINE INDUSTRIES LTD.,19.02,20.40,19.02,19.27,19.79,19.39,,19.27,,,3644,70623.00,72,F1,1,,,,,
2026-09-04,2026-09-04,CM,BSE,STK,509567,INE426D01013,GOACARBON,B,,,,,GOA CARBON LTD.,373.00,380.00,373.00,379.30,377.85,376.75,,378.50,,,708,267021.00,188,F1,1,,,,,
2026-09-04,2026-09-04,CM,BSE,STK,509597,INE722D01015,HARDCAS,X,,,,,HARDCASTLE & WAUD MFG.CO.LTD.,822.90,856.80,814.75,839.00,839.00,814.70,,839.00,,,94,78332.00,11,F1,1,,,,,
2026-09-04,2026-09-04,CM,BSE,STK,509631,INE545A01024,HEG,A,,,,,HEG LTD.,705.50,743.00,695.55,729.05,729.05,708.10,,728.29,,,206870,148989167.00,4629,F1,1,,,,,
2026-09-04,2026-09-04,CM,BSE,STK,509635,INE310C01029,HINDCOMPOS,B,,,,,HINDUSTAN COMPOSITES LTD.,411.00,411.00,392.30,392.45,392.45,391.25,,394.85,,,416,165276.00,42,F1,1,,,,,
2026-09-04,2026-09-04,CM,BSE,STK,509675,INE557A01011,BIRLANU,B,,,,,BIRLANU LIMITED,1450.00,1450.00,1424.00,1445.30,1445.30,1424.25,,1448.00,,,466,667846.00,30,F1,1,,,,,
2026-09-04,2026-09-04,CM,BSE,STK,509692,INE061A01014,INDIANCARD,B,,,,,INDIAN CARD CLOTHING CO.LTD.,218.40,218.40,218.40,218.40,218.40,207.35,,219.94,,,50,10920.00,2,F1,1,,,,,
2026-09-04,2026-09-04,CM,BSE,STK,509709,INE575C01027,INTLCONV,B,,,,,INTERNATIONAL CONVEYORS LTD.,80.68,83.50,78.64,81.11,81.11,79.61,,81.17,,,50180,4108966.00,299,F1,1,,,,,
2026-09-04,2026-09-04,CM,BSE,STK,509715,INE364A01020,JAYSREETEA,B,,,,,JAY SHREE TEA & INDUSTRIES LTD,99.31,101.62,97.58,99.09,99.10,99.90,,98.95,,,3612,358456.00,108,F1,1,,,,,
2026-09-04,2026-09-04,CM,BSE,STK,509732,INE972A01020,KOTIC,B,,,,,KOTHARI INDUSTRIAL CORPORATION,135.10,136.90,131.65,132.55,133.65,137.35,,132.48,,,3742,498759.00,76,F1,1,,,,,
2026-09-04,2026-09-04,CM,BSE,STK,509760,INE370A01019,MODRNSH,X,,,,,MODERN SHARES & STOCKBROKERS L,37.69,37.69,35.40,36.97,36.97,35.26,,36.97,,,128,4665.00,16,F1,1,,,,,
2026-09-04,2026-09-04,CM,BSE,STK,509762,INE848M01019,MAPROIN,XT,,,,,MAPRO INDUSTRIES LTD.,50.83,51.84,50.83,51.84,51.84,50.83,,51.84,,,6849,353184.00,11,F1,1,,,,,
2026-09-04,2026-09-04,CM,BSE,STK,509820,INE275B01026,HUHTAMAKI,B,,,,,HUHTAMAKI INDIA LIMITED,259.05,259.25,251.95,255.00,255.20,258.30,,255.00,,,17673,4515820.00,577,F1,1,,,,,
2026-09-04,2026-09-04,CM,BSE,STK,509835,INE940N01012,PREMSYN,X,,,,,PREMIER SYNTHETICS LTD.,16.73,16.73,14.13,14.48,15.91,15.69,,14.48,,,971,14304.00,16,F1,1,,,,,
2026-09-04,2026-09-04,CM,BSE,STK,509874,INE849C01026,SHALPAINTS,T,,,,,SHALIMAR PAINTS LTD.,86.16,86.17,84.56,86.02,86.17,82.07,,85.76,,,182439,15716121.00,279,F1,1,,,,,
2026-09-04,2026-09-04,CM,BSE,STK,509887,INE896E01023,SINNAR,XT,,,,,SINNAR BIDI UDYOG LTD.,694.00,695.00,668.80,668.80,668.80,704.00,,668.80,,,20,13814.00,5,F1,1,,,,,
2026-09-04,2026-09-04,CM,BSE,STK,509895,INE832D01020,HINDMILL,X,,,,,HINDOOSTAN MILLS LTD.,137.50,143.40,127.70,139.60,139.60,141.55,,139.60,,,2733,373265.00,34,F1,1,,,,,
2026-09-04,2026-09-04,CM,BSE,STK,509930,INE195A01028,SUPREMEIND,A,,,,,SUPREME INDUSTRIES LTD.,3481.15,3521.10,3450.15,3450.15,3450.15,3509.00,,3472.89,,,4492,15706740.00,571,F1,1,,,,,
2026-09-04,2026-09-04,CM,BSE,STK,509945,INE077P01034,THACKER,T,,,,,THACKER & CO.LTD.,1100.00,1100.00,1095.00,1100.00,1100.00,1112.40,,1075.00,,,98,107769.00,7,F1,1,,,,,
2026-09-04,2026-09-04,CM,BSE,STK,509953,INE961E01017,TRADWIN,XT,,,,,TRADE WINGS LTD.,512.50,512.50,512.50,512.50,512.50,522.95,,512.50,,,72,36900.00,3,F1,1,,,,,
2026-09-04,2026-09-04,CM,BSE,STK,509960,INE726E01014,UPHOT,B,,,,,U.P.HOTELS LTD.,1400.00,1400.00,1388.00,1388.00,1388.00,1420.00,,1388.00,,,3,4188.00,2,F1,1,,,,,
2026-09-04,2026-09-04,CM,BSE,STK,509966,INE710A01016,VSTIND,B,,,,,VST INDUSTRIES LTD.,207.05,209.00,207.05,208.00,208.00,208.00,,208.14,,,12481,2597883.00,448,F1,1,,,,,
2026-09-04,2026-09-04,CM,BSE,STK,510245,INE804A01025,SWASTIVI,X,,,,,SWASTI VINAYAKA SYNTHETICS LTD,3.40,3.98,3.36,3.89,3.90,3.36,,3.89,,,508333,1902646.00,536,F1,1,,,,,
2026-09-04,2026-09-04,CM,BSE,STK,511000,INE856D01011,MSLGLOBAL,X,,,,,MSL GLOBAL LIMITED,20.50,20.50,17.20,18.04,18.05,17.41,,18.04,,,6647,117533.00,43,F1,1,,,,,
2026-09-04,2026-09-04,CM,BSE,STK,511012,INE457N01025,YAMNINV,XT,,,,,YAMINI INVESTMENTS COMPANY LTD,0.61,0.63,0.61,0.62,0.63,0.62,,0.62,,,481228,297488.00,364,F1,1,,,,,
2026-09-04,2026-09-04,CM,BSE,STK,511016,INE946K01023,PREMCAP,XT,,,,,PREMIER CAPITAL SERVICES LTD.,4.61,4.82,4.59,4.82,4.82,4.61,,4.82,,,27,124.00,3,F1,1,,,,,
2026-09-04,2026-09-04,CM,BSE,STK,511018,INE679T01013,ZMILGFIN,X,,,,,MILGREY FINANCE & INVESTMENT L,47.48,47.80,44.51,46.21,46.80,45.21,,46.21,,,78827,3626321.00,203,F1,1,,,,,
2026-09-04,2026-09-04,CM,BSE,STK,511034,INE742C01031,JINDRILL,B,,,,,JINDAL DRILLING & INDUSTRIES L,659.40,671.95,647.65,663.60,665.00,649.90,,663.06,,,33860,22414195.00,1314,F1,1,,,,,
2026-09-04,2026-09-04,CM,BSE,STK,511066,INE302E01014,SAKTHIFIN,X,,,,,SAKTHI FINANCE LTD.,27.82,27.82,27.23,27.31,27.30,27.42,,27.31,,,1604,43944.00,36,F1,1,,,,,
2026-09-04,2026-09-04,CM,BSE,STK,511076,INE065D01027,AEROENTER,B,,,,,AEROFLEX ENTERPRISES LIMITED,143.40,145.20,140.25,141.20,143.20,142.90,,141.76,,,46443,6620316.00,529,F1,1,,,,,
2026-09-04,2026-09-04,CM,BSE,STK,511092,INE047E01031,JMDVL,XT,,,,,JMD Ventures Limited,7.27,7.27,6.90,6.95,6.95,7.24,,6.95,,,8092,56392.00,38,F1,1,,,,,
2026-09-04,2026-09-04,CM,BSE,STK,511108,INE705C01020,SHIVATEX,B,,,,,SHIVA TEXYARN LTD.,183.05,183.50,182.95,183.25,183.25,183.00,,182.86,,,697,127640.00,20,F1,1,,,,,
2026-09-04,2026-09-04,CM,BSE,STK,511110,INE848D01018,VBDESAI,X,,,,,V.B.DESAI FINANCIAL SERVICES L,18.80,18.80,18.80,18.80,18.80,17.96,,18.80,,,50,940.00,1,F1,1,,,,,
2026-09-04,2026-09-04,CM,BSE,STK,511122,INE609B01018,1STCUS,X,,,,,FIRST CUSTODIAN FUND (INDIA) L,60.20,64.00,58.30,61.92,64.00,64.00,,61.92,,,33,2002.00,9,F1,1,,,,,
2026-09-04,2026-09-04,CM,BSE,STK,511131,INE344D01018,KAMANWALA,B,,,,,KAMANWALA HOUSING CONSTRUCTION,16.75,16.75,16.60,16.60,16.60,16.15,,16.60,,,102,1700.00,2,F1,1,,,,,
2026-09-04,2026-09-04,CM,BSE,STK,511144,INE520G01024,AXISOL,XT,,,,,AXIS SOLUTIONS LIMITED,556.80,556.80,556.80,556.80,556.80,545.90,,556.80,,,2195,1222176.00,45,F1,1,,,,,
2026-09-04,2026-09-04,CM,BSE,STK,511147,INE549D01012,WSFX,X,,,,,WSFX Global Pay Limited,66.00,67.45,65.00,65.01,66.80,66.00,,65.01,,,1948,126774.00,24,F1,1,,,,,
2026-09-04,2026-09-04,CM,BSE,STK,511153,INE096I01021,ANJANIFOODS,XT,,,,,Anjani Foods Limited,17.05,17.89,17.05,17.11,17.22,17.05,,17.11,,,811,14065.00,34,F1,1,,,,,
2026-09-04,2026-09-04,CM,BSE,STK,511169,INE552N01023,RKDAGRRTL,X,,,,,RKD AGRI AND RETAIL LIMITED,4.70,5.04,4.68,5.04,5.04,4.80,,5.04,,,1510,7097.00,8,F1,1,,,,,
2026-09-04,2026-09-04,CM,BSE,STK,511176,INE635I01018,PARSHWANA,X,,,,,PARSHWANATH CORPORATION LTD.,93.45,93.45,85.00,93.40,93.40,89.00,,93.40,,,296,25185.00,5,F1,1,,,,,
2026-09-04,2026-09-04,CM,BSE,STK,511187,INE570N01025,MILLENNIUM,X,,,,,Millennium Online Solutions (I,1.70,1.77,1.70,1.76,1.76,1.70,,1.76,,,3106,5466.00,10,F1,1,,,,,
2026-09-04,2026-09-04,CM,BSE,STK,511194,INE613B01010,ICDSLTD,B,,,,,ICDS LTD.,70.00,70.07,69.62,70.07,70.07,63.70,,71.45,,,2051,143479.00,24,F1,1,,,,,
2026-09-04,2026-09-04,CM,BSE,STK,511196,INE477A01020,CANFINHOME,A,,,,,CAN FIN HOMES LTD.,805.00,814.90,802.60,806.65,808.05,805.00,,807.37,,,11053,8940430.00,1814,F1,1,,,,,
2026-09-04,2026-09-04,CM,BSE,STK,511200,INE910G01027,MUNCAPM,XT,,,,,MUNOTH CAPITAL MARKET LTD.,99.75,99.75,99.75,99.75,99.75,99.75,,99.75,,,1,99.00,1,F1,1,,,,,
2026-09-04,2026-09-04,CM,BSE,STK,511208,INE050B01023,IVC,B,,,,,IL&FS INVESTMENT MANAGERS LTD.,10.88,10.88,10.20,10.25,10.25,10.12,,10.24,,,227565,2382974.00,505,F1,1,,,,,
2026-09-04,2026-09-04,CM,BSE,STK,511218,INE721A01047,SHRIRAMFIN,A,,,,,Shriram Finance Limited,1040.00,1052.95,1036.40,1041.00,1041.00,1049.00,,1041.00,,,2269914,2369127891.00,6139,F1,1,,,,,
2026-09-04,2026-09-04,CM,BSE,STK,511243,INE121A01024,CHOLAFIN,A,,,,,CHOLAMANDALAM INVESTMENT AND F,1835.55,1859.70,1828.90,1839.00,1839.00,1858.00,,1839.00,,,17583,32422916.00,2322,F1,1,,,,,
2026-09-04,2026-09-04,CM,BSE,STK,511246,INE910D01024,BOMTALKIES,X,,,,,BOMBAY TALKIES LIMITED,3.03,3.10,3.03,3.10,3.10,2.97,,3.10,,,15,45.00,6,F1,1,,,,,
2026-09-04,2026-09-04,CM,BSE,STK,511260,INE088P01015,ICONIKSPEV,X,,,,,ICONIK SPORTS AND EVENTS LIMIT,38.90,38.90,36.80,38.14,38.40,37.13,,38.14,,,5633,214485.00,53,F1,1,,,,,
2026-09-04,2026-09-04,CM,BSE,STK,511333,INE709A01018,VLSFINANCE,B,,,,,VLS FINANCE LTD.,246.00,246.00,244.70,244.70,244.70,247.20,,246.44,,,5,1225.00,4,F1,1,,,,,
2026-09-04,2026-09-04,CM,BSE,STK,511355,INE429D01017,INDCEMCAP,XT,,,,,INDIA CEMENTS CAPITAL LTD.,28.84,28.84,28.84,28.84,28.84,28.28,,28.84,,,135629,3911540.00,28,F1,1,,,,,
2026-09-04,2026-09-04,CM,BSE,STK,511359,INE556D01017,ADMANUM,X,,,,,AD-MANUM FINANCE LTD.,53.00,56.98,53.00,55.99,55.99,53.30,,55.99,,,25,1404.00,6,F1,1,,,,,
2026-09-04,2026-09-04,CM,BSE,STK,511377,INE240B01012,MEHIF,X,,,,,MEHTA INTEGRATED FINANCE LTD.,29.00,29.00,29.00,29.00,29.00,29.00,,29.00,,,167,4843.00,1,F1,1,,,,,
2026-09-04,2026-09-04,CM,BSE,STK,511391,INE661M01016,INTRGLB,X,,,,,INTER GLOBE FINANCE LTD.,66.65,66.65,64.00,64.00,64.00,62.99,,64.00,,,165,10854.00,9,F1,1,,,,,
2026-09-04,2026-09-04,CM,BSE,STK,511401,INE410E01015,MCLTD,X,,,,,MUNOTH COMMUNICATION LIMITED,6.62,6.62,6.61,6.62,6.62,6.31,,6.62,,,1974,13063.00,4,F1,1,,,,,
2026-09-04,2026-09-04,CM,BSE,STK,511411,INE472C01027,SHRISTI,X,,,,,SHRISTI INFRASTRUCTURE DEVELOP,31.89,31.89,29.01,30.09,30.09,30.80,,30.09,,,8,241.00,8,F1,1,,,,,
2026-09-04,2026-09-04,CM,BSE,STK,511413,INE559D01011,CREST,B,,,,,CREST,364.50,364.80,356.05,356.05,356.05,369.50,,359.00,,,15,5439.00,7,F1,1,,,,,
2026-09-04,2026-09-04,CM,BSE,STK,511431,INE051B01021,VAKRANGEE,B,,,,,VAKRANGEE LIMITED,5.93,5.93,5.65,5.78,5.83,5.79,,5.79,,,174776,1006107.00,1735,F1,1,,,,,
2026-09-04,2026-09-04,CM,BSE,STK,511441,INE034B01019,GUJCRED,X,,,,,GUJARAT CREDIT CORPORATION LTD,24.78,24.78,23.55,23.55,23.55,24.78,,23.55,,,32,761.00,3,F1,1,,,,,
2026-09-04,2026-09-04,CM,BSE,STK,511447,INE706F01021,SYLPH,X,,,,,Sylph Industries Limited,0.22,0.22,0.21,0.21,0.21,0.22,,0.21,,,5967790,1269685.00,729,F1,1,,,,,
2026-09-04,2026-09-04,CM,BSE,STK,511451,INE899D01011,DHARFIN,XT,,,,,DHARANI FINANCE LTD.,12.94,13.34,12.25,13.00,13.00,12.88,,13.00,,,249,3193.00,13,F1,1,,,,,
2026-09-04,2026-09-04,CM,BSE,STK,511463,INE191N01012,ALEXANDER,X,,,,,Alexander Stamps And Coin Limi,8.35,8.35,7.99,7.99,7.99,8.49,,7.99,,,30226,246706.00,21,F1,1,,,,,
2026-09-04,2026-09-04,CM,BSE,STK,511473,INE841B01017,INDBANK,B,,,,,INDBANK MERCHANT BANKING SERVI,29.89,29.89,28.37,28.62,28.72,28.76,,28.58,,,5345,153450.00,177,F1,1,,,,,
2026-09-04,2026-09-04,CM,BSE,STK,511493,INE488C01015,SHRYDUS,XT,,,,,SHRYDUS INDUSTRIES LIMITED,4.02,4.19,3.82,4.13,4.13,4.02,,4.13,,,28083,109572.00,34,F1,1,,,,,
2026-09-04,2026-09-04,CM,BSE,STK,511501,INE900A01013,BHARAT,X,,,,,Bharat Bhushan Finance & Commo,23.05,23.39,22.51,22.99,22.99,22.34,,22.99,,,1615,36572.00,31,F1,1,,,,,
2026-09-04,2026-09-04,CM,BSE,STK,511505,INE707C01018,CAPTRUST,T,,,,,CAPITAL TRUST LTD.,19.99,20.98,19.41,20.79,20.98,19.99,,20.75,,,31633,651585.00,86,F1,1,,,,,
2026-09-04,2026-09-04,CM,BSE,STK,511509,INE380K01017,VIVOBIOT,B,,,,,VIVO BIO TECH LTD.,18.79,19.54,18.32,18.92,18.90,18.79,,18.84,,,14323,275910.00,70,F1,1,,,,,
2026-09-04,2026-09-04,CM,BSE,STK,511523,INE882C01035,VEERHEALTH,XT,,,,,VEERHEALTH CARE LIMITED,50.40,50.40,48.53,49.76,49.50,49.67,,49.76,,,70663,3499558.00,164,F1,1,,,,,
2026-09-04,2026-09-04,CM,BSE,STK,511525,INE376A01032,PANINDIAC,X,,,,,PAN INDIA CORPORATION LTD.,1.43,1.43,1.39,1.42,1.42,1.41,,1.42,,,47396,67084.00,126,F1,1,,,,,
2026-09-04,2026-09-04,CM,BSE,STK,511533,INE135C01012,SAHARAHOUS,X,,,,,SAHARA HOUSINGFINA CORPORATION,39.89,39.89,38.63,39.07,39.08,39.41,,39.07,,,611,24051.00,10,F1,1,,,,,
2026-09-04,2026-09-04,CM,BSE,STK,511535,INE026C01013,NDASEC,X,,,,,NDA SECURITIES LTD.,27.00,27.00,26.46,27.00,27.00,26.26,,27.00,,,112,2997.00,4,F1,1,,,,,
2026-09-04,2026-09-04,CM,BSE,STK,511539,INE533B01028,SUPRATRE,X,,,,,Supra Trends Limited,14.55,14.55,13.78,13.78,13.78,14.50,,13.78,,,1201,16594.00,3,F1,1,,,,,
2026-09-04,2026-09-04,CM,BSE,STK,511543,INE777C01011,GSBFIN,XT,,,,,GSB FINANCE LTD.,52.90,53.23,50.00,53.23,53.23,50.70,,53.23,,,14639,778289.00,65,F1,1,,,,,
2026-09-04,2026-09-04,CM,BSE,STK,511549,INE367A01015,MORARKFI,X,,,,,MORARKA FINANCE LTD.,70.99,71.00,65.00,66.50,66.90,67.75,,66.50,,,2495,168910.00,59,F1,1,,,,,
2026-09-04,2026-09-04,CM,BSE,STK,511551,INE903D01011,MONARCH,B,,,,,Monarch Networth Capital Limit,380.25,381.80,373.20,378.40,380.00,383.35,,377.90,,,1735,654167.00,135,F1,1,,,,,
2026-09-04,2026-09-04,CM,BSE,STK,511557,INE732K01027,PROFINC,Z,,,,,PRO FIN CAPITAL SERVICES LTD.,2.53,2.55,2.45,2.54,2.54,2.49,,2.54,,,478729,1210631.00,180,F1,1,,,,,
2026-09-04,2026-09-04,CM,BSE,STK,511559,INE289C01025,TEAMGTY,B,,,,,TEAM INDIA GUARANTY LIMITED,248.10,248.10,234.70,244.50,244.50,248.70,,235.29,,,27,6368.00,6,F1,1,,,,,
2026-09-04,2026-09-04,CM,BSE,STK,511571,INE754C01010,CRESCENTIS,X,,,,,Crescentis Capital Limited,98.10,104.50,98.10,103.75,103.75,99.55,,103.75,,,1664,165696.00,33,F1,1,,,,,
2026-09-04,2026-09-04,CM,BSE,STK,511577,INE304E01010,MANTRA,X,,,,,Mantra Capital Limited,19.49,19.49,15.61,17.80,17.80,16.25,,17.80,,,240,3817.00,18,F1,1,,,,,
2026-09-04,2026-09-04,CM,BSE,STK,511585,INE425F01028,BEFOUNDMOL,XT,,,,,BEFOUND MOVEMENT LIMITED,3.71,3.71,3.71,3.71,3.71,3.71,,3.71,,,95,352.00,2,F1,1,,,,,
2026-09-04,2026-09-04,CM,BSE,STK,511589,INE323B01024,AVONMORE,B,,,,,AVONMORE CAPITAL & MANAGEMENT,13.00,13.50,12.94,13.03,12.97,13.23,,13.02,,,21654,283166.00,232,F1,1,,,,,
2026-09-04,2026-09-04,CM,BSE,STK,511593,INE212B01011,LIBORDFIN,X,,,,,LIBORD FINANCE LTD,15.97,16.94,15.60,16.66,16.66,15.59,,16.66,,,122,2028.00,13,F1,1,,,,,
2026-09-04,2026-09-04,CM,BSE,STK,511601,INE216B01012,YASHMGM,X,,,,,YASH MANAGEMENT & SATELLITE LT,9.10,9.35,8.81,9.34,9.34,9.04,,9.34,,,1911,17751.00,18,F1,1,,,,,
2026-09-04,2026-09-04,CM,BSE,STK,511605,INE420B01036,ARIHANTCAP,B,,,,,ARIHANT CAPITAL MARKETS LTD.,79.30,80.39,78.73,79.77,80.05,78.64,,79.70,,,12979,1032574.00,188,F1,1,,,,,
2026-09-04,2026-09-04,CM,BSE,STK,511609,INE569B01022,ISLCONSUL,X,,,,,ISL CONSULTING LTD.,12.39,12.39,11.60,12.38,12.38,12.20,,12.38,,,45,526.00,6,F1,1,,,,,
2026-09-04,2026-09-04,CM,BSE,STK,511611,INE891B01012,DCMFINSERV,B,,,,,DCM FINANCIAL SERVICES LTD.,5.33,5.33,5.02,5.21,5.25,5.23,,5.20,,,561,2921.00,11,F1,1,,,,,
2026-09-04,2026-09-04,CM,BSE,STK,511626,INE229D01011,RRFIN,XT,,,,,RR FINANCIAL CONSULTANTS LTD.,63.90,66.47,63.90,65.50,65.50,63.90,,65.50,,,411,26891.00,16,F1,1,,,,,
2026-09-04,2026-09-04,CM,BSE,STK,511628,INE417D01020,FEDDERSHOL,B,,,,,FEDDERS HOLDING LIMITED,46.95,47.66,46.63,47.27,47.47,46.00,,47.28,,,48160,2266681.00,171,F1,1,,,,,
2026-09-04,2026-09-04,CM,BSE,STK,511630,INE699B01027,SAMBHAAV,B,,,,,SAMBHAAV MEDIA LTD.,6.11,6.14,5.87,5.90,5.87,6.10,,5.91,,,5506,32600.00,27,F1,1,,,,,
2026-09-04,2026-09-04,CM,BSE,STK,511644,INE113B01037,OMEGAIN,X,,,,,OMEGA INTERACTIVE TECHNOLOGIES,29.90,29.90,29.90,29.90,29.90,31.47,,29.90,,,86016,2571878.00,601,F1,1,,,,,
2026-09-04,2026-09-04,CM,BSE,STK,511654,INE309D01011,SUGALDAM,X,,,,,SUGAL & DAMANI SHARE BROKERS L,64.68,64.68,60.38,60.38,60.38,64.68,,60.38,,,103,6285.00,5,F1,1,,,,,
2026-09-04,2026-09-04,CM,BSE,STK,511658,INE027D01019,NETTLINX,X,,,,,NETTLINX LTD.,11.24,11.74,11.24,11.52,11.50,11.47,,11.52,,,10676,122665.00,71,F1,1,,,,,
2026-09-04,2026-09-04,CM,BSE,STK,511664,INE443D01018,BGIL,X,,,,,BGIL FILMS & TECHNOLOGIES LTD.,6.97,6.99,6.45,6.90,6.98,6.68,,6.90,,,36872,245343.00,58,F1,1,,,,,
2026-09-04,2026-09-04,CM,BSE,STK,511672,INE099G01011,SCANSTL,T,,,,,Scan Steels Limited,58.00,60.99,56.57,59.87,60.90,58.96,,59.32,,,18351,1068270.00,78,F1,1,,,,,
2026-09-04,2026-09-04,CM,BSE,STK,511676,INE289B01019,GICHSGFIN,B,,,,,GIC HOUSING FINANCE LTD.,142.85,144.65,140.00,140.40,140.40,141.80,,140.45,,,11850,1686237.00,325,F1,1,,,,,
2026-09-04,2026-09-04,CM,BSE,STK,511692,INE759C01027,AJCON,X,,,,,AJCON GLOBAL SERVICES LTD.,6.78,6.78,6.11,6.45,6.31,6.69,,6.45,,,1341,8763.00,28,F1,1,,,,,
2026-09-04,2026-09-04,CM,BSE,STK,511696,INE953B01010,CHRTEDCA,X,,,,,CHARTERED CAPITAL & INVESTMENT,250.00,250.00,247.50,247.50,247.50,250.00,,247.50,,,49,12182.00,3,F1,1,,,,,
2026-09-04,2026-09-04,CM,BSE,STK,511700,INE625D01028,STANCAP,X,,,,,STANDARD CAPITAL MARKETS LTD.,0.30,0.31,0.30,0.31,0.31,0.30,,0.31,,,3168776,965452.00,968,F1,1,,,,,
2026-09-04,2026-09-04,CM,BSE,STK,511702,INE290E01011,YOGI,B,,,,,YOGI LIMITED,163.90,163.90,157.25,161.15,161.15,156.10,,161.15,,,236,37773.00,12,F1,1,,,,,
2026-09-04,2026-09-04,CM,BSE,STK,511710,INE717D01023,CUBIFIN,XT,,,,,CUBICAL FINANCIAL SERVICES LTD,5.61,5.61,5.60,5.61,5.61,5.50,,5.61,,,17043,95610.00,32,F1,1,,,,,
2026-09-04,2026-09-04,CM,BSE,STK,511712,INE452B01013,RELICTEC,X,,,,,RELIC TECHNOLOGIES LTD.,74.00,74.00,68.00,68.00,68.00,68.05,,68.00,,,698,48705.00,19,F1,1,,,,,
2026-09-04,2026-09-04,CM,BSE,STK,511714,INE875B01015,NIMBSPROJ,B,,,,,NIMBUS PROJECTS LTD.,153.00,154.40,145.90,151.20,154.40,153.50,,147.91,,,6942,1027360.00,68,F1,1,,,,,
2026-09-04,2026-09-04,CM,BSE,STK,511716,INE359A01012,INVIGO,X,,,,,Invigorated Business Consultin,7.90,7.90,7.36,7.47,7.57,7.90,,7.47,,,2746,20347.00,35,F1,1,,,,,
2026-09-04,2026-09-04,CM,BSE,STK,511724,INE020D01022,BAIDFIN,B,,,,,BAID FINSERV LIMITED,10.00,10.19,10.00,10.12,10.11,10.12,,10.12,,,5201,52640.00,42,F1,1,,,,,
2026-09-04,2026-09-04,CM,BSE,STK,511728,INE006C01015,KZLFIN,X,,,,,K.Z.LEASING & FINANCE LTD.,18.58,18.62,18.58,18.58,18.58,19.55,,18.58,,,1986,36908.00,12,F1,1,,,,,
2026-09-04,2026-09-04,CM,BSE,STK,511738,INE241B01010,MEHSECU,X,,,,,MEHTA SECURITIES LTD.,22.08,22.08,21.05,21.05,21.05,21.03,,21.05,,,400,8445.00,3,F1,1,,,,,
2026-09-04,2026-09-04,CM,BSE,STK,511740,INE239B01014,RFL,X,,,,,RUPAREL FOOD PRODUCTS LIMITED,105.30,105.30,95.30,95.30,95.30,100.30,,95.30,,,436,41912.00,8,F1,1,,,,,
2026-09-04,2026-09-04,CM,BSE,STK,511742,INE583D01011,UGROCAP,B,,,,,UGRO CAPITAL LIMITED,84.48,87.25,84.48,86.38,86.00,85.15,,86.35,,,418347,36488071.00,180,F1,1,,,,,
2026-09-04,2026-09-04,CM,BSE,STK,511754,INE861D01011,SAHLIBHFI,B,,,,,SHALIBHADRA FINANCE LTD.,89.59,90.90,88.36,89.03,90.04,88.86,,89.51,,,7653,687100.00,435,F1,1,,,,,
2026-09-04,2026-09-04,CM,BSE,STK,511756,INE195I01013,ABIRAFN,Z,,,,,ABIRAMI FINANCIAL SERVICES (IN,34.95,34.95,33.10,34.77,34.77,34.80,,34.77,,,1851,62739.00,27,F1,1,,,,,
2026-09-04,2026-09-04,CM,BSE,STK,511758,INE094E01017,MANSIFIN,X,,,,,MANSI FINANCE (CHENNAI) LTD.,63.01,63.01,63.01,63.01,63.01,60.01,,63.01,,,2,126.00,2,F1,1,,,,,
2026-09-04,2026-09-04,CM,BSE,STK,511764,INE819K01014,AASTAFIN,X,,,,,Aastamangalam Finance Limited,33.40,33.40,31.29,31.90,31.90,31.56,,31.90,,,3566,113701.00,23,F1,1,,,,,
2026-09-04,2026-09-04,CM,BSE,STK,511766,INE296G01013,MUTHOOTCAP,B,,,,,MUTHOOT CAPITAL SERVICES LTD.,285.00,285.00,238.30,242.40,241.25,245.00,,241.84,,,5706,1399338.00,133,F1,1,,,,,
2026-09-04,2026-09-04,CM,BSE,STK,511768,INE677D01037,MASTERTR,B,,,,,MASTER TRUST LTD.,81.22,95.36,81.22,88.83,90.00,80.38,,89.15,,,402220,36771508.00,1766,F1,1,,,,,
2026-09-04,2026-09-04,CM,BSE,STK,512008,INE886D01026,EFCIL,B,,,,,EFC (I) LIMITED,201.60,201.60,191.90,192.90,192.80,200.35,,193.22,,,15901,3113791.00,347,F1,1,,,,,
2026-09-04,2026-09-04,CM,BSE,STK,512014,INE754D01018,SOBME,X,,,,,SOBHAGYA MERCHANTILE LTD.,1488.00,1488.00,1442.00,1485.45,1472.00,1437.10,,1485.45,,,3169,4634973.00,115,F1,1,,,,,
2026-09-04,2026-09-04,CM,BSE,STK,512018,INE135H01029,TTGIL,X,,,,,TOMORROW TECHNOLOGIES GLOBAL I,7.21,7.57,7.21,7.33,7.40,7.39,,7.33,,,22529,164659.00,60,F1,1,,,,,
2026-09-04,2026-09-04,CM,BSE,STK,512020,INE967G01019,ZSARACOM,B,,,,,SARASWATI COMMERCIAL (INDIA) L,10287.00,11959.95,10287.00,11388.00,11388.00,10024.25,,11309.17,,,25,267852.00,20,F1,1,,,,,
2026-09-04,2026-09-04,CM,BSE,STK,512025,INE767M01029,ASGARD,X,,,,,ASGARD ALCOBEV LIMITED,34.29,34.29,32.13,33.00,32.90,33.46,,33.00,,,91819,3040228.00,193,F1,1,,,,,
2026-09-04,2026-09-04,CM,BSE,STK,512026,INE603D01017,VEGA,XT,,,,,VEGA JEWELLERS LIMITED,61.95,61.95,61.95,61.95,61.95,61.95,,61.95,,,402,24903.00,4,F1,1,,,,,
2026-09-04,2026-09-04,CM,BSE,STK,512036,INE393H01016,SKYBIOTECH,X,,,,,SKYBIOTECH HEALTHCARE LIMITED,124.00,124.00,124.00,124.00,124.00,124.00,,124.00,,,17,2108.00,2,F1,1,,,,,
2026-09-04,2026-09-04,CM,BSE,STK,512038,INE887D01024,TCC,B,,,,,TCC CONCEPT LIMITED,47.40,49.30,43.95,44.10,44.10,233.25,,44.10,,,22345,1057119.00,685,F1,1,,,,,
2026-09-04,2026-09-04,CM,BSE,STK,512047,INE510H01015,ROYALIND,X,,,,,ROYAL INDIA CORPORATION LIMITE,6.07,6.25,5.85,5.87,5.99,5.96,,5.87,,,160387,973001.00,214,F1,1,,,,,
2026-09-04,2026-09-04,CM,BSE,STK,512048,INE195E01020,DHANSAFAL,X,,,,,DHANSAFAL FINSERVE LIMITED,2.35,2.45,2.25,2.35,2.33,2.40,,2.35,,,301473,702538.00,159,F1,1,,,,,
2026-09-04,2026-09-04,CM,BSE,STK,512062,INE896J01014,TANDHANIN,XT,,,,,TANDHAN INDUSTRIES LIMITED,175.00,175.00,158.40,158.40,158.40,166.70,,158.40,,,20667,3281052.00,60,F1,1,,,,,
2026-09-04,2026-09-04,CM,BSE,STK,512064,INE762D01011,VISVEN,X,,,,,VISHVPRABHA VENTURES LIMITED,48.00,48.00,40.00,43.85,43.85,40.00,,43.85,,,2405,110361.00,28,F1,1,,,,,
2026-09-04,2026-09-04,CM,BSE,STK,512065,INE738D01029,MRUTR,XT,,,,,MRUGESH TRADING LTD.,108.55,108.55,108.55,108.55,108.55,110.75,,108.55,,,7813,848101.00,92,F1,1,,,,,
2026-09-04,2026-09-04,CM,BSE,STK,512068,INE945F01025,DECNGOLD,B,,,,,DECCAN GOLD MINES LTD.,218.00,219.00,212.95,213.50,215.00,213.75,,213.80,,,166117,35823577.00,2297,F1,1,,,,,
2026-09-04,2026-09-04,CM,BSE,STK,512070,INE628A01036,UPL,A,,,,,UPL LIMITED,582.75,589.70,580.00,582.00,582.00,580.05,,582.15,,,126092,73779601.00,1752,F1,1,,,,,
2026-09-04,2026-09-04,CM,BSE,STK,512093,INE234B01023,CRANESSOFT,Z,,,,,CRANES SOFTWARE INTERNATIONAL,5.25,5.53,5.24,5.33,5.39,5.27,,5.33,,,110383,604355.00,297,F1,1,,,,,
2026-09-04,2026-09-04,CM,BSE,STK,512097,INE092G01024,SAICOM,X,,,,,SAIANAND COMMERCIAL LIMITED,0.21,0.21,0.21,0.21,0.21,0.21,,0.21,,,392229,82368.00,50,F1,1,,,,,
2026-09-04,2026-09-04,CM,BSE,STK,512099,INE750G01019,EY,XT,,,,,EYANTRA VENTURES LIMITED,546.25,546.25,546.25,546.25,546.25,574.95,,546.25,,,29,15841.00,14,F1,1,,,,,
2026-09-04,2026-09-04,CM,BSE,STK,512103,INE276H01013,NIDHGRN,XT,,,,,NIDHI GRANITES LTD.,270.00,284.80,264.70,284.80,284.80,278.60,,284.80,,,788,209389.00,29,F1,1,,,,,
2026-09-04,2026-09-04,CM,BSE,STK,512115,INE649C01012,ROSEMER,X,,,,,ROSE MERC.LTD.,62.39,62.39,61.98,61.98,61.98,59.63,,61.98,,,9,559.00,3,F1,1,,,,,
2026-09-04,2026-09-04,CM,BSE,STK,512131,INE529F01035,SIGIND,T,,,,,SIGNET INDUSTRIES LIMITED,70.00,71.97,68.71,70.93,70.99,71.98,,70.69,,,5342,372424.00,19,F1,1,,,,,
2026-09-04,2026-09-04,CM,BSE,STK,512149,INE758A01072,AVANCE,B,,,,,AVANCE TECHNOLOGIES LTD.,0.82,0.83,0.82,0.82,0.82,0.82,,0.82,,,1192927,981886.00,537,F1,1,,,,,
2026-09-04,2026-09-04,CM,BSE,STK,512161,INE650K01021,SECURKLOUD,B,,,,,SECUREKLOUD TECHNOLOGIES LIMIT,17.40,17.60,16.98,17.33,17.49,17.83,,17.02,,,2656,45704.00,59,F1,1,,,,,
2026-09-04,2026-09-04,CM,BSE,STK,512165,INE365O01028,ABANSENT,B,,,,,ABANS ENTERPRISES LTD,27.40,28.40,27.05,28.30,28.30,27.63,,27.86,,,4171,114222.00,17,F1,1,,,,,
2026-09-04,2026-09-04,CM,BSE,STK,512169,INE968E01012,CAPRICORN,XT,,,,,CAPRICORN SYSTEMS GLOBAL SOLUT,27.38,27.38,27.38,27.38,27.38,26.85,,27.38,,,3375,92407.00,9,F1,1,,,,,
2026-09-04,2026-09-04,CM,BSE,STK,512175,INE685D01022,VAMA,X,,,,,VAMA INDUSTRIES LTD.,3.72,3.72,3.52,3.58,3.52,3.57,,3.58,,,9112,32595.00,47,F1,1,,,,,
2026-09-04,2026-09-04,CM,BSE,STK,512179,INE805D01034,SUNTECK,B,,,,,SUNTECK REALTY LTD.,299.95,300.55,298.40,299.50,300.10,297.10,,299.50,,,3649,1092803.00,122,F1,1,,,,,
2026-09-04,2026-09-04,CM,BSE,STK,512197,INE798C01017,SILVERO,Z,,,,,SILVER OAK COMMERCIAL LTD.,5.90,5.95,5.47,5.47,5.47,5.75,,5.47,,,47,273.00,7,F1,1,,,,,
2026-09-04,2026-09-04,CM,BSE,STK,512217,INE730E01016,PRISMMEDI,X,,,,,PRISM MEDICO AND PHARMACY LTD.,30.50,30.50,29.00,30.00,30.00,29.70,,30.00,,,9880,298930.00,46,F1,1,,,,,
2026-09-04,2026-09-04,CM,BSE,STK,512229,INE379J01029,VERITAS,XT,,,,,VERITAS (INDIA) LTD.,167.90,168.15,161.65,161.70,161.65,164.90,,161.70,,,5939,979572.00,87,F1,1,,,,,
2026-09-04,2026-09-04,CM,BSE,STK,512237,INE070D01027,JAICORPLTD,B,,,,,JAI CORP LTD.,100.85,100.99,99.20,99.41,99.70,98.96,,99.52,,,11307,1128736.00,208,F1,1,,,,,
2026-09-04,2026-09-04,CM,BSE,STK,512247,INE894A01026,ASHCAP,X,,,,,ASHIRWAD CAPITAL LTD.,2.70,2.74,2.66,2.70,2.70,2.68,,2.70,,,30581,82760.00,157,F1,1,,,,,
2026-09-04,2026-09-04,CM,BSE,STK,512257,INE895A01023,SVARTCORP,X,,,,,SWASTI VINAYAKA ART AND HERITA,3.38,3.57,3.33,3.46,3.47,3.42,,3.46,,,30084,103157.00,106,F1,1,,,,,
2026-09-04,2026-09-04,CM,BSE,STK,512267,INE200D01020,MMWL,B,,,,,MEDIA MATRIX WORLDWIDE LTD.,14.99,14.99,14.10,14.26,14.25,14.49,,14.46,,,1079,15415.00,22,F1,1,,,,,
2026-09-04,2026-09-04,CM,BSE,STK,512277,INE340U01010,AUTOINT,X,,,,,AUTORIDERS INTERNATIONAL LTD.,303.15,303.15,293.20,295.60,298.60,304.65,,295.60,,,81,23989.00,21,F1,1,,,,,
2026-09-04,2026-09-04,CM,BSE,STK,512296,INE458B01036,BHAGYANGR,B,,,,,BHAGYANAGAR INDIA LTD.,381.00,381.00,370.00,370.45,370.00,372.95,,370.45,,,7843,2922100.00,250,F1,1,,,,,
2026-09-04,2026-09-04,CM,BSE,STK,512301,INE417N01011,CHMBBRW,XT,,,,,CHAMBAL BREWERIES & DISTILLERI,34.90,35.43,34.02,35.21,35.23,33.75,,35.21,,,19853,701143.00,77,F1,1,,,,,
2026-09-04,2026-09-04,CM,BSE,STK,512329,INE385F01024,SGMART,B,,,,,SG MART LIMITED,819.55,832.45,816.05,826.10,823.60,814.50,,824.78,,,233776,192291018.00,337,F1,1,,,,,
2026-09-04,2026-09-04,CM,BSE,STK,512345,INE745A01012,LEXGLOBAL,XT,,,,,LEXORA GLOBAL LIMITED,141.55,141.55,141.55,141.55,141.55,148.95,,141.55,,,628,88893.00,5,F1,1,,,,,
2026-09-04,2026-09-04,CM,BSE,STK,512359,INE093G01022,SWORDEDGE,XT,,,,,SWORD-EDGE COMMERCIALS LIMITED,0.55,0.55,0.55,0.55,0.55,0.57,,0.55,,,1228506,675678.00,228,F1,1,,,,,
2026-09-04,2026-09-04,CM,BSE,STK,512361,INE108G01010,CUPIDALBV,XT,,,,,CUPID BREWERIES AND DISTILLERI,25.75,26.39,25.10,26.04,26.20,25.67,,26.04,,,44804,1155544.00,266,F1,1,,,,,
2026-09-04,2026-09-04,CM,BSE,STK,512379,INE716D01033,CRSL,T,,,,,CRESSANDA RAILWAY SOLUTIONS LI,2.48,2.74,2.48,2.74,2.74,2.61,,2.73,,,360130,958010.00,344,F1,1,,,,,
2026-09-04,2026-09-04,CM,BSE,STK,512393,INE037B01020,SHARDUL,T,,,,,SHARDUL SECURITIES LTD.,54.00,55.98,52.50,53.32,54.99,53.70,,53.71,,,2309,124899.00,15,F1,1,,,,,
2026-09-04,2026-09-04,CM,BSE,STK,512399,INE017I01027,SERA,X,,,,,SERA INVESTMENTS & FINANCE IND,58.00,59.95,56.10,56.19,56.25,57.44,,56.19,,,315885,18074844.00,721,F1,1,,,,,
2026-09-04,2026-09-04,CM,BSE,STK,512415,INE319T01016,MERCTRD,X,,,,,MERCURY TRADE LINKS LTD.,4.25,4.27,4.02,4.11,4.10,4.21,,4.11,,,13009,53987.00,52,F1,1,,,,,
2026-09-04,2026-09-04,CM,BSE,STK,512437,INE412D01013,APOLLOFI,X,,,,,APOLLO FINVEST (INDIA) LTD.,417.75,418.00,400.10,414.85,415.00,401.55,,414.85,,,981,401644.00,50,F1,1,,,,,
2026-09-04,2026-09-04,CM,BSE,STK,512441,INE993I01029,ENBETRD,X,,,,,Enbee Trade &amp; Finance Ltd,0.29,0.30,0.28,0.28,0.28,0.29,,0.28,,,6248709,1806162.00,623,F1,1,,,,,
2026-09-04,2026-09-04,CM,BSE,STK,512443,INE162L01017,GANONPRO,X,,,,,Ganon Products Limited,7.74,7.90,7.27,7.64,7.85,7.59,,7.64,,,14570,109610.00,42,F1,1,,,,,
2026-09-04,2026-09-04,CM,BSE,STK,512453,INE564J01026,SHRJAGP,B,,,,,SHRI JAGDAMBA POLYMERS LTD.,620.50,639.15,620.50,629.00,628.20,620.50,,626.95,,,195,123221.00,24,F1,1,,,,,
2026-09-04,2026-09-04,CM,BSE,STK,512455,INE281B01032,LLOYDSME,A,,,,,LLOYDS METALS AND ENERGY LTD.,1848.70,1849.75,1820.10,1820.95,1820.95,1849.75,,1822.64,,,16992,31114255.00,914,F1,1,,,,,
2026-09-04,2026-09-04,CM,BSE,STK,512463,INE080I01025,LLOYDSENT,A,,,,,LLOYDS ENTERPRISES LIMITED,72.09,74.50,72.09,74.20,74.00,71.95,,74.23,,,296040,21764555.00,1534,F1,1,,,,,
2026-09-04,2026-09-04,CM,BSE,STK,512477,INE765L01017,BETXIND,X,,,,,BETEX INDIA LTD.,510.50,510.50,510.50,510.50,510.50,508.00,,510.50,,,1,510.00,1,F1,1,,,,,
2026-09-04,2026-09-04,CM,BSE,STK,512489,INE876A01023,OASISEC,XT,,,,,OASIS SECURITIES LTD.,15.65,15.65,14.70,15.65,15.65,14.91,,15.65,,,11451,175150.00,42,F1,1,,,,,
2026-09-04,2026-09-04,CM,BSE,STK,512493,INE590B01010,GARNETINT,X,,,,,GARNET INTERNATIONAL LTD.,51.90,53.20,49.99,52.38,53.19,51.25,,52.38,,,10487,530096.00,67,F1,1,,,,,
2026-09-04,2026-09-04,CM,BSE,STK,512499,INE435E01020,SHALPRO,XT,,,,,SHALIMAR PRODUCTIONS LTD.,0.25,0.27,0.25,0.27,0.27,0.26,,0.27,,,2026474,518204.00,533,F1,1,,,,,
2026-09-04,2026-09-04,CM,BSE,STK,512519,INE668D01028,DONEAR,B,,,,,DONEAR INDUSTRIES LTD.,88.91,93.25,88.91,92.64,91.72,88.91,,92.30,,,14753,1352282.00,187,F1,1,,,,,
2026-09-04,2026-09-04,CM,BSE,STK,512527,INE091C01017,SUPER,XT,,,,,SUPER SALES INDIA LTD.,1261.00,1280.00,1240.00,1255.00,1255.00,1240.25,,1255.00,,,1267,1598806.00,32,F1,1,,,,,
2026-09-04,2026-09-04,CM,BSE,STK,512529,INE807F01027,VIYASH,A,,,,,VIYASH SCIENTIFIC LIMITED,260.90,268.10,260.70,265.40,265.40,260.55,,265.83,,,156540,41407458.00,1908,F1,1,,,,,
2026-09-04,2026-09-04,CM,BSE,STK,512531,INE655A01013,STCINDIA,B,,,,,STATE TRADING CORPORATION OF I,118.00,119.25,114.80,115.05,114.80,114.50,,115.28,,,2553,298869.00,78,F1,1,,,,,
2026-09-04,2026-09-04,CM,BSE,STK,512559,INE080B01012,KOHINOOR,B,,,,,KOHINOOR FOODS LTD.,33.85,33.85,32.01,32.82,33.05,33.49,,32.77,,,13731,455109.00,224,F1,1,,,,,
2026-09-04,2026-09-04,CM,BSE,STK,512565,INE581D01015,NEELKANTH,X,,,,,NEELKANTH LIMITED,33.00,35.84,33.00,34.90,34.90,34.14,,34.90,,,86,2993.00,5,F1,1,,,,,
2026-09-04,2026-09-04,CM,BSE,STK,512573,INE871C01038,AVANTIFEED,A,,,,,AVANTI FEEDS LTD.,800.00,805.70,796.00,799.30,797.20,795.30,,798.63,,,9436,7563135.00,629,F1,1,,,,,
2026-09-04,2026-09-04,CM,BSE,STK,512587,INE077B01018,ZODJRDMKJ,X,,,,,ZODIAC-JRD-MKJ LTD.,38.30,41.50,36.76,39.28,39.28,37.23,,39.28,,,15526,596586.00,87,F1,1,,,,,
2026-09-04,2026-09-04,CM,BSE,STK,512589,INE579D01019,SITAENT,X,,,,,SITA ENTERPRISES LTD.,128.30,142.00,128.30,136.00,136.00,132.15,,136.00,,,967,132450.00,39,F1,1,,,,,
2026-09-04,2026-09-04,CM,BSE,STK,512591,INE183U01022,PULSRIN,X,,,,,PULSAR INTERNATIONAL LTD.,0.45,0.46,0.43,0.44,0.44,0.45,,0.44,,,2718873,1202816.00,483,F1,1,,,,,
2026-09-04,2026-09-04,CM,BSE,STK,512595,INE348N01042,KDGREEN,B,,,,,KD Green Industries Limited,50.05,52.10,50.05,51.10,51.10,52.70,,50.47,,,4080,206702.00,60,F1,1,,,,,
2026-09-04,2026-09-04,CM,BSE,STK,512597,INE681C01015,KEYFINSERV,B,,,,,KEYNOTE FINANCIAL SERVICES LIM,244.50,251.00,244.50,244.60,244.60,248.15,,244.95,,,679,169355.00,19,F1,1,,,,,
2026-09-04,2026-09-04,CM,BSE,STK,512599,INE423A01024,ADANIENT,A,,,,,ADANI ENTERPRISES LTD.,2913.85,2965.90,2882.10,2936.00,2936.00,2886.00,,2937.99,,,40359,118363253.00,3064,F1,1,,,,,
2026-09-04,2026-09-04,CM,BSE,STK,512600,INE307N01014,ASTALLTD,X,,,,,ASTAL LABORATORIES LIMITED,80.35,80.35,74.05,76.90,76.31,79.44,,76.90,,,33026,2555486.00,274,F1,1,,,,,
2026-09-04,2026-09-04,CM,BSE,STK,512604,INE772B01014,HARIAEXPO,XT,,,,,HARIA EXPORTS LTD.,8.91,9.78,8.91,9.78,9.78,9.33,,9.78,,,18250,177844.00,15,F1,1,,,,,
2026-09-04,2026-09-04,CM,BSE,STK,512608,INE474E01029,BHANDARI,B,,,,,BHANDARI HOSIERY EXPORTS LTD.,2.93,3.07,2.93,3.04,3.04,3.00,,3.03,,,39034,117007.00,75,F1,1,,,,,
2026-09-04,2026-09-04,CM,BSE,STK,512618,INE629C01014,RLF,X,,,,,RLF LTD.,8.25,8.67,8.25,8.67,8.67,9.40,,8.67,,,213,1820.00,4,F1,1,,,,,
2026-09-04,2026-09-04,CM,BSE,STK,512624,INE769D01016,REGENTRP,X,,,,,Regent Enterprises Limited,5.58,5.75,5.40,5.56,5.50,5.44,,5.56,,,34829,194677.00,96,F1,1,,,,,
2026-09-04,2026-09-04,CM,BSE,STK,512626,INE231G01010,ORBTEXP,T,,,,,ORBIT EXPORTS LTD.,240.00,240.00,235.55,235.55,235.55,235.10,,239.02,,,35,8333.00,2,F1,1,,,,,
2026-09-04,2026-09-04,CM,BSE,STK,512634,INE104E01014,SAVERA,X,,,,,SAVERA INDUSTRIES LTD.,161.50,169.95,161.05,169.00,168.75,160.35,,169.00,,,27515,4615521.00,92,F1,1,,,,,
2026-09-04,2026-09-04,CM,BSE,STK,513005,INE114E01013,CHROME,X,,,,,Chrome Silicon Limited,41.36,43.00,40.00,41.98,41.98,41.45,,41.98,,,636,26129.00,14,F1,1,,,,,
2026-09-04,2026-09-04,CM,BSE,STK,513023,INE725A01030,NAVA,A,,,,,NAVA LIMITED,560.00,562.75,557.30,559.50,557.85,557.10,,560.18,,,4463,2498058.00,198,F1,1,,,,,
2026-09-04,2026-09-04,CM,BSE,STK,513043,INE158G01015,REMIEDEL,X,,,,,REMI EDELSTAHL TUBULARS LIMITE,244.70,254.70,230.00,249.35,250.00,238.95,,249.35,,,6735,1662976.00,89,F1,1,,,,,
2026-09-04,2026-09-04,CM,BSE,STK,513059,INE736H01024,GSAUTO,X,,,,,G.S.AUTO INTERNATIONAL LTD.,23.29,23.29,21.46,22.42,22.59,21.99,,22.42,,,12727,282752.00,128,F1,1,,,,,
2026-09-04,2026-09-04,CM,BSE,STK,513063,INE360D01014,TRANSFRE,X,,,,,TRANS-FREIGHT CONTAINERS LTD.,20.00,20.00,19.75,19.75,19.75,19.50,,19.75,,,100,1987.00,4,F1,1,,,,,
2026-09-04,2026-09-04,CM,BSE,STK,513097,INE386D01027,SBCL,B,,,,,SHIVALIK BIMETAL CONTROLS LTD.,1197.85,1214.95,1105.00,1120.40,1120.35,1155.40,,1121.07,,,44201,49971918.00,2714,F1,1,,,,,
2026-09-04,2026-09-04,CM,BSE,STK,513108,INE524B01027,GANDHITUBE,B,,,,,GANDHI SPECIAL TUBES LTD.,903.95,903.95,900.00,900.55,900.55,900.50,,900.15,,,50,45009.00,35,F1,1,,,,,
2026-09-04,2026-09-04,CM,BSE,STK,513117,INE991A01020,AMFORG,X,,,,,AMFORGE INDUSTRIES LTD.,5.90,5.90,5.44,5.62,5.74,5.69,,5.62,,,2458,14081.00,14,F1,1,,,,,
2026-09-04,2026-09-04,CM,BSE,STK,513119,INE173M01012,ONIXSOLAR,B,,,,,ONIX SOLAR ENERGY LIMITED,402.60,402.60,400.00,402.60,402.60,383.45,,403.20,,,27541,11071361.00,153,F1,1,,,,,
2026-09-04,2026-09-04,CM,BSE,STK,513121,INE730A01022,ORICONENT,B,,,,,ORICON ENTERPRISES LTD.,56.90,56.90,53.25,54.20,54.20,52.77,,54.15,,,774,41588.00,95,F1,1,,,,,
2026-09-04,2026-09-04,CM,BSE,STK,513149,INE950D01012,ACROW,X,,,,,ACROW INDIA LTD.,760.50,795.05,759.05,785.00,785.00,799.00,,785.00,,,51,38788.00,6,F1,1,,,,,
2026-09-04,2026-09-04,CM,BSE,STK,513173,INE205F01016,STLSTRINF,B,,,,,STEEL STRIPS INFRASTRUCTURES L,19.55,19.55,19.55,19.55,19.55,19.55,,19.55,,,102,1994.00,2,F1,1,,,,,
2026-09-04,2026-09-04,CM,BSE,STK,513228,INE932A01024,PENIND,A,,,,,PENNAR INDUSTRIES LTD.,169.10,171.05,167.00,169.60,170.00,166.80,,169.56,,,36577,6160653.00,601,F1,1,,,,,
2026-09-04,2026-09-04,CM,BSE,STK,513250,INE197A01024,JYOTISTRUC,B,,,,,JYOTI STRUCTURES LTD.,9.80,10.16,9.70,10.02,10.05,9.83,,10.02,,,869472,8621736.00,1426,F1,1,,,,,
2026-09-04,2026-09-04,CM,BSE,STK,513252,INE289D01015,JAYUSH,X,,,,,JAY USHIN LTD.,840.00,840.00,838.00,838.20,838.20,831.00,,838.20,,,21,17629.00,3,F1,1,,,,,
2026-09-04,2026-09-04,CM,BSE,STK,513262,INE802C01033,SSWL,B,,,,,STEEL STRIPS WHEELS LTD.,360.00,365.00,348.90,361.85,362.50,360.90,,361.85,,,97494,34706263.00,1662,F1,1,,,,,
2026-09-04,2026-09-04,CM,BSE,STK,513269,INE993A01026,MANINDS,B,,,,,MAN INDUSTRIES (INDIA) LTD.,800.90,808.80,782.00,789.75,789.75,792.90,,788.60,,,53595,42527829.00,1359,F1,1,,,,,
2026-09-04,2026-09-04,CM,BSE,STK,513295,INE611C01020,IMEC,X,,,,,IMEC SERVICES LIMITED,98.05,108.10,98.05,106.15,106.45,104.00,,106.15,,,269,28122.00,24,F1,1,,,,,
2026-09-04,2026-09-04,CM,BSE,STK,513303,INE001F01019,MDRNSTL,X,,,,,MODERN STEELS LTD.,14.75,15.40,13.90,14.81,14.98,13.60,,14.81,,,23104,337368.00,87,F1,1,,,,,
2026-09-04,2026-09-04,CM,BSE,STK,513307,INE363L01045,BELDING,X,,,,,BELDING INDIA LIMITED,1035.00,1048.80,1010.00,1018.55,1018.55,1040.50,,1018.55,,,76300,77766616.00,88,F1,1,,,,,
2026-09-04,2026-09-04,CM,BSE,STK,513337,INE145J01032,GUJTLRM,B,,,,,GUJARAT TOOLROOM LTD.,0.44,0.45,0.43,0.44,0.44,0.44,,0.44,,,4766890,2078261.00,1153,F1,1,,,,,
2026-09-04,2026-09-04,CM,BSE,STK,513349,INE298G01035,AJMERA,B,,,,,AJMERA REALTY & INFRA INDIA LT,117.30,120.60,117.00,118.00,117.60,115.55,,117.77,,,63713,7533898.00,1040,F1,1,,,,,
2026-09-04,2026-09-04,CM,BSE,STK,513353,INE105D01013,COCHINM,X,,,,,COCHIN MINERALS & RUTILE LTD.,320.60,322.00,310.00,316.90,317.40,320.60,,316.90,,,12774,4043977.00,307,F1,1,,,,,
2026-09-04,2026-09-04,CM,BSE,STK,513361,INE072A01029,INDIAHOMES,X,,,,,India Homes Limited,28.37,29.50,28.00,28.72,28.72,27.81,,28.72,,,547505,15735186.00,822,F1,1,,,,,
2026-09-04,2026-09-04,CM,BSE,STK,513369,INE013J01016,KVFORGE,XT,,,,,KRISHANVEER FORGE LIMITED,143.00,143.00,133.00,133.00,133.00,136.95,,133.00,,,5586,765880.00,75,F1,1,,,,,
2026-09-04,2026-09-04,CM,BSE,STK,513375,INE120A01034,CARBORUNIV,A,,,,,CARBORUNDUM UNIVERSAL LTD.,1078.05,1139.90,1070.20,1131.00,1128.05,1080.15,,1130.62,,,24335,27290324.00,1233,F1,1,,,,,
2026-09-04,2026-09-04,CM,BSE,STK,513377,INE123F01029,MMTC,B,,,,,MMTC LTD.,62.69,66.14,62.17,64.18,64.25,62.28,,64.18,,,496885,32281776.00,2757,F1,1,,,,,
2026-09-04,2026-09-04,CM,BSE,STK,513397,INE457E01016,VALLABHSQ,XT,,,,,VALLABH STEELS LTD.,10.60,10.60,9.60,9.60,9.60,10.10,,9.60,,,855,8213.00,6,F1,1,,,,,
2026-09-04,2026-09-04,CM,BSE,STK,513418,INE728B01032,SMFIL,XT,,,,,SMITHS & FOUNDERS (INDIA) LIMI,11.62,11.62,11.62,11.62,11.62,11.40,,11.62,,,39837,462905.00,39,F1,1,,,,,
2026-09-04,2026-09-04,CM,BSE,STK,513430,INE501L01024,MAITRI,XT,,,,,Maitri Enterprises Limited,37.49,37.73,37.49,37.73,37.73,37.75,,37.73,,,90,3395.00,4,F1,1,,,,,
2026-09-04,2026-09-04,CM,BSE,STK,513436,INE640C01011,SHAHALLOYS,T,,,,,SHAH ALLOYS LTD.,101.80,108.10,101.75,101.75,101.75,107.10,,101.68,,,8423,867909.00,94,F1,1,,,,,
2026-09-04,2026-09-04,CM,BSE,STK,513452,INE594D01018,ELANGO,XT,,,,,ELANGO INDUSTRIES LTD.,13.28,13.28,13.28,13.28,13.28,13.55,,13.28,,,25,332.00,1,F1,1,,,,,
2026-09-04,2026-09-04,CM,BSE,STK,513456,INE791E01018,KANSHST,X,,,,,KANISHK STEEL INDUSTRIES LTD.,46.40,46.40,43.70,44.04,44.46,45.78,,44.04,,,9246,411061.00,53,F1,1,,,,,
2026-09-04,2026-09-04,CM,BSE,STK,513472,INE658D01029,SIMPLEXCAS,X,,,,,SIMPLEX CASTINGS LTD.,102.05,104.00,98.00,102.55,102.55,102.15,,102.55,,,298071,30148495.00,949,F1,1,,,,,
2026-09-04,2026-09-04,CM,BSE,STK,513488,INE387D01025,SSWRL,XT,,,,,SHREE STEEL WIRE ROPES LTD.,25.45,25.45,24.05,24.90,24.90,24.42,,24.90,,,1214,30002.00,11,F1,1,,,,,
2026-09-04,2026-09-04,CM,BSE,STK,513496,INE235U01012,SIZEMASTER,X,,,,,SIZEMASTERS TECHNOLOGY LIMITED,305.00,320.00,289.75,312.60,300.00,305.00,,312.60,,,2739,838868.00,101,F1,1,,,,,
2026-09-04,2026-09-04,CM,BSE,STK,513498,INE308N01012,SOUTHMG,X,,,,,SOUTHERN MAGNESIUM & CHEMICALS,83.99,83.99,75.50,75.58,75.60,79.41,,75.58,,,1109,85696.00,24,F1,1,,,,,
2026-09-04,2026-09-04,CM,BSE,STK,513502,INE927K01023,BAROEXT,X,,,,,BARODA EXTRUSION LTD.,10.23,10.25,9.56,9.97,9.93,9.93,,9.97,,,203124,2022557.00,437,F1,1,,,,,
2026-09-04,2026-09-04,CM,BSE,STK,513509,INE314G01014,KALYANIFRG,T,,,,,KALYANI FORGE LTD.,1129.65,1145.00,1073.20,1077.20,1073.30,1129.65,,1080.38,,,1009,1119152.00,88,F1,1,,,,,
2026-09-04,2026-09-04,CM,BSE,STK,513511,INE798F01010,PANCHMAHQ,B,,,,,PANCHMAHAL STEEL LTD.,316.00,316.00,300.00,303.00,308.95,309.75,,303.00,,,94,29140.00,10,F1,1,,,,,
2026-09-04,2026-09-04,CM,BSE,STK,513513,INE570B01012,ADITYA,X,,,,,ADITYA ISPAT LTD.,8.69,8.69,8.30,8.40,8.40,8.69,,8.40,,,684,5800.00,14,F1,1,,,,,
2026-09-04,2026-09-04,CM,BSE,STK,513517,INE124E01038,STEELCAS,B,,,,,STEELCAST LTD.,321.00,332.00,315.00,328.00,327.45,318.40,,328.04,,,10898,3550548.00,574,F1,1,,,,,
2026-09-04,2026-09-04,CM,BSE,STK,513519,INE450D01021,PITTIENG,B,,,,,PITTI ENGINEERING LIMITED,1103.05,1106.50,1073.95,1083.70,1089.00,1105.10,,1084.77,,,4795,5229979.00,382,F1,1,,,,,
2026-09-04,2026-09-04,CM,BSE,STK,513528,INE741B01027,GLITTEKG,XT,,,,,GLITTEK GRANITES LTD.,79.50,79.52,73.00,79.39,79.39,75.74,,79.39,,,35202,2741821.00,254,F1,1,,,,,
2026-09-04,2026-09-04,CM,BSE,STK,513532,INE770A01010,PRADPME,T,,,,,PRADEEP METALS LTD.,486.10,495.00,486.05,495.00,495.00,496.95,,492.14,,,4388,2167086.00,13,F1,1,,,,,
2026-09-04,2026-09-04,CM,BSE,STK,513536,INE207H01018,GNRL,B,,,,,GUJARAT NATURAL RESOURCES LIMI,97.60,101.00,96.76,99.59,101.00,96.50,,99.31,,,23570,2327711.00,1157,F1,1,,,,,
2026-09-04,2026-09-04,CM,BSE,STK,513544,INE277E01026,MSCTC,XT,,,,,MARDIA SAMYOUNG CAPILLARY TUBE,51.00,53.00,51.00,52.79,53.00,51.00,,52.79,,,3182,167047.00,36,F1,1,,,,,
2026-09-04,2026-09-04,CM,BSE,STK,513548,INE385M01012,SHRDAIS,X,,,,,SHARDA ISPAT LTD.,165.10,165.10,154.00,154.05,154.00,147.25,,154.05,,,265,42265.00,13,F1,1,,,,,
2026-09-04,2026-09-04,CM,BSE,STK,513554,INE451L01014,MAHASTEEL,T,,,,,MAHAMAYA STEEL INDUSTRIES LTD.,1199.00,1324.00,1198.65,1278.30,1276.00,1261.70,,1282.35,,,893,1098806.00,74,F1,1,,,,,
2026-09-04,2026-09-04,CM,BSE,STK,513566,INE608C01026,NOVIS,X,,,,,NOVA IRON & STEEL LTD.,11.03,11.74,11.03,11.50,11.50,11.20,,11.50,,,6064,69613.00,24,F1,1,,,,,
2026-09-04,2026-09-04,CM,BSE,STK,513575,INE067E01013,STERPOW,X,,,,,STERLING POWERGENSYS LTD,28.01,29.30,28.01,29.30,29.30,28.27,,29.30,,,1492,43063.00,34,F1,1,,,,,
2026-09-04,2026-09-04,CM,BSE,STK,513599,INE531E01026,HINDCOPPER,A,,,,,HINDUSTAN COPPER LTD.,523.40,523.40,518.05,521.55,521.55,517.95,,521.64,,,269761,140395233.00,3589,F1,1,,,,,
2026-09-04,2026-09-04,CM,BSE,STK,513629,INE463D01016,TULSYAN,X,,,,,TULSYAN NEC LTD.,26.99,27.57,25.66,27.57,27.57,26.26,,27.57,,,1155,31553.00,10,F1,1,,,,,
2026-09-04,2026-09-04,CM,BSE,STK,513642,INE197C01012,AXELPOLY,X,,,,,AXEL POLYMERS LTD.,50.99,50.99,44.32,49.07,49.00,50.32,,49.07,,,628,30785.00,17,F1,1,,,,,
2026-09-04,2026-09-04,CM,BSE,STK,513683,INE589A01014,NLCINDIA,A,,,,,NLC India Limited,276.80,277.00,272.15,273.00,273.45,274.50,,273.05,,,33161,9085821.00,1103,F1,1,,,,,
2026-09-04,2026-09-04,CM,BSE,STK,513687,INE848B01012,SPECTRA,Z,,,,,SPECTRA INDUSTRIES LTD.,3.94,3.94,3.94,3.94,3.94,4.14,,3.94,,,500,1970.00,1,F1,1,,,,,
2026-09-04,2026-09-04,CM,BSE,STK,513693,INE434C01027,KAJARIR,XT,,,,,KIC METALIKS LTD.,32.15,32.98,31.31,32.95,32.80,31.62,,32.95,,,13112,419339.00,31,F1,1,,,,,
2026-09-04,2026-09-04,CM,BSE,STK,513699,INE584G01012,SOLIDSTON,X,,,,,SOLID STONE COMPANY LTD.,28.00,28.00,27.00,27.00,27.00,26.99,,27.00,,,77,2153.00,4,F1,1,,,,,
2026-09-04,2026-09-04,CM,BSE,STK,513709,INE960A01017,SHILGRAVQ,B,,,,,SHILP GRAVURES LTD.,150.30,150.30,143.00,144.30,145.00,149.10,,144.64,,,4734,691047.00,150,F1,1,,,,,
2026-09-04,2026-09-04,CM,BSE,STK,513713,INE146C01019,WHITEORG,X,,,,,White Organic Agro Limited,3.40,3.60,3.10,3.34,3.32,3.40,,3.34,,,50570,168387.00,136,F1,1,,,,,
2026-09-04,2026-09-04,CM,BSE,STK,513721,INE614F01019,MFSINTRCRP,X,,,,,MFS INTERCORP LTD.,12.95,12.95,11.75,12.95,12.95,12.34,,12.95,,,775,9398.00,16,F1,1,,,,,
2026-09-04,2026-09-04,CM,BSE,STK,513729,INE210C01013,AROGRANITE,B,,,,,ARO GRANITE INDUSTRIES LTD.,25.70,25.70,24.11,25.29,25.29,24.11,,25.20,,,354,8771.00,26,F1,1,,,,,
2026-09-04,2026-09-04,CM,BSE,STK,514010,INE723D01021,RUDRAECO,XT,,,,,RUDRA ECOVATION LIMITED,23.08,24.66,23.00,23.93,23.95,23.49,,23.93,,,256979,6154420.00,288,F1,1,,,,,
2026-09-04,2026-09-04,CM,BSE,STK,514028,INE376L01013,RAJKSYN,X,,,,,RAJKAMAL SYNTHETICS LTD.,25.75,25.75,20.00,21.38,21.36,21.46,,21.38,,,1203,26328.00,20,F1,1,,,,,
2026-09-04,2026-09-04,CM,BSE,STK,514030,INE272C01013,DEEPAKSP,X,,,,,DEEPAK SPINNERS LTD.,144.95,147.00,140.15,143.50,143.50,142.25,,143.50,,,1888,272826.00,48,F1,1,,,,,
2026-09-04,2026-09-04,CM,BSE,STK,514036,INE970D01010,LOYALTEX,B,,,,,LOYAL TEXTILE MILLS LTD.,220.60,242.90,205.10,219.80,219.80,211.10,,218.14,,,158,33307.00,13,F1,1,,,,,
2026-09-04,2026-09-04,CM,BSE,STK,514043,INE049A01027,HIMATSEIDE,B,,,,,HIMATSINGKA SEIDE LTD.,69.93,71.79,69.93,71.37,71.37,70.37,,71.50,,,37047,2629102.00,411,F1,1,,,,,
2026-09-04,2026-09-04,CM,BSE,STK,514045,INE594B01012,BSL,B,,,,,BSL LTD.,123.00,124.80,121.95,124.70,124.70,123.50,,123.58,,,290,35889.00,13,F1,1,,,,,
2026-09-04,2026-09-04,CM,BSE,STK,514060,INE229N01010,NEWTRAC,XT,,,,,NEWTRAC FOODS & BEVERAGES LIMI,4.07,4.27,3.87,3.98,4.05,4.07,,3.98,,,18001,73168.00,65,F1,1,,,,,
2026-09-04,2026-09-04,CM,BSE,STK,514087,INE501F01018,PBMPOLY,B,,,,,PBM POLYTEX LTD.,59.35,59.35,59.35,59.35,59.35,59.35,,60.18,,,3,178.00,1,F1,1,,,,,
2026-09-04,2026-09-04,CM,BSE,STK,514113,INE207C01019,ADINATH,X,,,,,ADINATH TEXTILES LTD.,23.60,23.60,21.81,22.96,22.96,22.95,,22.96,,,1467,33986.00,12,F1,1,,,,,
2026-09-04,2026-09-04,CM,BSE,STK,514138,INE132C01027,SURYALA,B,,,,,SURYALATA SPINNING MILLS LTD.,469.95,469.95,410.10,410.10,410.10,411.00,,410.74,,,161,67428.00,16,F1,1,,,,,
2026-09-04,2026-09-04,CM,BSE,STK,514142,INE592B01024,TTL,B,,,,,T T LTD.,7.05,7.05,6.71,6.81,6.93,6.90,,6.81,,,19967,136888.00,79,F1,1,,,,,
2026-09-04,2026-09-04,CM,BSE,STK,514162,INE192B01031,WELSPUNLIV,A,,,,,WELSPUN LIVING LIMITED,200.75,209.60,200.00,208.20,208.20,200.65,,208.48,,,813648,167753637.00,6143,F1,1,,,,,
2026-09-04,2026-09-04,CM,BSE,STK,514165,INE862B01013,INDIANACRY,X,,,,,INDIAN ACRYLICS LTD.,6.07,6.29,5.88,5.98,5.99,6.06,,5.98,,,72851,444742.00,143,F1,1,,,,,
2026-09-04,2026-09-04,CM,BSE,STK,514167,INE845D01014,GANECOS,B,,,,,GANESHA ECOSPHERE LTD.,1012.40,1012.40,962.35,998.15,1001.00,1022.20,,999.86,,,12744,12599055.00,1051,F1,1,,,,,
2026-09-04,2026-09-04,CM,BSE,STK,514171,INE760J01012,CEETAIN,X,,,,,CEETA INDUSTRIES LTD.,39.00,42.90,38.99,39.00,39.00,37.70,,39.00,,,468,18304.00,12,F1,1,,,,,
2026-09-04,2026-09-04,CM,BSE,STK,514175,INE835A01029,VARDMNPOLY,B,,,,,VARDHMAN POLYTEX LTD.,6.00,6.04,5.78,5.87,5.88,6.00,,5.87,,,13078,77699.00,84,F1,1,,,,,
2026-09-04,2026-09-04,CM,BSE,STK,514177,INE351D01013,IMPERA,X,,,,,IMPERA WORLDWIDE LIMITED,70.99,70.99,70.99,70.99,70.99,67.95,,70.99,,,1,70.00,1,F1,1,,,,,
2026-09-04,2026-09-04,CM,BSE,STK,514183,INE761G01016,BLACKROSE,T,,,,,BLACK ROSE INDUSTRIES LTD.,114.25,114.25,112.15,112.40,114.20,112.20,,112.60,,,1336,150374.00,23,F1,1,,,,,
2026-09-04,2026-09-04,CM,BSE,STK,514197,INE110Q01023,STCORP,X,,,,,S&T CORPORATION LTD.,4.74,4.74,4.36,4.48,4.48,4.55,,4.48,,,2730,12287.00,26,F1,1,,,,,
2026-09-04,2026-09-04,CM,BSE,STK,514211,INE235C01036,SUMEETINDS,B,,,,,SUMEET INDUSTRIES LTD.,11.45,11.56,11.18,11.50,11.52,11.44,,11.50,,,112083,1278128.00,332,F1,1,,,,,
2026-09-04,2026-09-04,CM,BSE,STK,514223,INE410D01017,RAMGOPOLY,XT,,,,,RAMGOPAL POLYTEX LTD.,30.74,30.74,30.74,30.74,30.74,31.36,,30.74,,,8772,269651.00,9,F1,1,,,,,
2026-09-04,2026-09-04,CM,BSE,STK,514234,INE495C01010,SANGAMIND,B,,,,,SANGAM (INDIA) LTD.,580.00,583.15,572.70,581.00,581.00,573.15,,578.96,,,715,413036.00,91,F1,1,,,,,
2026-09-04,2026-09-04,CM,BSE,STK,514238,INE874A01010,MKVENTURES,X,,,,,MKVENTURES CAPITAL LIMITED,1089.95,1089.95,1000.00,1027.40,1028.00,983.75,,1027.40,,,292,300310.00,32,F1,1,,,,,
2026-09-04,2026-09-04,CM,BSE,STK,514240,INE979D01011,KUSHIND,X,,,,,Kush Industries Limited,6.45,6.60,6.21,6.37,6.36,6.20,,6.37,,,2616,16758.00,36,F1,1,,,,,
2026-09-04,2026-09-04,CM,BSE,STK,514248,INE377C01010,SRECR,P,,,,,SREECHEM RESINS LTD.,25.20,25.20,24.00,24.00,24.00,24.00,,24.00,,,300,7320.00,3,F1,100,,,,,
2026-09-04,2026-09-04,CM,BSE,STK,514260,INE899E01019,SURBHIN,XT,,,,,SURBHI INDUSTRIES LTD.,96.01,96.01,96.01,96.01,96.01,91.44,,96.01,,,418,40132.00,7,F1,1,,,,,
2026-09-04,2026-09-04,CM,BSE,STK,514264,INE707B01010,SEASONST,X,,,,,SEASONS TEXTILES LTD.,18.49,18.49,18.49,18.49,18.49,18.58,,18.49,,,2,36.00,1,F1,1,,,,,
2026-09-04,2026-09-04,CM,BSE,STK,514266,INE106C01013,ZENIFIB,X,,,,,ZENITH FIBRES LTD.,53.60,54.99,52.00,53.14,53.14,53.93,,53.14,,,4278,229074.00,42,F1,1,,,,,
2026-09-04,2026-09-04,CM,BSE,STK,514272,INE436C01014,BHILSPIN,X,,,,,BHILWARA SPINNERS LTD.,132.65,133.95,131.00,133.40,133.50,132.45,,133.40,,,3417,451994.00,21,F1,1,,,,,
2026-09-04,2026-09-04,CM,BSE,STK,514274,INE273D01027,VGL,B,,,,,VARVEE GLOBAL LIMITED,57.30,58.46,52.89,53.49,52.90,55.06,,53.31,,,3080,167061.00,40,F1,1,,,,,
2026-09-04,2026-09-04,CM,BSE,STK,514280,INE589J01015,SANTETX,X,,,,,SANRHEA TECHNICAL TEXTILES LTD,155.00,162.00,152.00,161.00,161.00,154.65,,161.00,,,1693,264641.00,32,F1,1,,,,,
2026-09-04,2026-09-04,CM,BSE,STK,514286,INE440A01010,ASHIMASYN,B,,,,,ASHIMA LTD.,17.73,18.00,17.61,17.70,17.70,17.52,,17.89,,,1689,30248.00,17,F1,1,,,,,
2026-09-04,2026-09-04,CM,BSE,STK,514300,INE156C01018,PIONEEREMB,B,,,,,PIONEER EMBROIDERIES LTD.,21.10,24.20,21.00,21.08,21.08,21.30,,21.36,,,1579,33349.00,9,F1,1,,,,,
2026-09-04,2026-09-04,CM,BSE,STK,514302,INE660D01017,VIPPYSP,X,,,,,VIPPY SPINPRO LTD.,183.00,190.00,182.00,183.45,183.45,180.10,,183.45,,,362,66525.00,12,F1,1,,,,,
2026-09-04,2026-09-04,CM,BSE,STK,514312,INE156E01014,JAIHIND,X,,,,,JAIHIND INDUSTRIES LIMITED,47.38,47.38,38.33,39.58,40.50,40.44,,39.58,,,53739,2242283.00,220,F1,1,,,,,
2026-09-04,2026-09-04,CM,BSE,STK,514316,INE969C01022,RAGHUSYN,X,,,,,RAGHUVIR SYNTHETICS LTD.,91.00,93.57,89.00,91.90,91.90,90.91,,91.90,,,4139,374840.00,47,F1,1,,,,,
2026-09-04,2026-09-04,CM,BSE,STK,514318,INE722N01014,JATTAINDUS,X,,,,,JATTASHANKAR INDUSTIES LTD.,527.00,574.00,525.00,553.00,553.00,545.35,,553.00,,,49,26544.00,8,F1,1,,,,,
2026-09-04,2026-09-04,CM,BSE,STK,514322,INE535C01013,KAMADGIRI,X,,,,,KAMADGIRI FASHION LTD.,119.25,119.25,116.00,116.85,117.45,110.70,,116.85,,,101,11806.00,6,F1,1,,,,,
2026-09-04,2026-09-04,CM,BSE,STK,514324,INE814D01010,OMNITEX,X,,,,,OMNITEX INDUSTRIES (INDIA) LTD,741.30,741.30,740.00,740.00,740.00,745.00,,740.00,,,2,1481.00,2,F1,1,,,,,
2026-09-04,2026-09-04,CM,BSE,STK,514326,INE790C01014,PATSPINLTD,X,,,,,PATSPIN INDIA LTD.,6.35,6.35,6.35,6.35,6.35,6.35,,6.35,,,54,342.00,1,F1,1,,,,,
2026-09-04,2026-09-04,CM,BSE,STK,514330,INE670O01013,ONEGLOBAL,B,,,,,ONE GLOBAL SERVICE PROVIDER LI,553.20,553.20,533.90,542.45,539.30,526.90,,542.41,,,5067,2765232.00,171,F1,1,,,,,
2026-09-04,2026-09-04,CM,BSE,STK,514332,INE216I01017,NEOINFRA,X,,,,,NEO INFRACON LTD.,43.85,43.85,39.05,41.49,41.49,40.01,,41.49,,,3075,127546.00,22,F1,1,,,,,
2026-09-04,2026-09-04,CM,BSE,STK,514336,INE194N01016,CCME,X,,,,,CCME GLOBAL LIMITED,30.80,30.80,30.80,30.80,30.80,32.42,,30.80,,,3079,94833.00,39,F1,1,,,,,
2026-09-04,2026-09-04,CM,BSE,STK,514354,INE309M01020,PREMIERPOL,B,,,,,PREMIER POLYFILM LTD.,91.55,98.35,87.79,95.20,95.06,92.37,,95.35,,,71383,6726674.00,980,F1,1,,,,,
2026-09-04,2026-09-04,CM,BSE,STK,514360,INE078T01026,KRRAIL,X,,,,,K&R RAIL ENGINEERING LIMITED,24.35,24.35,23.00,23.13,23.22,22.66,,23.13,,,22790,530891.00,259,F1,1,,,,,
2026-09-04,2026-09-04,CM,BSE,STK,514378,INE564C01013,YARNSYN,X,,,,,YARN SYNDICATE LTD.,13.73,13.87,12.27,13.45,13.50,13.27,,13.45,,,7860,103411.00,51,F1,1,,,,,
2026-09-04,2026-09-04,CM,BSE,STK,514386,INE004C01028,GUJCOTEX,X,,,,,GUJARAT COTEX LTD.,2.71,2.81,2.62,2.77,2.77,2.70,,2.77,,,1074861,2955248.00,331,F1,1,,,,,
2026-09-04,2026-09-04,CM,BSE,STK,514400,INE340D01016,GARWSYN,X,,,,,GARWARE SYNTHETICS LTD.,18.00,18.95,17.51,18.95,18.95,18.38,,18.95,,,721,12685.00,8,F1,1,,,,,
2026-09-04,2026-09-04,CM,BSE,STK,514402,INE638N01012,ECOHOTELS,X,,,,,ECO HOTELS AND RESORTS LIMITED,8.81,9.46,8.81,9.25,9.25,9.01,,9.25,,,28524,266417.00,67,F1,1,,,,,
2026-09-04,2026-09-04,CM,BSE,STK,514412,INE305D01019,SARUPINDUS,X,,,,,SARUP INDUSTRIES LTD.,118.00,118.00,118.00,118.00,118.00,115.10,,118.00,,,5,590.00,3,F1,1,,,,,
2026-09-04,2026-09-04,CM,BSE,STK,514414,INE114D01015,OXFORDIN,XT,,,,,OXFORD INDUSTRIES LTD.,17.79,17.79,17.79,17.79,17.79,18.15,,17.79,,,27790,494384.00,101,F1,1,,,,,
2026-09-04,2026-09-04,CM,BSE,STK,514418,INE370D01013,MANORG,B,,,,,MANGALAM ORGANICS LIMITED,510.50,510.50,485.00,487.40,485.00,490.00,,489.36,,,292,144246.00,65,F1,1,,,,,
2026-09-04,2026-09-04,CM,BSE,STK,514428,INE074C01013,HINDADH,B,,,,,HINDUSTAN ADHESIVES LTD.,377.15,377.15,364.00,366.95,367.00,373.40,,368.75,,,312,115518.00,29,F1,1,,,,,
2026-09-04,2026-09-04,CM,BSE,STK,514440,INE439N01031,BPAGRI,B,,,,,Blue Pearl Agriventures Limite,9.09,9.09,8.43,8.57,8.46,8.72,,8.57,,,9077126,79938435.00,358,F1,1,,,,,
2026-09-04,2026-09-04,CM,BSE,STK,514442,INE009C01019,SRIKPRIND,B,,,,,SRI KPR INDUSTRIES LTD.,35.24,35.24,31.11,33.46,34.50,32.04,,33.39,,,94980,3190361.00,1004,F1,1,,,,,
2026-09-04,2026-09-04,CM,BSE,STK,514448,INE577D01013,JYOTIRES,B,,,,,JYOTI RESINS & ADHESIVES LTD.,879.45,879.45,861.30,869.25,866.55,869.85,,868.77,,,4599,3990782.00,472,F1,1,,,,,
2026-09-04,2026-09-04,CM,BSE,STK,514450,INE112D01035,MHLXMIRU,T,,,,,MAHALAXMI RUBTECH LTD.,177.00,177.00,177.00,177.00,177.00,169.10,,174.89,,,223,39471.00,2,F1,1,,,,,
2026-09-04,2026-09-04,CM,BSE,STK,514454,INE410M01018,SOUTLAT,XT,,,,,SOUTHERN LATEX LTD.,33.99,33.99,33.95,33.95,33.95,33.33,,33.95,,,502,17061.00,11,F1,1,,,,,
2026-09-04,2026-09-04,CM,BSE,STK,514470,INE837B01031,WINSOMTX,X,,,,,WINSOME TEXTILE INDUSTRIES LTD,81.00,85.00,81.00,83.12,83.12,82.74,,83.12,,,3971,332268.00,60,F1,1,,,,,
2026-09-04,2026-09-04,CM,BSE,STK,515008,INE219W01012,MODINSU,XT,,,,,MODERN INSULATORS LTD.,440.00,451.60,432.60,437.70,437.40,430.10,,437.70,,,59758,26616780.00,608,F1,1,,,,,
2026-09-04,2026-09-04,CM,BSE,STK,515018,INE277C01012,REGENCERAM,B,,,,,REGENCY CERAMICS LTD.,36.62,36.62,34.64,34.64,34.64,36.99,,34.79,,,858,31109.00,31,F1,1,,,,,
2026-09-04,2026-09-04,CM,BSE,STK,515030,INE439A01020,ASAHIINDIA,A,,,,,ASAHI INDIA GLASS LTD.,961.35,970.00,951.40,955.50,956.00,961.30,,955.88,,,14218,13634612.00,1177,F1,1,,,,,
2026-09-04,2026-09-04,CM,BSE,STK,515037,INE692B01014,MURUDCERA,B,,,,,MURUDESHWAR CERAMICS LTD.,29.04,30.80,29.04,29.62,29.60,30.11,,29.64,,,5559,165539.00,118,F1,1,,,,,
2026-09-04,2026-09-04,CM,BSE,STK,515043,INE068B01017,SEKURITIND,B,,,,,SAINT-GOBAIN SEKURIT INDIA LTD,115.05,116.00,114.10,114.40,114.45,114.90,,114.50,,,11586,1329580.00,201,F1,1,,,,,
2026-09-04,2026-09-04,CM,BSE,STK,515055,INE242C01024,ANANTRAJ,A,,,,,ANANT RAJ LIMITED,631.05,646.15,622.15,624.80,624.80,628.50,,625.40,,,333679,211416359.00,7930,F1,1,,,,,
2026-09-04,2026-09-04,CM,BSE,STK,515059,INE469C01023,MADHUDIN,X,,,,,MADHUSUDAN INDUSTRIES LTD.,36.73,36.73,36.10,36.10,36.10,36.73,,36.10,,,265,9638.00,4,F1,1,,,,,
2026-09-04,2026-09-04,CM,BSE,STK,515085,INE298E01022,RESTILE,X,,,,,RESTILE CERAMICS LTD.,7.88,8.26,7.15,8.12,8.13,7.51,,8.12,,,37245,293199.00,105,F1,1,,,,,
2026-09-04,2026-09-04,CM,BSE,STK,515093,INE925C01016,MADHAV,B,,,,,MADHAV MARBLES & GRANITES LTD.,34.55,35.68,34.55,34.55,34.55,34.15,,35.36,,,890,31698.00,15,F1,1,,,,,
2026-09-04,2026-09-04,CM,BSE,STK,515147,INE506D01020,HALDYNGL,T,,,,,HALDYN GLASS LTD,147.90,147.90,142.15,146.40,146.00,145.35,,147.26,,,11593,1694926.00,116,F1,1,,,,,
2026-09-04,2026-09-04,CM,BSE,STK,516003,INE932D01010,DUROPLY,X,,,,,DUROPLY INDUSTRIES LIMITED,106.67,107.99,102.00,107.06,107.95,106.67,,107.06,,,3517,375912.00,29,F1,1,,,,,
2026-09-04,2026-09-04,CM,BSE,STK,516016,INE231C01019,SHREYANIND,B,,,,,SHREYANS INDUSTRIES LTD.,129.95,132.60,128.00,128.00,128.00,131.95,,128.92,,,896,116246.00,16,F1,1,,,,,
2026-09-04,2026-09-04,CM,BSE,STK,516022,INE733A01018,STARPAPER,B,,,,,STAR PAPER MILLS LTD.,152.00,152.00,151.00,151.00,151.00,153.65,,151.42,,,61,9212.00,3,F1,1,,,,,
2026-09-04,2026-09-04,CM,BSE,STK,516030,INE551D01018,PAKKA,B,,,,,PAKKA LIMITED,74.74,74.74,72.74,73.78,73.63,73.71,,73.71,,,8926,657673.00,468,F1,1,,,,,
2026-09-04,2026-09-04,CM,BSE,STK,516032,INE385D01029,TAHMARENT,XT,,,,,TAHMAR ENTERPRISES LIMITED,3.35,3.40,3.20,3.20,3.20,3.35,,3.20,,,19702,64529.00,79,F1,1,,,,,
2026-09-04,2026-09-04,CM,BSE,STK,516038,INE737E01011,KSSMART,X,,,,,KS Smart Technologies Limited,110.25,115.00,109.00,109.45,110.30,110.35,,109.45,,,4927,545063.00,92,F1,1,,,,,
2026-09-04,2026-09-04,CM,BSE,STK,516062,INE497C01016,NATPLY,Z,,,,,NATIONAL PLYWOOD INDUSTRIES LT,2.55,2.55,2.55,2.55,2.55,2.60,,2.55,,,1623,4138.00,8,F1,1,,,,,
2026-09-04,2026-09-04,CM,BSE,STK,516064,INE570D01018,ARROWGREEN,T,,,,,Arrow Greentech Limited,801.80,815.55,780.50,814.10,815.55,776.75,,814.10,,,2393,1921361.00,122,F1,1,,,,,
2026-09-04,2026-09-04,CM,BSE,STK,516072,INE270I01022,VISHNU,B,,,,,VISHNU CHEMICALS LTD.,696.35,722.45,682.80,701.70,703.00,689.35,,701.99,,,47814,33539276.00,1773,F1,1,,,,,
2026-09-04,2026-09-04,CM,BSE,STK,516078,INE699D01015,JUMBO,XT,,,,,JUMBO BAG LTD.,89.89,89.99,87.00,88.93,89.00,89.89,,88.93,,,2718,239073.00,34,F1,1,,,,,
2026-09-04,2026-09-04,CM,BSE,STK,516082,INE740D01017,NRAIL,B,,,,,N.R.AGARWAL INDUSTRIES LTD.,498.20,596.00,498.20,579.75,579.75,498.20,,583.78,,,8511,4851830.00,789,F1,1,,,,,
2026-09-04,2026-09-04,CM,BSE,STK,516092,INE105C01023,3PLAND,B,,,,,3P LAND HOLDINGS LTD.,32.70,33.10,31.40,31.93,31.93,33.70,,32.16,,,910,29455.00,42,F1,1,,,,,
2026-09-04,2026-09-04,CM,BSE,STK,516096,INE384D01022,SANPA,X,,,,,SANGAL PAPERS LTD.,180.55,197.00,180.55,182.15,182.15,190.00,,182.15,,,4,740.00,3,F1,1,,,,,
2026-09-04,2026-09-04,CM,BSE,STK,516098,INE810C01044,VENTURA,X,,,,,VENTURA TEXTILES LTD.,8.24,8.24,7.90,7.96,7.96,8.24,,7.96,,,1411,11258.00,22,F1,1,,,,,
2026-09-04,2026-09-04,CM,BSE,STK,516106,INE538D01015,SHKARTP,X,,,,,SHREE KARTHIK PAPERS LTD.,7.45,8.60,7.10,7.32,7.30,7.30,,7.32,,,6611,49550.00,49,F1,1,,,,,
2026-09-04,2026-09-04,CM,BSE,STK,516108,INE088G01014,STHINPA,X,,,,,SOUTH INDIA PAPER MILLS LTD.,120.00,120.00,116.30,118.85,119.20,117.40,,118.85,,,20092,2390044.00,54,F1,1,,,,,
2026-09-04,2026-09-04,CM,BSE,STK,516110,INE146N01016,FAMILYCARE,X,,,,,FAMILY CARE HOSPITALS LIMITED,2.09,2.09,2.02,2.06,2.06,2.05,,2.06,,,28211,57705.00,122,F1,1,,,,,
2026-09-04,2026-09-04,CM,BSE,STK,517015,INE707A01012,VINDHYATEL,B,,,,,VINDHYA TELELINKS LTD.,2753.00,2807.95,2718.55,2733.30,2721.00,2728.65,,2732.72,,,5237,14518737.00,522,F1,1,,,,,
2026-09-04,2026-09-04,CM,BSE,STK,517035,INE302D01024,RIR,B,,,,,RIR POWER ELECTRONICS LIMITED,159.50,176.05,158.70,163.15,163.15,157.50,,163.78,,,3685871,597797955.00,1663,F1,1,,,,,
2026-09-04,2026-09-04,CM,BSE,STK,517041,INE045A01017,ADOR,B,,,,,ADOR WELDING LTD.,1730.05,1730.05,1662.10,1674.40,1705.00,1716.05,,1674.40,,,3161,5327602.00,429,F1,1,,,,,
2026-09-04,2026-09-04,CM,BSE,STK,517059,INE457F01013,SALZERELEC,B,,,,,SALZER ELECTRONICS LTD.,537.95,553.65,537.95,550.15,548.00,537.25,,549.76,,,4237,2328818.00,316,F1,1,,,,,
2026-09-04,2026-09-04,CM,BSE,STK,517063,INE919C01019,JETKINGQ,X,,,,,JETKING INFOTRAIN LTD.,140.00,140.00,120.00,134.15,135.00,129.05,,134.15,,,40289,5144624.00,538,F1,1,,,,,
2026-09-04,2026-09-04,CM,BSE,STK,517077,INE115E01010,INDAGIV,XT,,,,,IND-AGIV COMMERCE LTD.,40.00,40.00,36.92,36.92,36.92,38.86,,36.92,,,149,5504.00,4,F1,1,,,,,
2026-09-04,2026-09-04,CM,BSE,STK,517096,INE273A01015,APLAB,X,,,,,APLAB LTD.,80.20,80.20,71.52,73.28,75.99,77.62,,73.28,,,4115,306517.00,70,F1,1,,,,,
2026-09-04,2026-09-04,CM,BSE,STK,517119,INE834B01012,PCS,X,,,,,PCS TECHNOLOGY LTD.,19.60,19.66,18.53,19.00,19.00,19.13,,19.00,,,4273,81011.00,46,F1,1,,,,,
2026-09-04,2026-09-04,CM,BSE,STK,517146,INE228A01035,USHAMART,A,,,,,USHA MARTIN LTD.,519.00,529.40,511.00,514.30,514.30,515.70,,514.16,,,127021,66251506.00,2705,F1,1,,,,,
2026-09-04,2026-09-04,CM,BSE,STK,517166,INE252A01019,SPELS,B,,,,,SPEL SEMICONDUCTOR LTD.,148.55,150.05,148.15,149.25,150.00,148.05,,149.36,,,7956,1184512.00,255,F1,1,,,,,
2026-09-04,2026-09-04,CM,BSE,STK,517168,INE287B01021,SUBROS,B,,,,,SUBROS LTD.,705.10,716.95,705.10,711.15,711.90,705.80,,709.64,,,6690,4745391.00,407,F1,1,,,,,
2026-09-04,2026-09-04,CM,BSE,STK,517170,INE125G01014,EDVENSWA,X,,,,,Edvenswa Enterprises Limited,21.94,21.94,20.58,20.70,21.57,21.00,,20.70,,,11351,240056.00,37,F1,1,,,,,
2026-09-04,2026-09-04,CM,BSE,STK,517172,INE443P01038,PERVASIVE,XT,,,,,Pervasive Commodities Limited,8.72,8.72,8.72,8.72,8.72,8.55,,8.72,,,178,1552.00,1,F1,1,,,,,
2026-09-04,2026-09-04,CM,BSE,STK,517174,INE671A01010,HONAUT,A,,,,,HONEYWELL AUTOMATION INDIA LTD,35740.00,35838.10,35472.40,35625.15,35505.10,35248.60,,35653.83,,,74,2640012.00,43,F1,1,,,,,
2026-09-04,2026-09-04,CM,BSE,STK,517201,INE311D01017,SWITCHTE,XT,,,,,SWITCHING TECHNOLOGIES GUNTHER,118.35,121.80,118.35,118.90,118.90,116.00,,118.90,,,663,80198.00,15,F1,1,,,,,
2026-09-04,2026-09-04,CM,BSE,STK,517206,INE162B01018,LUMAXIND,B,,,,,LUMAX INDUSTRIES LTD.,6419.55,6431.95,6126.00,6187.55,6187.55,6383.95,,6181.62,,,451,2820436.00,191,F1,1,,,,,
2026-09-04,2026-09-04,CM,BSE,STK,517214,INE927C01020,DIGISPICE,B,,,,,DIGISPICE TECHNOLOGIES LIMITED,17.29,17.29,16.66,17.05,17.05,16.97,,16.98,,,14497,246193.00,36,F1,1,,,,,
2026-09-04,2026-09-04,CM,BSE,STK,517230,INE766A01026,AURIQUE,XT,,,,,AURIQUE LIMITED,16.32,16.32,16.32,16.32,16.32,15.55,,16.32,,,70,1142.00,2,F1,1,,,,,
2026-09-04,2026-09-04,CM,BSE,STK,517236,INE216C01010,CALCOM,X,,,,,CALCOM VISION LTD.,71.38,71.77,69.11,71.01,71.40,69.57,,71.01,,,1671,117360.00,29,F1,1,,,,,
2026-09-04,2026-09-04,CM,BSE,STK,517238,INE083E01010,DYNAVSN,X,,,,,DYNAVISION LTD.,242.00,249.00,242.00,245.65,247.00,242.00,,245.65,,,283,69578.00,10,F1,1,,,,,
2026-09-04,2026-09-04,CM,BSE,STK,517246,INE788D01016,BCCFUBA,X,,,,,BCC FUBA INDIA LTD.,221.30,228.95,219.45,224.95,225.00,218.05,,224.95,,,32475,7268839.00,320,F1,1,,,,,
2026-09-04,2026-09-04,CM,BSE,STK,517258,INE143C01024,PRECISIO,XT,,,,,PRECISION ELECTRONICS LTD.,173.90,179.75,168.00,174.05,173.95,173.90,,174.05,,,346,59163.00,19,F1,1,,,,,
2026-09-04,2026-09-04,CM,BSE,STK,517264,INE087E01011,FINELINE,X,,,,,FINE-LINE CIRCUITS LTD.,66.00,67.19,64.50,66.65,66.68,66.00,,66.65,,,215,14288.00,11,F1,1,,,,,
2026-09-04,2026-09-04,CM,BSE,STK,517271,INE292B01021,HBLENGINE,A,,,,,HBL ENGINEERING LIMITED,665.05,723.85,665.05,696.20,696.20,665.80,,695.76,,,1097107,776774710.00,21615,F1,1,,,,,
2026-09-04,2026-09-04,CM,BSE,STK,517273,INE902B01017,S&SPOWER,B,,,,,S&S POWER SWITCHGEAR LTD.,316.00,317.00,316.00,317.00,317.00,318.30,,323.95,,,260,82395.00,107,F1,1,,,,,
2026-09-04,2026-09-04,CM,BSE,STK,517286,INE335Q01026,RNITAI,X,,,,,RNIT AI SOLUTIONS LIMITED,97.20,100.00,97.20,99.84,99.84,95.78,,99.84,,,234410,23323441.00,905,F1,1,,,,,
2026-09-04,2026-09-04,CM,BSE,STK,517288,INE541F01022,GUJARATPOLY,XT,,,,,Gujarat Poly Electronics Limit,68.75,68.75,64.55,65.08,67.45,66.30,,65.08,,,266,17485.00,31,F1,1,,,,,
2026-09-04,2026-09-04,CM,BSE,STK,517300,INE162A01010,GIPCL,B,,,,,GUJARAT INDUSTRIES POWER CO.LT,208.90,208.90,204.50,205.05,204.70,208.40,,205.17,,,32466,6677624.00,630,F1,1,,,,,
2026-09-04,2026-09-04,CM,BSE,STK,517320,INE898E01011,MAGNUS,XT,,,,,MAGNUS STEEL AND INFRA LIMITED,21.85,21.85,21.85,21.85,21.85,22.99,,21.85,,,9180,200583.00,151,F1,1,,,,,
2026-09-04,2026-09-04,CM,BSE,STK,517334,INE775A01035,MOTHERSON,A,,,,,Samvardhana Motherson Internat,163.90,163.90,160.20,160.50,160.50,162.45,,160.69,,,420753,67860056.00,4462,F1,1,,,,,
2026-09-04,2026-09-04,CM,BSE,STK,517336,INE834C01028,MODMA,P,,,,,MODERN MALLEABLES LTD.,44.20,44.99,43.51,44.99,44.99,44.15,,44.99,,,1600,70874.00,9,F1,100,,,,,
2026-09-04,2026-09-04,CM,BSE,STK,517344,INE110B01017,MINDTECK,B,,,,,MINDTECK (INDIA) LTD.,140.00,170.65,140.00,170.00,170.00,168.80,,168.81,,,3672,599666.00,124,F1,1,,,,,
2026-09-04,2026-09-04,CM,BSE,STK,517354,INE176B01034,HAVELLS,A,,,,,HAVELLS INDIA LTD.,1177.00,1177.05,1150.05,1156.00,1156.00,1200.00,,1154.06,,,91003,105551843.00,5977,F1,1,,,,,
2026-09-04,2026-09-04,CM,BSE,STK,517356,INE167B01025,ACIIN,XT,,,,,ACI INFOCOM LTD.,2.55,2.55,2.55,2.55,2.55,2.60,,2.55,,,34228,87281.00,63,F1,1,,,,,
2026-09-04,2026-09-04,CM,BSE,STK,517360,INE689V01018,SBECSYS,X,,,,,SBEC SYSTEMS (INDIA) LTD.,20.85,20.85,19.00,19.31,20.00,20.17,,19.31,,,350,6744.00,11,F1,1,,,,,
2026-09-04,2026-09-04,CM,BSE,STK,517370,INE437C01012,INCAP,X,,,,,INCAP LTD.,84.00,86.50,84.00,86.00,86.00,85.00,,86.00,,,81,6999.00,6,F1,1,,,,,
2026-09-04,2026-09-04,CM,BSE,STK,517372,INE877E01015,GUJINTRX,X,,,,,GUJARAT INTRUX LTD.,448.00,455.00,448.00,450.35,453.65,448.00,,450.35,,,4648,2099880.00,230,F1,1,,,,,
2026-09-04,2026-09-04,CM,BSE,STK,517380,INE188B01013,IGARASHI,B,,,,,IGARASHI MOTORS INDIA LTD.,416.00,428.35,416.00,423.20,424.50,416.60,,422.76,,,3221,1352578.00,164,F1,1,,,,,
2026-09-04,2026-09-04,CM,BSE,STK,517385,INE225D01027,SYMPHONY,B,,,,,SYMPHONY LIMITED,578.65,582.95,574.00,580.25,581.35,571.95,,580.35,,,1276,737014.00,147,F1,1,,,,,
2026-09-04,2026-09-04,CM,BSE,STK,517393,INE043B01028,REGANTO,Z,,,,,REGANTO ENTERPRISES LIMITED,5.14,5.14,4.71,4.76,4.90,4.95,,4.76,,,263375,1284924.00,394,F1,1,,,,,
2026-09-04,2026-09-04,CM,BSE,STK,517397,INE648E01010,PANELEC,X,,,,,PAN ELECTRONICS INDIA LTD.,27.91,27.91,24.55,26.49,26.49,27.78,,26.49,,,175,4707.00,12,F1,1,,,,,
2026-09-04,2026-09-04,CM,BSE,STK,517399,INE756A01019,VXLINSTR,XT,,,,,VXL INSTRUMENTS LTD.,3.05,3.05,3.04,3.04,3.04,3.05,,3.04,,,202,616.00,3,F1,1,,,,,
2026-09-04,2026-09-04,CM,BSE,STK,517411,INE635A01023,SHYAMTEL,B,,,,,SHYAM TELECOM LTD.,10.81,11.65,10.80,11.46,11.46,11.60,,11.56,,,990,11151.00,20,F1,1,,,,,
2026-09-04,2026-09-04,CM,BSE,STK,517415,INE791B01014,LEENEE,T,,,,,LEE & NEE SOFTWARES (EXPORTS),8.50,8.60,8.20,8.55,8.55,8.47,,8.45,,,26792,220114.00,21,F1,1,,,,,
2026-09-04,2026-09-04,CM,BSE,STK,517417,INE082C01024,PATELSAI,X,,,,,PATELS AIRTEMP (INDIA) LTD.,275.00,281.00,275.00,279.75,280.00,274.35,,279.75,,,4034,1124721.00,140,F1,1,,,,,
2026-09-04,2026-09-04,CM,BSE,STK,517421,INE295F01017,BUTTERFLY,B,,,,,BUTTERFLY GANDHIMATHI APPLIANC,615.95,625.00,608.60,624.90,622.55,614.25,,624.85,,,969,596275.00,70,F1,1,,,,,
2026-09-04,2026-09-04,CM,BSE,STK,517429,INE576B01019,ATHENAGLO,X,,,,,Athena Global Technologies Lim,55.35,55.35,52.59,52.64,53.00,55.35,,52.64,,,5283,278086.00,44,F1,1,,,,,
2026-09-04,2026-09-04,CM,BSE,STK,517431,INE060D01028,NARMP,X,,,,,NARMADA MACPLAST DRIP IRRIGATI,23.71,24.00,23.45,23.98,23.98,23.66,,23.98,,,82655,1953680.00,225,F1,1,,,,,
2026-09-04,2026-09-04,CM,BSE,STK,517437,INE940C01015,DUTRON,X,,,,,DUTRON POLYMERS LTD.,100.55,100.55,100.55,100.55,100.55,100.55,,100.55,,,3,301.00,2,F1,1,,,,,
2026-09-04,2026-09-04,CM,BSE,STK,517447,INE165B01029,RSSOFTWARE,B,,,,,R.S.SOFTWARE INDIA LTD.,30.50,31.22,29.91,30.01,30.01,29.74,,30.61,,,7328,226466.00,67,F1,1,,,,,
2026-09-04,2026-09-04,CM,BSE,STK,517449,INE437D01010,MAGNAELQ,X,,,,,MAGNA ELECTRO CASTINGS LTD.,1396.60,1440.00,1385.00,1423.50,1413.45,1396.60,,1423.50,,,1210,1719335.00,86,F1,1,,,,,
2026-09-04,2026-09-04,CM,BSE,STK,517467,INE415B01044,MARSONS,B,,,,,MARSONS LIMITED,124.65,140.50,124.65,137.50,137.50,126.25,,137.56,,,369939,50262004.00,2717,F1,1,,,,,
2026-09-04,2026-09-04,CM,BSE,STK,517477,INE033C01019,ELNET,X,,,,,ELNET TECHNOLOGIES LTD.,312.05,315.80,310.60,312.35,315.80,312.05,,312.35,,,1638,510754.00,33,F1,1,,,,,
2026-09-04,2026-09-04,CM,BSE,STK,517494,INE258C01038,ACCEL,X,,,,,ACCEL LIMITED,12.45,12.95,11.98,12.46,12.50,12.20,,12.46,,,8107,100026.00,42,F1,1,,,,,
2026-09-04,2026-09-04,CM,BSE,STK,517498,INE855C01023,WEBELSOLAR,A,,,,,WEBSOL ENERGY SYSTEM LTD.,77.93,79.64,73.66,74.65,74.65,77.33,,74.54,,,208156,15893265.00,2187,F1,1,,,,,
2026-09-04,2026-09-04,CM,BSE,STK,517500,INE535D01037,ROTO,B,,,,,ROTO PUMPS LTD.,62.20,65.57,62.20,64.44,64.93,63.77,,64.94,,,32183,2066388.00,296,F1,1,,,,,
2026-09-04,2026-09-04,CM,BSE,STK,517506,INE690A01028,TTKPRESTIG,B,,,,,TTK PRESTIGE LTD.,584.85,585.95,560.55,562.60,563.50,581.20,,562.75,,,5054,2874636.00,323,F1,1,,,,,
2026-09-04,2026-09-04,CM,BSE,STK,517514,INE589D01018,DHINDIA,X,,,,,D&H INDIA LTD,161.20,169.15,161.10,167.35,168.15,161.10,,167.35,,,3101,513727.00,39,F1,1,,,,,
2026-09-04,2026-09-04,CM,BSE,STK,517522,INE451D01029,RAJRATAN,B,,,,,RAJRATAN GLOBAL WIRE LTD.,496.00,502.35,487.45,497.90,502.00,495.90,,498.32,,,5297,2614968.00,385,F1,1,,,,,
2026-09-04,2026-09-04,CM,BSE,STK,517530,INE130B01031,SURANAT&P,B,,,,,SURANA TELECOM AND POWER LIMIT,16.40,16.64,16.03,16.54,16.60,16.24,,16.57,,,6790,111295.00,78,F1,1,,,,,
2026-09-04,2026-09-04,CM,BSE,STK,517536,INE229A01017,ONWARDTEC,B,,,,,ONWARD TECHNOLOGIES LTD.,283.75,288.30,282.20,283.40,283.00,283.45,,284.31,,,3039,864568.00,120,F1,1,,,,,
2026-09-04,2026-09-04,CM,BSE,STK,517544,INE320B01020,CENTUM,B,,,,,CENTUM ELECTRONICS LTD.,3750.00,3800.00,3724.95,3768.25,3778.20,3780.75,,3767.35,,,1934,7257455.00,353,F1,1,,,,,
2026-09-04,2026-09-04,CM,BSE,STK,517546,INE209C01015,ALFATRAN,X,,,,,ALFA TRANSFORMERS LTD.,34.55,34.55,33.99,34.22,34.30,33.99,,34.22,,,2862,97997.00,37,F1,1,,,,,
2026-09-04,2026-09-04,CM,BSE,STK,517554,INE141C01036,NHCFOODS,XT,,,,,NHC FOODS LTD.,2.84,2.84,2.58,2.58,2.58,2.71,,2.58,,,55319573,150005264.00,7948,F1,1,,,,,
2026-09-04,2026-09-04,CM,BSE,STK,517556,INE362A01016,PVP,B,,,,,PVP VENTURES LTD.,66.90,68.04,62.25,67.85,67.85,64.80,,67.94,,,366637,24068670.00,1814,F1,1,,,,,
2026-09-04,2026-09-04,CM,BSE,STK,517562,INE948A01012,TRIGYN,B,,,,,TRIGYN TECHNOLOGIES LTD.,59.62,59.93,57.61,59.02,59.25,58.76,,58.97,,,3571,209320.00,79,F1,1,,,,,
2026-09-04,2026-09-04,CM,BSE,STK,517569,INE878B01027,KEI,A,,,,,KEI INDUSTRIES LTD.,5069.95,5069.95,4822.50,4850.00,4850.00,5292.50,,4850.00,,,128537,632402144.00,17859,F1,1,,,,,
2026-09-04,2026-09-04,CM,BSE,STK,518011,INE145L01012,KEERTHI,X,,,,,KEERTHI INDUSTRIES LTD.,42.00,45.00,40.13,42.91,42.00,39.00,,42.91,,,3310,140888.00,31,F1,1,,,,,
2026-09-04,2026-09-04,CM,BSE,STK,518053,INE827D01020,SRICC,X,,,,,Sri Chakra Cement Limited,37.94,37.94,35.58,37.03,37.03,36.11,,37.03,,,1245,44777.00,18,F1,1,,,,,
2026-09-04,2026-09-04,CM,BSE,STK,518075,INE069E01019,SURAJ,Z,,,,,SURAJ PRODUCTS LTD.,267.00,269.10,262.05,266.00,265.45,257.15,,266.00,,,2839,761705.00,48,F1,1,,,,,
2026-09-04,2026-09-04,CM,BSE,STK,518091,INE071F01012,APCL,B,,,,,ANJANI PORTLAND CEMENT LTD.,100.13,100.13,100.10,100.10,100.10,100.10,,101.42,,,78,7807.00,5,F1,1,,,,,
2026-09-04,2026-09-04,CM,BSE,STK,519003,INE537F01012,MODINATUR,B,,,,,MODI NATURALS LIMITED,340.65,341.10,340.00,341.10,341.10,337.30,,340.95,,,71,24169.00,10,F1,1,,,,,
2026-09-04,2026-09-04,CM,BSE,STK,519031,INE455D01012,SHAHFOOD,XT,,,,,SHAH FOODS LTD.,431.45,431.45,401.85,401.85,401.85,422.95,,401.85,,,2991,1201963.00,26,F1,1,,,,,
2026-09-04,2026-09-04,CM,BSE,STK,519091,INE488B01017,TASTYBITE,B,,,,,TASTY BITE EATABLES LTD.,10076.00,10076.00,9950.00,9999.85,10016.50,10096.15,,9982.22,,,58,581012.00,22,F1,1,,,,,
2026-09-04,2026-09-04,CM,BSE,STK,519097,INE534D01014,RITESHIN,XT,,,,,RITESH INTERNATIONAL LTD.,78.00,80.80,76.00,79.92,80.80,76.96,,79.92,,,12706,999023.00,77,F1,1,,,,,
2026-09-04,2026-09-04,CM,BSE,STK,519105,INE488D01021,AVTNPL,B,,,,,AVT NATURAL PRODUCTS LTD.,93.65,93.65,90.50,90.95,90.99,91.53,,91.01,,,17828,1627740.00,426,F1,1,,,,,
2026-09-04,2026-09-04,CM,BSE,STK,519126,INE254N01026,HNDFDS,B,,,,,HINDUSTAN FOODS LTD.,626.90,626.90,609.65,615.95,615.00,626.90,,615.07,,,6587,4044028.00,506,F1,1,,,,,
2026-09-04,2026-09-04,CM,BSE,STK,519136,INE289A01011,NAHARINDUS,B,,,,,NAHAR INDUSTRIAL ENTERPRISES L,136.95,136.95,136.35,136.65,136.65,137.00,,137.63,,,85,11619.00,14,F1,1,,,,,
2026-09-04,2026-09-04,CM,BSE,STK,519152,INE693D01018,VADILENT,B,,,,,VADILAL ENTERPRISES LTD.,10550.00,10550.00,9990.00,10163.75,10163.75,10450.00,,10157.29,,,550,5609213.00,125,F1,1,,,,,
2026-09-04,2026-09-04,CM,BSE,STK,519156,INE694D01016,VADILALIND,B,,,,,VADILAL INDUSTRIES LTD.,7699.95,7699.95,7525.00,7657.60,7613.00,7624.25,,7655.04,,,334,2535759.00,100,F1,1,,,,,
2026-09-04,2026-09-04,CM,BSE,STK,519174,INE709D01012,ASHAI,XT,,,,,ASHIANA AGRO INDUSTRIES LTD.,11.30,11.30,11.30,11.30,11.30,11.40,,11.30,,,1,11.00,1,F1,1,,,,,
2026-09-04,2026-09-04,CM,BSE,STK,519183,INE982B01027,ADFFOODS,B,,,,,ADF FOODS LTD.,267.50,267.50,262.85,264.95,264.95,266.60,,264.80,,,4427,1172638.00,164,F1,1,,,,,
2026-09-04,2026-09-04,CM,BSE,STK,519191,INE601N01010,RGRL,Z,,,,,Retro Green Revolution Limited,1.20,1.20,1.16,1.19,1.17,1.20,,1.19,,,9511,11261.00,35,F1,1,,,,,
2026-09-04,2026-09-04,CM,BSE,STK,519214,INE188E01017,WILLIMFI,X,,,,,WILLIAMSON FINANCIAL SERVICES,4.05,4.20,4.05,4.20,4.20,4.00,,4.20,,,1267,5313.00,11,F1,1,,,,,
2026-09-04,2026-09-04,CM,BSE,STK,519216,INE601B01023,AJANTSOY,X,,,,,AJANTA SOYA LTD.,23.80,23.94,23.60,23.83,23.86,23.76,,23.83,,,24721,587435.00,105,F1,1,,,,,
2026-09-04,2026-09-04,CM,BSE,STK,519224,INE210A01017,WILLAMAGOR,B,,,,,WILLIAMSON MAGOR & COMPANY LTD,24.25,24.60,23.24,24.50,24.50,23.35,,25.40,,,2200,51636.00,27,F1,1,,,,,
2026-09-04,2026-09-04,CM,BSE,STK,519230,INE102C01020,KISAAN,X,,,,,KISAAN PARIVAR INDUSTRIES LIMI,13.80,14.07,13.16,13.50,13.50,13.47,,13.50,,,306,4115.00,18,F1,1,,,,,
2026-09-04,2026-09-04,CM,BSE,STK,519238,INE233P01017,SPTRSHI,X,,,,,SAPTARISHI AGRO INDUSTRIES LTD,23.40,23.40,22.20,23.19,23.19,22.00,,23.19,,,7194,167168.00,16,F1,1,,,,,
2026-09-04,2026-09-04,CM,BSE,STK,519262,INE297D01018,PRIMAGR,X,,,,,PRIMA AGRO LTD.,16.25,16.25,15.50,15.50,15.50,15.50,,15.50,,,153,2372.00,5,F1,1,,,,,
2026-09-04,2026-09-04,CM,BSE,STK,519285,INE906C01016,TARAI,Z,,,,,TARAI FOODS LTD.,4.80,4.96,4.54,4.55,4.96,4.77,,4.55,,,1015,4672.00,17,F1,1,,,,,
2026-09-04,2026-09-04,CM,BSE,STK,519287,INE617B01011,MODAIRY,X,,,,,MODERN DAIRIES LTD.,35.99,38.00,35.99,36.19,36.00,35.37,,36.19,,,14112,518774.00,71,F1,1,,,,,
2026-09-04,2026-09-04,CM,BSE,STK,519295,INE921D01013,BAMBINO,X,,,,,BAMBINO AGRO INDUSTRIES LTD.,218.10,241.00,218.10,236.10,240.00,220.50,,236.10,,,11962,2751942.00,116,F1,1,,,,,
2026-09-04,2026-09-04,CM,BSE,STK,519299,INE543F01028,PRIMIND,X,,,,,PRIME INDUSTRIES LTD.,40.75,40.75,37.70,40.70,40.70,39.49,,40.70,,,3324,133796.00,22,F1,1,,,,,
2026-09-04,2026-09-04,CM,BSE,STK,519307,INE706A01022,VIKASWSP,Z,,,,,VIKAS WSP LTD.,0.94,0.94,0.90,0.90,0.90,0.92,,0.90,,,63691,57760.00,58,F1,1,,,,,
2026-09-04,2026-09-04,CM,BSE,STK,519331,INE923K01014,VSFPROJ,X,,,,,VSF PROJECTS LTD.,31.81,31.99,29.99,31.03,30.10,31.81,,31.03,,,534,16262.00,12,F1,1,,,,,
2026-09-04,2026-09-04,CM,BSE,STK,519359,INE809E01018,POONADAL,X,,,,,POONA DAL & OIL INDUSTRIES LTD,65.00,65.00,63.55,63.55,63.55,61.25,,63.55,,,7,446.00,5,F1,1,,,,,
2026-09-04,2026-09-04,CM,BSE,STK,519367,INE213P01027,TRANSFD,X,,,,,TRANSGLOBE FOODS LTD.,390.05,392.05,390.05,390.05,390.05,410.00,,390.05,,,64,24989.00,6,F1,1,,,,,
2026-09-04,2026-09-04,CM,BSE,STK,519383,INE087B01017,ANIKINDS,B,,,,,ANIK INDUSTRIES LTD.,44.73,46.00,44.71,44.71,44.71,46.39,,45.00,,,93,4161.00,4,F1,1,,,,,
2026-09-04,2026-09-04,CM,BSE,STK,519397,INE220Z01013,SHINDL,B,,,,,SHARAT INDUSTRIES LTD.,159.90,163.00,156.10,162.65,161.20,159.50,,162.42,,,57304,9178876.00,266,F1,1,,,,,
2026-09-04,2026-09-04,CM,BSE,STK,519413,INE673U01014,DATIWARE,P,,,,,DATIWARE MARITIME INFRA LIMITE,60.86,60.86,60.86,60.86,60.86,59.67,,60.86,,,600,36516.00,6,F1,100,,,,,
2026-09-04,2026-09-04,CM,BSE,STK,519421,INE953E01022,KSE,B,,,,,KSE LTD.,177.00,180.95,177.00,179.10,180.65,180.55,,179.73,,,7025,1255922.00,233,F1,1,,,,,
2026-09-04,2026-09-04,CM,BSE,STK,519457,INE295C01014,VIRATCRA,X,,,,,VIRAT CRANE INDUSTRIES LTD.,32.44,32.44,32.20,32.20,32.20,32.64,,32.20,,,3148,101395.00,16,F1,1,,,,,
2026-09-04,2026-09-04,CM,BSE,STK,519463,INE678B01039,IBINFO,X,,,,,IB INFOTECH ENTERPRISES LTD.,35.26,36.85,34.14,34.97,35.29,35.28,,34.97,,,8753,310141.00,71,F1,1,,,,,
2026-09-04,2026-09-04,CM,BSE,STK,519471,INE072V01017,AMBARPIL,XT,,,,,Ambar Protein Industries Limit,251.50,251.50,233.30,233.30,233.30,239.95,,233.30,,,22,5327.00,4,F1,1,,,,,
2026-09-04,2026-09-04,CM,BSE,STK,519475,INE975C01011,CHORDIA,X,,,,,CHORDIA FOOD PRODUCTS LTD.,79.00,89.12,79.00,89.00,89.00,81.02,,89.00,,,3370,287445.00,29,F1,1,,,,,
2026-09-04,2026-09-04,CM,BSE,STK,519477,INE052V01019,CIANAGRO,B,,,,,CIAN Agro Ind & Infra Ltd,1417.50,1445.00,1370.00,1375.95,1375.95,1415.85,,1375.95,,,57795,80410121.00,2514,F1,1,,,,,
2026-09-04,2026-09-04,CM,BSE,STK,519479,INE112B01013,OMEAG,X,,,,,OMEGA AG-SEEDS (PUNJAB) LTD.,8.26,8.65,8.26,8.65,8.65,8.26,,8.65,,,1184,9811.00,11,F1,1,,,,,
2026-09-04,2026-09-04,CM,BSE,STK,519483,INE358D01018,TAIIND,X,,,,,TAI INDUSTRIES LTD.,24.45,24.45,22.88,23.97,23.50,23.30,,23.97,,,254,5867.00,20,F1,1,,,,,
2026-09-04,2026-09-04,CM,BSE,STK,519494,INE542C01019,NKIND,B,,,,,N.K.INDUSTRIES LTD.,59.00,67.25,58.50,59.00,59.00,56.49,,57.14,,,48,2840.00,12,F1,1,,,,,
2026-09-04,2026-09-04,CM,BSE,STK,519500,INE356C01022,BKV,X,,,,,BKV INDUSTRIES LTD.,9.20,9.50,9.20,9.50,9.50,9.20,,9.50,,,867,8100.00,10,F1,1,,,,,
2026-09-04,2026-09-04,CM,BSE,STK,519506,INE630N01019,NCCBLUE,P,,,,,NCC BLUE WATER PRODUCTS LTD.,22.57,23.00,22.57,22.57,22.57,22.57,,22.57,,,600,13585.00,5,F1,100,,,,,
2026-09-04,2026-09-04,CM,BSE,STK,519532,INE822B01017,ASIANTNE,B,,,,,ASIAN TEA & EXPORTS LTD.,10.34,10.34,9.41,9.74,9.74,9.68,,9.74,,,1383,13612.00,19,F1,1,,,,,
2026-09-04,2026-09-04,CM,BSE,STK,519552,INE978A01027,HERITGFOOD,B,,,,,HERITAGE FOODS LIMITED,369.15,384.80,369.10,382.05,382.05,371.75,,382.33,,,70184,26721076.00,1173,F1,1,,,,,
2026-09-04,2026-09-04,CM,BSE,STK,519566,INE354D01017,SIMRAN,X,,,,,SIMRAN FARMS LTD.,175.55,190.00,174.00,186.35,184.00,175.55,,186.35,,,27575,5106507.00,278,F1,1,,,,,
2026-09-04,2026-09-04,CM,BSE,STK,519574,INE092301014,HINDUST,X,,,,,HINDUSTAN AGRIGENETICS LTD.,39.60,39.60,35.50,38.40,38.40,38.78,,38.40,,,1236,45625.00,20,F1,1,,,,,
2026-09-04,2026-09-04,CM,BSE,STK,519600,INE421D01022,CCL,A,,,,,CCL PRODUCTS (INDIA) LTD.,1105.15,1116.40,1079.90,1108.70,1101.10,1105.20,,1106.22,,,4991,5471620.00,574,F1,1,,,,,
2026-09-04,2026-09-04,CM,BSE,STK,519602,INE164B01030,KELLTONTEC,B,,,,,KELLTON TECH SOLUTIONS LTD.,14.09,14.17,13.81,13.86,13.92,13.98,,13.87,,,135736,1902008.00,334,F1,1,,,,,
2026-09-04,2026-09-04,CM,BSE,STK,519604,INE565E01016,SURFI,X,,,,,SURYO FOODS & INDUSTRIES LTD.,18.39,18.39,16.80,18.36,18.36,17.52,,18.36,,,4308,78626.00,25,F1,1,,,,,
2026-09-04,2026-09-04,CM,BSE,STK,519606,INE177M01021,INTEGFD,XT,,,,,INTEGRATED PROTEINS LTD.,16.00,16.00,16.00,16.00,16.00,163.15,,16.00,,,50629,810064.00,228,F1,1,,,,,
2026-09-04,2026-09-04,CM,BSE,STK,519612,INE734D01010,LAKESHORE,X,,,,,LAKE SHORE REALTY LIMITED,66.89,66.89,65.00,65.21,66.89,64.50,,65.21,,,160,10687.00,5,F1,1,,,,,
2026-09-04,2026-09-04,CM,BSE,STK,520008,INE209B01025,RICOAUTO,B,,,,,RICO AUTO INDUSTRIES LTD.,126.15,131.65,126.15,130.55,130.55,126.30,,130.46,,,47833,6182281.00,546,F1,1,,,,,
2026-09-04,2026-09-04,CM,BSE,STK,520021,INE090B01011,OMAXAUTO,B,,,,,OMAX AUTOS LTD.,185.00,186.25,181.50,182.40,183.75,183.75,,183.05,,,2141,394152.00,106,F1,1,,,,,
2026-09-04,2026-09-04,CM,BSE,STK,520043,INE577A01027,MUNJALSHOW,B,,,,,MUNJAL SHOWA LTD.,130.15,131.25,128.35,129.90,129.90,129.60,,129.24,,,1155,149581.00,61,F1,1,,,,,
2026-09-04,2026-09-04,CM,BSE,STK,520051,INE039C01032,JAMNAAUTO,A,,,,,JAMNA AUTO INDUSTRIES LTD.,122.05,122.35,120.30,120.60,120.75,122.05,,120.69,,,53661,6503423.00,544,F1,1,,,,,
2026-09-04,2026-09-04,CM,BSE,STK,520056,INE105A01035,TVSHLTD,A,,,,,TVS Holdings Limited,13229.95,13496.95,13182.20,13394.05,13402.90,13145.00,,13374.21,,,254,3397147.00,137,F1,1,,,,,
2026-09-04,2026-09-04,CM,BSE,STK,520057,INE643A01035,JTEKTINDIA,B,,,,,JTEKT India Ltd,121.95,123.00,120.55,121.10,121.10,121.75,,121.27,,,8373,1014902.00,149,F1,1,,,,,
2026-09-04,2026-09-04,CM,BSE,STK,520059,INE672B01032,MUNJALAU,B,,,,,MUNJAL AUTO INDUSTRIES LTD.,112.20,114.70,111.45,112.40,111.90,112.80,,112.28,,,11667,1315034.00,227,F1,1,,,,,
2026-09-04,2026-09-04,CM,BSE,STK,520066,INE571B01036,JAYBARMARU,B,,,,,JAY BHARAT MARUTI LTD.,122.00,122.80,121.40,122.10,122.05,121.95,,122.28,,,13749,1676508.00,214,F1,1,,,,,
2026-09-04,2026-09-04,CM,BSE,STK,520073,INE704B01017,RACLGEAR,B,,,,,RACL Geartech Limited,1575.10,1611.00,1550.00,1574.45,1580.00,1558.45,,1576.04,,,4084,6485596.00,597,F1,1,,,,,
2026-09-04,2026-09-04,CM,BSE,STK,520075,INE706B01012,SAMKRG,X,,,,,SAMKRG PISTONS & RINGS LTD.,115.05,116.90,114.20,116.80,116.70,116.10,,116.80,,,1865,214636.00,35,F1,1,,,,,
2026-09-04,2026-09-04,CM,BSE,STK,520081,INE315F01013,ECSTSTL,P,,,,,EAST COAST STEEL LTD.,19.00,19.00,19.00,19.00,19.00,19.75,,19.00,,,400,7600.00,1,F1,100,,,,,
2026-09-04,2026-09-04,CM,BSE,STK,520086,INE075B01020,SICALLOG,T,,,,,SICAL LOGISTICS LTD.,113.85,113.85,104.00,106.10,106.10,108.70,,107.21,,,33807,3593750.00,109,F1,1,,,,,
2026-09-04,2026-09-04,CM,BSE,STK,520111,INE703B01027,RATNAMANI,A,,,,,RATNAMANI METALS & TUBES LTD.,2676.95,2745.00,2659.40,2732.25,2712.35,2666.75,,2727.34,,,3838,10376262.00,440,F1,1,,,,,
2026-09-04,2026-09-04,CM,BSE,STK,520113,INE386A01023,VESUVIUS,A,,,,,VESUVIUS INDIA LTD.,419.35,422.90,418.00,419.55,420.00,419.35,,419.20,,,2343,984583.00,129,F1,1,,,,,
2026-09-04,2026-09-04,CM,BSE,STK,520119,INE900C01027,ASAL,B,,,,,AUTOMOTIVE STAMPINGS & ASSEMBL,486.30,486.30,467.00,473.95,475.00,486.95,,473.76,,,11163,5248877.00,862,F1,1,,,,,
2026-09-04,2026-09-04,CM,BSE,STK,520121,INE276D01012,ARCEEIN,XT,,,,,ARCEE INDUSTRIES LTD.,12.64,12.64,12.64,12.64,12.64,13.30,,12.64,,,108000,1365120.00,9,F1,1,,,,,
2026-09-04,2026-09-04,CM,BSE,STK,520123,INE125D01011,ABCINDQ,X,,,,,ABC INDIA LTD.,63.30,66.30,63.30,65.00,65.00,63.48,,65.00,,,5138,329370.00,8,F1,1,,,,,
2026-09-04,2026-09-04,CM,BSE,STK,520127,INE654B01014,BALTE,X,,,,,BALURGHAT TECHNOLOGIES LTD.,13.75,13.75,11.80,12.87,12.86,12.61,,12.87,,,1975,25992.00,40,F1,1,,,,,
2026-09-04,2026-09-04,CM,BSE,STK,520141,INE441C01014,SIBARAUT,X,,,,,SIBAR AUTO PARTS LTD.,7.40,7.95,7.40,7.79,7.79,7.74,,7.79,,,86,657.00,16,F1,1,,,,,
2026-09-04,2026-09-04,CM,BSE,STK,520151,INE757B01015,TRANSWORLD,T,,,,,TRANSWORLD SHIPPING LINES LIMI,169.00,171.00,169.00,171.00,171.00,169.00,,171.00,,,3,511.00,2,F1,1,,,,,
2026-09-04,2026-09-04,CM,BSE,STK,520155,INE580C01019,STARLOG,X,,,,,Starlog Enterprises Limited,38.01,38.54,38.01,38.02,38.19,37.64,,38.02,,,52,1979.00,9,F1,1,,,,,
2026-09-04,2026-09-04,CM,BSE,STK,521005,INE807M01031,TITANIN,X,,,,,TITAN INTECH LIMITED,0.99,1.04,0.98,1.00,1.00,0.98,,1.00,,,6874348,6885597.00,1361,F1,1,,,,,
2026-09-04,2026-09-04,CM,BSE,STK,521014,INE022C01012,EUROTEXIND,T,,,,,EUROTEX INDUSTRIES & EXPORTS L,13.13,13.13,13.13,13.13,13.13,13.39,,13.13,,,1145,15033.00,6,F1,1,,,,,
2026-09-04,2026-09-04,CM,BSE,STK,521016,INE483B01026,ICIL,A,,,,,INDO COUNT INDUSTRIES LTD.,441.00,457.00,436.90,449.00,449.00,437.65,,449.70,,,64902,29060284.00,1201,F1,1,,,,,
2026-09-04,2026-09-04,CM,BSE,STK,521018,INE882A01013,MARALOVER,B,,,,,MARAL OVERSEAS LTD.,55.69,65.80,55.69,61.71,62.76,55.70,,61.82,,,24532,1539014.00,420,F1,1,,,,,
2026-09-04,2026-09-04,CM,BSE,STK,521034,INE314C01013,SOMATEX,B,,,,,SOMA TEXTILES & INDUSTRIES LTD,96.00,97.00,89.00,91.40,92.25,93.00,,90.65,,,9198,864210.00,149,F1,1,,,,,
2026-09-04,2026-09-04,CM,BSE,STK,521036,INE695C01015,SOURCEIND,XT,,,,,SOURCE INDUSTRIES (INDIA) LTD.,49.07,49.07,49.07,49.07,49.07,48.11,,49.07,,,206,10108.00,3,F1,1,,,,,
2026-09-04,2026-09-04,CM,BSE,STK,521048,INE900E01015,ADVLIFE,X,,,,,ADVANCE LIFESTYLES LTD.,28.40,28.40,28.40,28.40,28.40,27.11,,28.40,,,40,1136.00,2,F1,1,,,,,
2026-09-04,2026-09-04,CM,BSE,STK,521054,INE092E01011,KAKTEX,X,,,,,KAKATIYA TEXTILES LTD.,7.87,8.29,7.87,8.29,8.29,7.90,,8.29,,,1197,9604.00,6,F1,1,,,,,
2026-09-04,2026-09-04,CM,BSE,STK,521062,INE814L01013,OCTAVE,X,,,,,PERFECT-OCTAVE MEDIA PROJECTS,3.16,3.67,3.16,3.59,3.59,3.48,,3.59,,,308,1057.00,16,F1,1,,,,,
2026-09-04,2026-09-04,CM,BSE,STK,521064,INE064C01022,TRIDENT,A,,,,,TRIDENT LTD.,24.02,24.57,23.97,24.16,24.16,23.97,,24.16,,,213996,5165371.00,991,F1,1,,,,,
2026-09-04,2026-09-04,CM,BSE,STK,521068,INE689E01014,HISARSP,P,,,,,HISAR SPINNING MILLS LTD.,45.25,45.25,45.25,45.25,45.25,43.32,,45.25,,,300,13575.00,1,F1,100,,,,,
2026-09-04,2026-09-04,CM,BSE,STK,521070,INE270A01029,ALOKINDS,A,,,,,ALOK INDUSTRIES LTD.,7.58,8.28,7.53,7.83,7.83,7.54,,7.83,,,5126017,40909035.00,5087,F1,1,,,,,
2026-09-04,2026-09-04,CM,BSE,STK,521080,INE604F01010,PASARI,X,,,,,PASARI SPINNING MILLS LTD.,5.83,6.39,5.83,6.35,6.35,5.81,,6.35,,,1737,10654.00,12,F1,1,,,,,
2026-09-04,2026-09-04,CM,BSE,STK,521097,INE484D01012,AMARJOTHI,B,,,,,AMARJOTHI SPINNING MILLS LTD.,159.00,162.80,159.00,159.75,159.75,156.05,,160.94,,,1304,211945.00,20,F1,1,,,,,
2026-09-04,2026-09-04,CM,BSE,STK,521105,INE482O01021,OLYMPTX,X,,,,,OLYMPIA INDUSTRIES LTD.,25.38,25.95,25.00,25.13,25.00,25.26,,25.13,,,7071,179639.00,69,F1,1,,,,,
2026-09-04,2026-09-04,CM,BSE,STK,521109,INE123B01028,NAGREEKEXP,B,,,,,NAGREEKA EXPORTS LTD.,19.35,24.50,19.35,22.47,22.47,21.47,,24.08,,,6026,134691.00,77,F1,1,,,,,
2026-09-04,2026-09-04,CM,BSE,STK,521113,INE691D01012,SUDTIND-B,X,,,,,SUDITI INDUSTRIES LTD.,64.11,68.00,63.11,64.66,65.80,65.55,,64.66,,,27652,1795644.00,175,F1,1,,,,,
2026-09-04,2026-09-04,CM,BSE,STK,521131,INE363D01018,SBFL,X,,,,,Shree Bhavya Fabrics Limited,22.50,22.70,22.50,22.60,22.60,22.72,,22.60,,,141,3198.00,8,F1,1,,,,,
2026-09-04,2026-09-04,CM,BSE,STK,521137,INE958A01011,EUREKAI,XT,,,,,EUREKA INDUSTRIES LTD.,6.58,6.58,6.58,6.58,6.58,6.46,,6.58,,,17242,113452.00,16,F1,1,,,,,
2026-09-04,2026-09-04,CM,BSE,STK,521141,INE122D01026,ADITYASP,X,,,,,ADITYA SPINNERS LTD.,14.50,15.15,14.50,14.90,14.90,14.90,,14.90,,,1003,14630.00,19,F1,1,,,,,
2026-09-04,2026-09-04,CM,BSE,STK,521149,INE419E01024,PRIMEURB,X,,,,,PRIME URBAN DEVELOPMENT INDIA,8.90,8.90,8.36,8.58,8.58,8.47,,8.58,,,2931,24720.00,10,F1,1,,,,,
2026-09-04,2026-09-04,CM,BSE,STK,521151,INE953D01016,DHANFAB,X,,,,,DHANLAXMI FABRICS LTD.,52.20,52.20,52.20,52.20,52.20,52.20,,52.20,,,162,8456.00,8,F1,1,,,,,
2026-09-04,2026-09-04,CM,BSE,STK,521161,INE456D01010,SLSTLQ,X,,,,,SRI LAKSHMI SARASWATHI TEXTILE,31.20,31.20,31.20,31.20,31.20,31.16,,31.20,,,103,3213.00,2,F1,1,,,,,
2026-09-04,2026-09-04,CM,BSE,STK,521163,INE206B01013,ZODIACLOTH,B,,,,,ZODIAC CLOTHING CO.LTD.,71.72,73.50,71.72,72.48,72.90,71.20,,72.25,,,680,49279.00,87,F1,1,,,,,
2026-09-04,2026-09-04,CM,BSE,STK,521167,INE485D01043,MAXGROW,XT,,,,,MAXGROW INDIA LIMITED,174.55,174.55,174.55,174.55,174.55,171.15,,174.55,,,572,99842.00,21,F1,1,,,,,
2026-09-04,2026-09-04,CM,BSE,STK,521178,INE306D01017,SRMCL,X,,,,,SRI RAMAKRISHNA MILLS (COIMBAT,58.50,58.86,55.00,58.50,58.10,56.06,,58.50,,,18823,1085469.00,109,F1,1,,,,,
2026-09-04,2026-09-04,CM,BSE,STK,521180,INE662A01027,SUPERSPIN,T,,,,,SUPER SPINNING MILLS LTD.,7.17,7.17,6.83,6.91,7.10,6.83,,6.95,,,6738,48142.00,24,F1,1,,,,,
2026-09-04,2026-09-04,CM,BSE,STK,521194,INE923A01015,SILINV,B,,,,,SIL INVESTMENTS LTD.,484.65,484.70,472.35,472.35,472.35,476.80,,478.80,,,95,45206.00,6,F1,1,,,,,
2026-09-04,2026-09-04,CM,BSE,STK,521200,INE713B01026,SURYALAXMI,B,,,,,SURYALAKSHMI COTTON MILLS LTD.,60.14,60.14,60.14,60.14,60.14,60.14,,60.79,,,114,6855.00,8,F1,1,,,,,
2026-09-04,2026-09-04,CM,BSE,STK,521206,INE931D01020,SAMTEX,X,,,,,SAMTEX FASHIONS LTD.,1.37,1.37,1.28,1.34,1.35,1.34,,1.34,,,8072,10809.00,33,F1,1,,,,,
2026-09-04,2026-09-04,CM,BSE,STK,521210,INE117C01010,CITYMAN,X,,,,,CITYMAN LTD.,13.30,13.30,13.30,13.30,13.30,14.00,,13.30,,,505,6716.00,6,F1,1,,,,,
2026-09-04,2026-09-04,CM,BSE,STK,521226,INE980D01019,UNIROYAL,X,,,,,UNIROYAL INDUSTRIES LTD.,25.01,25.30,25.01,25.30,25.30,25.30,,25.30,,,101,2526.00,2,F1,1,,,,,
2026-09-04,2026-09-04,CM,BSE,STK,521228,INE083G01031,TATIAGLOB,X,,,,,TATIA GLOBAL VENNTURE LTD.,2.20,2.21,2.15,2.17,2.17,2.20,,2.17,,,71120,154352.00,182,F1,1,,,,,
2026-09-04,2026-09-04,CM,BSE,STK,521234,INE443E01016,SRINACHA,X,,,,,SRI NACHAMMAI COTTON MILLS LTD,25.55,27.38,25.55,25.55,25.55,25.60,,25.55,,,372,9680.00,8,F1,1,,,,,
2026-09-04,2026-09-04,CM,BSE,STK,521238,INE893C01032,BGDL,B,,,,,BHARAT GLOBAL DEVELOPERS LIMIT,158.80,158.80,158.75,158.80,158.80,144.40,,158.80,,,224017,35570114.00,1761,F1,1,,,,,
2026-09-04,2026-09-04,CM,BSE,STK,521240,INE304D01012,SAMBANDAM,B,,,,,SAMBANDAM SPINNING MILLS LTD.,120.00,120.00,120.00,120.00,120.00,116.15,,123.23,,,13,1560.00,3,F1,1,,,,,
2026-09-04,2026-09-04,CM,BSE,STK,521244,INE676G01024,MKPMOB,X,,,,,MKP Mobility Limited,160.00,160.00,147.25,147.25,147.25,154.95,,147.25,,,1039,153646.00,19,F1,1,,,,,
2026-09-04,2026-09-04,CM,BSE,STK,521246,INE162C01024,PARASPETRO,B,,,,,PARAS PETROFILS LTD.,2.10,2.22,2.10,2.13,2.12,2.17,,2.14,,,12879,27530.00,67,F1,1,,,,,
2026-09-04,2026-09-04,CM,BSE,STK,521248,INE602G01020,KITEX,A,,,,,KITEX GARMENTS LTD.,124.20,130.10,124.20,128.80,129.15,123.55,,128.85,,,33961,4323572.00,434,F1,1,,,,,
2026-09-04,2026-09-04,CM,BSE,STK,522001,INE608B01010,CRANEX,XT,,,,,CRANEX LTD.,79.90,82.50,78.20,82.28,82.30,79.70,,82.28,,,4776,390359.00,68,F1,1,,,,,
2026-09-04,2026-09-04,CM,BSE,STK,522004,INE177C01022,BATLIBOI,B,,,,,BATLIBOI LTD.,90.00,91.32,89.15,90.76,90.36,88.66,,90.81,,,5983,540161.00,159,F1,1,,,,,
2026-09-04,2026-09-04,CM,BSE,STK,522005,INE759F01012,AUSTENG,B,,,,,AUSTIN ENGINEERING CO.LTD.,125.35,128.50,121.35,125.20,125.20,122.65,,124.89,,,287,35857.00,9,F1,1,,,,,
2026-09-04,2026-09-04,CM,BSE,STK,522014,INE961D01019,UNIDT,T,,,,,UNITED DRILLING TOOLS LTD.,222.05,228.65,220.00,224.55,228.50,226.35,,225.12,,,2760,618672.00,59,F1,1,,,,,
2026-09-04,2026-09-04,CM,BSE,STK,522017,INE459C01016,FLUIDOM,X,,,,,FLUIDOMAT LTD.,750.00,757.65,733.00,745.60,742.10,740.80,,745.60,,,3384,2506823.00,120,F1,1,,,,,
2026-09-04,2026-09-04,CM,BSE,STK,522027,INE279D01016,EMAINDIA,X,,,,,EMA INDIA LTD.,700.00,700.00,686.00,686.00,686.00,700.00,,686.00,,,753,516938.00,17,F1,1,,,,,
2026-09-04,2026-09-04,CM,BSE,STK,522029,INE052A01021,WINDMACHIN,B,,,,,WINDSOR MACHINES LTD.,309.55,312.30,303.00,303.90,303.90,312.05,,304.25,,,2325,714540.00,99,F1,1,,,,,
2026-09-04,2026-09-04,CM,BSE,STK,522034,INE631A01022,SHANTIGEAR,B,,,,,SHANTHI GEARS LTD.,600.60,638.40,591.45,619.10,620.00,584.10,,621.68,,,85677,53196870.00,3267,F1,1,,,,,
2026-09-04,2026-09-04,CM,BSE,STK,522036,INE338P01014,MIVENMACH,X,,,,,MIVEN MACHINE TOOLS LTD.,56.06,56.06,56.05,56.05,56.05,59.00,,56.05,,,98,5492.00,2,F1,1,,,,,
2026-09-04,2026-09-04,CM,BSE,STK,522064,INE634A01018,HONDAPOWER,B,,,,,HONDA INDIA POWER PRODUCTS LIM,1980.00,2030.00,1972.95,2023.30,2030.00,1998.30,,2024.41,,,412,826439.00,114,F1,1,,,,,
2026-09-04,2026-09-04,CM,BSE,STK,522073,INE127B01011,HITECHGEAR,T,,,,,The Hi-Tech Gears Ltd,568.00,568.00,557.25,557.25,557.25,552.00,,567.15,,,26,14523.00,3,F1,1,,,,,
2026-09-04,2026-09-04,CM,BSE,STK,522074,INE285A01027,ELGIEQUIP,A,,,,,ELGI EQUIPMENTS LTD.,625.65,645.40,625.65,641.90,643.00,630.60,,642.08,,,62711,40023027.00,2588,F1,1,,,,,
2026-09-04,2026-09-04,CM,BSE,STK,522091,INE890G01047,UVDRHOR,X,,,,,UNITED VAN DER HORST LTD.,37.50,37.50,35.00,35.48,36.50,36.30,,35.48,,,4441,161161.00,47,F1,1,,,,,
2026-09-04,2026-09-04,CM,BSE,STK,522101,INE338F01015,KLBRENG-B,B,,,,,KILBURN ENGINEERING LTD.,454.45,470.15,454.45,468.15,467.00,453.45,,467.90,,,30632,14237407.00,1235,F1,1,,,,,
2026-09-04,2026-09-04,CM,BSE,STK,522105,INE372E01025,BIRLAPREC,B,,,,,BIRLA PRECISION TECHNOLOGIES L,53.50,59.83,53.06,57.89,57.89,52.11,,57.92,,,439071,25047783.00,2744,F1,1,,,,,
2026-09-04,2026-09-04,CM,BSE,STK,522108,INE384C01016,YUKEN,B,,,,,YUKEN INDIA LTD.,1012.00,1018.50,996.20,1011.95,1017.65,1011.45,,1010.86,,,1595,1606970.00,146,F1,1,,,,,
2026-09-04,2026-09-04,CM,BSE,STK,522113,INE325A01013,TIMKEN,A,,,,,TIMKEN INDIA LTD.,3132.35,3136.70,3104.00,3124.90,3122.05,3119.80,,3125.29,,,685,2137997.00,146,F1,1,,,,,
2026-09-04,2026-09-04,CM,BSE,STK,522122,INE285C01015,VOITHPAPR,B,,,,,VOITH PAPER FABRICS INDIA LTD.,1477.00,1492.00,1465.00,1465.00,1465.00,1480.95,,1461.21,,,102,150540.00,25,F1,1,,,,,
2026-09-04,2026-09-04,CM,BSE,STK,522134,INE133D01023,ARTSON,X,,,,,ARTSON LIMITED,161.15,169.20,156.50,169.20,169.20,161.15,,169.20,,,22202,3700841.00,306,F1,1,,,,,
2026-09-04,2026-09-04,CM,BSE,STK,522152,INE410A01013,SOLIMAC,X,,,,,SOLITAIRE MACHINE TOOLS LTD.,86.85,87.80,85.00,85.57,85.00,86.85,,85.57,,,3393,290043.00,31,F1,1,,,,,
2026-09-04,2026-09-04,CM,BSE,STK,522163,INE989C01038,DIACABS,T,,,,,DIAMOND POWER INFRASTRUCTURE L,325.00,338.50,323.00,334.65,334.65,322.40,,331.89,,,78971,26241832.00,1115,F1,1,,,,,
2026-09-04,2026-09-04,CM,BSE,STK,522165,INE867D01018,INDSILHYD,X,,,,,INDSIL HYDRO POWER AND MANGANE,41.10,41.71,41.00,41.12,41.00,41.00,,41.12,,,7870,324636.00,47,F1,1,,,,,
2026-09-04,2026-09-04,CM,BSE,STK,522183,INE478D01014,ITL,B,,,,,ITL INDUSTRIES LTD.,369.00,370.00,360.05,370.00,370.00,364.00,,364.55,,,1039,383910.00,15,F1,1,,,,,
2026-09-04,2026-09-04,CM,BSE,STK,522195,INE572D01014,FRONTSP,B,,,,,FRONTIER SPRINGS LTD.,1278.75,1304.60,1245.20,1288.15,1286.00,1269.45,,1291.10,,,4805,6167628.00,410,F1,1,,,,,
2026-09-04,2026-09-04,CM,BSE,STK,522205,INE074A01025,PRAJIND,A,,,,,PRAJ INDUSTRIES LTD.,340.05,343.20,333.45,336.00,335.90,341.85,,335.56,,,20341,6859099.00,970,F1,1,,,,,
2026-09-04,2026-09-04,CM,BSE,STK,522207,INE682D01011,RASANDIK,X,,,,,RASANDIK ENGINEERING INDUSTRIE,58.00,58.00,56.15,57.70,57.70,56.10,,57.70,,,640,36207.00,15,F1,1,,,,,
2026-09-04,2026-09-04,CM,BSE,STK,522209,INE429B01011,YOGISUNG,X,,,,,YOGI SUNG-WON (INDIA) LTD.,6.40,6.78,6.32,6.70,6.70,6.40,,6.70,,,7671,48889.00,17,F1,1,,,,,
2026-09-04,2026-09-04,CM,BSE,STK,522215,INE461D01028,HLEGLAS,B,,,,,HLE GLASCOAT LIMITED,323.85,337.70,320.65,333.30,334.25,319.85,,333.63,,,28178,9282830.00,608,F1,1,,,,,
2026-09-04,2026-09-04,CM,BSE,STK,522217,INE826C01016,GUJAPOLLO,B,,,,,GUJARAT APOLLO INDUSTRIES LTD.,344.65,366.15,344.00,352.50,358.50,350.25,,355.05,,,1250,442582.00,105,F1,1,,,,,
2026-09-04,2026-09-04,CM,BSE,STK,522229,INE692C01020,TANAA,B,,,,,TANEJA AEROSPACE & AVIATION LT,286.50,286.75,280.00,284.20,280.00,282.20,,283.01,,,4578,1301389.00,132,F1,1,,,,,
2026-09-04,2026-09-04,CM,BSE,STK,522231,INE714D01020,CONART,X,,,,,CONART ENGINEERS LTD.,99.00,104.70,94.30,99.39,99.39,95.83,,99.39,,,23378,2368209.00,124,F1,1,,,,,
2026-09-04,2026-09-04,CM,BSE,STK,522235,INE097E01028,MINALIND,T,,,,,MINAL INDUSTRIES LIMITED,5.35,5.35,5.10,5.35,5.35,5.10,,5.35,,,53583,285642.00,88,F1,1,,,,,
2026-09-04,2026-09-04,CM,BSE,STK,522237,INE092H01014,SHIVAGR,X,,,,,SHIVAGRICO IMPLEMENTS LTD.,25.64,25.64,23.32,23.32,23.32,25.90,,23.32,,,207,4968.00,4,F1,1,,,,,
2026-09-04,2026-09-04,CM,BSE,STK,522241,INE227C01017,MMFL,B,,,,,M.M.FORGINGS LTD.,641.05,647.85,620.70,629.10,630.55,642.30,,630.03,,,13474,8521054.00,651,F1,1,,,,,
2026-09-04,2026-09-04,CM,BSE,STK,522249,INE040D01038,MAYURUNIQ,B,,,,,MAYUR UNIQUOTERS LTD.,733.80,737.00,727.25,734.85,734.70,727.90,,734.85,,,2234,1635007.00,106,F1,1,,,,,
2026-09-04,2026-09-04,CM,BSE,STK,522251,INE627F01011,CENLUB,X,,,,,CENLUB INDUSTRIES LTD.,190.95,190.95,170.10,178.85,179.00,185.10,,178.85,,,10062,1805945.00,293,F1,1,,,,,
2026-09-04,2026-09-04,CM,BSE,STK,522257,INE535F01024,RAJOOENG,T,,,,,RAJOO ENGINEERS LTD.,49.90,51.41,48.25,51.41,51.41,48.97,,51.59,,,48071,2430288.00,186,F1,1,,,,,
2026-09-04,2026-09-04,CM,BSE,STK,522261,INE920A01037,DOLPHIN,B,,,,,DOLPHIN OFFSHORE ENTERPRISES (,621.70,682.75,621.70,674.25,675.00,620.90,,674.01,,,12485,8228548.00,600,F1,1,,,,,
2026-09-04,2026-09-04,CM,BSE,STK,522267,INE466D01019,VJLAXMIE,X,,,,,VEEJAY LAKSHMI ENGINEERING WOR,42.00,42.00,41.99,42.00,42.00,41.61,,42.00,,,395,16588.00,5,F1,1,,,,,
2026-09-04,2026-09-04,CM,BSE,STK,522273,INE868C01018,AHMDSTE,X,,,,,AHMEDABAD STEELCRAFT LTD.,165.00,169.00,162.00,164.40,164.00,165.10,,164.40,,,1346,221093.00,18,F1,1,,,,,
2026-09-04,2026-09-04,CM,BSE,STK,522275,INE200A01026,GVT&D,A,,,,,GE Vernova T&D India Limited,4385.00,4399.10,4305.40,4325.00,4325.00,4355.00,,4306.32,,,15829,68787882.00,2075,F1,1,,,,,
2026-09-04,2026-09-04,CM,BSE,STK,522281,INE207E01023,RAMRAT,B,,,,,RAM RATNA WIRES LTD.,570.00,573.95,556.00,560.30,559.45,561.70,,560.64,,,22378,12607716.00,1320,F1,1,,,,,
2026-09-04,2026-09-04,CM,BSE,STK,522285,INE854B01010,JAYNECOIND,A,,,,,JAYASWAL NECO INDUSTRIES LTD.,92.97,94.28,85.36,89.15,89.15,98.56,,89.05,,,2630438,233803815.00,15311,F1,1,,,,,
2026-09-04,2026-09-04,CM,BSE,STK,522287,INE220B01022,KPIL,A,,,,,KALPATARU PROJECTS INTERNATION,1435.60,1448.20,1402.85,1406.55,1405.40,1417.50,,1406.60,,,5172,7396097.00,555,F1,1,,,,,
2026-09-04,2026-09-04,CM,BSE,STK,522289,INE169F01014,NMSGLOBAL,X,,,,,NMS GLOBAL LIMITED,42.82,42.82,38.76,38.76,38.76,40.79,,38.76,,,8855,350059.00,84,F1,1,,,,,
2026-09-04,2026-09-04,CM,BSE,STK,522292,INE713D01055,CANDOUR,XT,,,,,CANDOUR TECHTEX LIMITED,66.00,66.00,61.00,64.41,65.00,63.99,,64.41,,,3775,232357.00,31,F1,1,,,,,
2026-09-04,2026-09-04,CM,BSE,STK,522294,INE811B01010,TIGLOB,X,,,,,T & I GLOBAL LTD.,170.80,173.85,168.65,168.85,173.85,170.80,,168.85,,,3677,627881.00,7,F1,1,,,,,
2026-09-04,2026-09-04,CM,BSE,STK,522295,INE663B01015,CONTROLPR,B,,,,,CONTROL PRINT LIMITED,594.45,596.50,587.85,592.55,592.55,599.75,,593.12,,,1766,1046580.00,247,F1,1,,,,,
2026-09-04,2026-09-04,CM,BSE,STK,522650,INE142E01022,BEMHY,X,,,,,BEMCO HYDRAULICS LTD.,109.05,110.80,106.45,107.25,107.10,109.05,,107.25,,,2474,268649.00,64,F1,1,,,,,
2026-09-04,2026-09-04,CM,BSE,STK,523007,INE030C01015,ANSALBU,B,,,,,ANSAL BUILDWELL LTD.,77.03,81.70,77.03,81.18,81.70,77.00,,80.76,,,142,11519.00,8,F1,1,,,,,
2026-09-04,2026-09-04,CM,BSE,STK,523019,INE710D01028,BNRSEC,X,,,,,B.N.RATHI SECURITIES LTD.,18.20,18.20,17.51,17.80,18.00,18.01,,17.80,,,20068,359502.00,156,F1,1,,,,,
2026-09-04,2026-09-04,CM,BSE,STK,523021,INE989D01010,RISHITECH,X,,,,,RISHI TECHTEX LTD.,38.98,42.39,38.01,40.40,40.40,38.98,,40.40,,,2123,83332.00,20,F1,1,,,,,
2026-09-04,2026-09-04,CM,BSE,STK,523023,INE985A01022,SINCLAIR,B,,,,,SINCLAIRS HOTELS LIMITED,84.59,84.69,83.11,83.72,83.72,83.50,,83.51,,,417,34913.00,46,F1,1,,,,,
2026-09-04,2026-09-04,CM,BSE,STK,523025,INE429E01023,SAFARI,A,,,,,SAFARI INDUSTRIES (INDIA) LTD.,1520.85,1548.00,1517.00,1542.70,1544.90,1508.90,,1540.42,,,3103,4765571.00,248,F1,1,,,,,
2026-09-04,2026-09-04,CM,BSE,STK,523062,INE584C01011,JJFINCOR,XT,,,,,J.J.FINANCE CORPORATION LTD.,45.54,48.00,45.54,46.00,46.00,46.00,,46.00,,,2009,94413.00,7,F1,1,,,,,
2026-09-04,2026-09-04,CM,BSE,STK,523100,INE124B01018,COSMOFE,XT,,,,,COSMO FERRITES LTD.,198.00,203.45,198.00,200.00,200.00,198.40,,200.00,,,127,25426.00,5,F1,1,,,,,
2026-09-04,2026-09-04,CM,BSE,STK,523105,INE293E01031,CROPSTER,T,,,,,CROPSTER AGRO LIMITED,2.91,2.91,2.91,2.91,2.91,3.06,,2.91,,,3060507,8906075.00,3608,F1,1,,,,,
2026-09-04,2026-09-04,CM,BSE,STK,523113,INE425D01015,FUTURSEC,X,,,,,FUTURISTIC SECURITIES LTD.,28.02,28.02,27.00,28.00,28.02,26.69,,28.00,,,226,6243.00,7,F1,1,,,,,
2026-09-04,2026-09-04,CM,BSE,STK,523120,INE628D01014,THRIVE,XT,,,,,THRIVE FUTURE HABITATS LIMITED,90.00,92.00,90.00,92.00,92.00,92.00,,92.00,,,801,72192.00,3,F1,1,,,,,
2026-09-04,2026-09-04,CM,BSE,STK,523127,INE276C01014,EIHAHOTELS,B,,,,,EIH ASSOCIATED HOTELS LTD.,284.60,307.00,284.60,296.00,299.10,304.45,,296.98,,,5671,1692179.00,636,F1,1,,,,,
2026-09-04,2026-09-04,CM,BSE,STK,523144,INE442D01010,MEDICAPQ,B,,,,,MEDI-CAPS LTD.,25.85,25.85,25.85,25.85,25.85,24.53,,26.28,,,1,25.00,1,F1,1,,,,,
2026-09-04,2026-09-04,CM,BSE,STK,523160,INE599F01020,FOSECOC,X,,,,,FOSECO CRUCIBLE INDIA LIMITED,1858.00,1858.00,1800.15,1808.45,1808.45,1828.85,,1808.45,,,3409,6247696.00,290,F1,1,,,,,
2026-09-04,2026-09-04,CM,BSE,STK,523186,INE00FM01013,BAPACK,X,,,,,B&A PACKAGING INDIA LIMITED,223.60,223.60,196.00,200.40,198.60,198.40,,200.40,,,525,111713.00,14,F1,1,,,,,
2026-09-04,2026-09-04,CM,BSE,STK,523204,INE421A01028,ABAN,T,,,,,ABAN OFFSHORE LTD.,14.99,14.99,14.51,14.98,14.98,14.74,,14.99,,,8935,131351.00,64,F1,1,,,,,
2026-09-04,2026-09-04,CM,BSE,STK,523207,INE760A01029,KOKUYOCMLN,B,,,,,KOKUYO CAMLIN LTD.,79.30,80.87,77.94,80.26,80.25,79.45,,80.60,,,3524,280723.00,85,F1,1,,,,,
2026-09-04,2026-09-04,CM,BSE,STK,523222,INE173J01018,SRMENERGY,X,,,,,SRM ENERGY LTD.,27.58,28.39,26.30,26.66,27.30,27.04,,26.66,,,11836,326958.00,84,F1,1,,,,,
2026-09-04,2026-09-04,CM,BSE,STK,523229,INE415D01024,BHARATSE,B,,,,,BHARAT SEATS LTD.,212.70,215.00,210.60,212.00,213.65,212.90,,211.72,,,12870,2736917.00,243,F1,1,,,,,
2026-09-04,2026-09-04,CM,BSE,STK,523232,INE369D01023,CONTPTR,X,,,,,CONTINENTAL PETROLEUMS LTD.,75.00,79.99,75.00,79.31,78.00,76.10,,79.31,,,856,65614.00,18,F1,1,,,,,
2026-09-04,2026-09-04,CM,BSE,STK,523242,INE006F01018,NBFOOT,P,,,,,NB FOOTWEAR LTD.,2.83,3.11,2.83,3.11,3.11,2.97,,3.11,,,74600,213743.00,15,F1,100,,,,,
2026-09-04,2026-09-04,CM,BSE,STK,523248,INE082B01018,MACPLASQ,X,,,,,MACHINO PLASTICS LTD.,256.30,265.70,256.30,260.95,261.00,263.45,,260.95,,,421,109900.00,30,F1,1,,,,,
2026-09-04,2026-09-04,CM,BSE,STK,523260,INE844A01013,PEARLPOLY,B,,,,,PEARL POLYMERS LTD.,15.71,15.71,15.65,15.65,15.65,15.01,,15.12,,,194,3041.00,95,F1,1,,,,,
2026-09-04,2026-09-04,CM,BSE,STK,523261,INE398A01010,VENKEYS,B,,,,,VENKYS (INDIA) LTD.,1696.95,1696.95,1655.00,1659.50,1658.60,1676.75,,1659.60,,,2205,3672286.00,196,F1,1,,,,,
2026-09-04,2026-09-04,CM,BSE,STK,523269,INE199C01026,ADVANIHOTR,B,,,,,ADVANI HOTELS & RESORTS (INDIA,48.10,50.17,48.10,49.24,50.17,49.13,,49.41,,,2620,129382.00,67,F1,1,,,,,
2026-09-04,2026-09-04,CM,BSE,STK,523277,INE395B01048,GVFILM,X,,,,,GV FILMS LTD.,0.42,0.42,0.39,0.39,0.39,0.41,,0.39,,,1968282,803391.00,344,F1,1,,,,,
2026-09-04,2026-09-04,CM,BSE,STK,523283,INE712B01010,SUPERHOUSE,B,,,,,SUPERHOUSE LTD.,166.25,170.00,166.00,170.00,170.00,166.10,,169.23,,,600,99831.00,23,F1,1,,,,,
2026-09-04,2026-09-04,CM,BSE,STK,523289,INE763B01013,RAMAVISION,X,,,,,RAMA VISION LTD.,168.00,181.90,168.00,179.05,181.90,171.95,,179.05,,,7548,1344784.00,124,F1,1,,,,,
2026-09-04,2026-09-04,CM,BSE,STK,523301,INE822C01015,TCPLPACK,B,,,,,TCPL PACKAGING LTD.,3961.90,4127.00,3961.90,4088.60,4101.00,3949.85,,4091.42,,,799,3261280.00,172,F1,1,,,,,
2026-09-04,2026-09-04,CM,BSE,STK,523309,INE241V01018,SHRIGANG,X,,,,,SHRI GANG INDUSTRIES AND ALLIE,61.77,61.77,59.00,60.88,60.89,59.69,,60.88,,,10124,611796.00,84,F1,1,,,,,
2026-09-04,2026-09-04,CM,BSE,STK,523319,INE164A01016,BALMLAWRIE,B,,,,,BALMER LAWRIE AND COMPANY LIMI,177.90,178.35,176.85,178.15,178.15,177.20,,177.99,,,20450,3633287.00,291,F1,1,,,,,
2026-09-04,2026-09-04,CM,BSE,STK,523323,INE177F01017,KOVAI,B,,,,,KOVAI MEDICAL CENTER & HOSPITA,6039.55,6092.10,5965.05,6053.50,6045.45,6095.70,,6062.26,,,340,2047325.00,134,F1,1,,,,,
2026-09-04,2026-09-04,CM,BSE,STK,523367,INE499A01024,DCMSHRIRAM,A,,,,,DCM SHRIRAM LIMITED,1024.90,1025.25,1014.85,1020.90,1018.20,1020.00,,1020.90,,,5150,5251372.00,282,F1,1,,,,,
2026-09-04,2026-09-04,CM,BSE,STK,523369,INE843D01027,DCMSRIND,B,,,,,DCM SHRIRAM INDUSTRIES LTD.,47.09,47.09,44.65,44.93,45.56,46.53,,44.91,,,18255,830891.00,297,F1,1,,,,,
2026-09-04,2026-09-04,CM,BSE,STK,523371,INE636A01039,MAWANASUG,B,,,,,MAWANA SUGARS LTD.,147.85,147.85,143.35,145.30,144.90,146.20,,145.40,,,27327,3959241.00,958,F1,1,,,,,
2026-09-04,2026-09-04,CM,BSE,STK,523373,INE281E01028,MINID,X,,,,,MINI DIAMONDS (INDIA) LTD.,4.60,4.75,4.49,4.51,4.52,4.53,,4.51,,,322240,1473666.00,544,F1,1,,,,,
2026-09-04,2026-09-04,CM,BSE,STK,523384,INE843B01013,MAHAPEXLTD,B,,,,,MAHA RASHTRA APEX CORPORATION,54.00,54.00,53.27,53.55,53.33,55.77,,53.51,,,78,4173.00,17,F1,1,,,,,
2026-09-04,2026-09-04,CM,BSE,STK,523385,INE310A01015,NILKAMAL,B,,,,,NILKAMAL LTD.,2078.30,2135.35,2078.30,2121.25,2121.25,2114.25,,2116.88,,,1605,3379534.00,191,F1,1,,,,,
2026-09-04,2026-09-04,CM,BSE,STK,523387,INE982C01033,HOM,XT,,,,,HOMRE LIMITED,1.99,1.99,1.91,1.93,1.93,2.01,,1.93,,,149668,290923.00,183,F1,1,,,,,
2026-09-04,2026-09-04,CM,BSE,STK,523391,INE308A01027,NAHARPOLY,B,,,,,NAHAR POLYFILMS LTD.,245.00,245.00,245.00,245.00,245.00,245.00,,244.54,,,6,1470.00,2,F1,1,,,,,
2026-09-04,2026-09-04,CM,BSE,STK,523395,INE470A01017,3MINDIA,A,,,,,3M INDIA LTD.,32750.00,32964.95,32653.70,32878.30,32653.80,32755.35,,32846.76,,,65,2135475.00,39,F1,1,,,,,
2026-09-04,2026-09-04,CM,BSE,STK,523398,INE782A01015,BOSCH-HCIL,B,,,,,BOSCH HOME COMFORT INDIA LIMIT,1794.00,1839.00,1755.00,1821.05,1821.05,1777.65,,1819.05,,,6153,11107055.00,913,F1,1,,,,,
2026-09-04,2026-09-04,CM,BSE,STK,523405,INE780C01023,JMFINANCIL,A,,,,,JM FINANCIAL LTD.,136.25,136.25,130.80,132.10,132.35,134.50,,132.06,,,185537,24732084.00,1703,F1,1,,,,,
2026-09-04,2026-09-04,CM,BSE,STK,523411,INE833A01016,ADCINDIA,XT,,,,,ADC INDIA COMMUNICATIONS LIMIT,2381.10,2427.00,2381.10,2409.00,2409.00,2380.00,,2409.00,,,472,1142065.00,34,F1,1,,,,,
2026-09-04,2026-09-04,CM,BSE,STK,523419,INE141D01018,TNTELE,B,,,,,TAMILNADU TELECOMMUNICATIONS L,8.85,9.19,8.70,9.00,9.00,8.87,,8.88,,,2665,23591.00,61,F1,1,,,,,
2026-09-04,2026-09-04,CM,BSE,STK,523445,INE046A01015,RIIL,B,,,,,RELIANCE INDUSTRIAL INFRASTRUC,760.00,762.95,747.95,751.75,751.00,752.70,,750.96,,,877,662126.00,72,F1,1,,,,,
2026-09-04,2026-09-04,CM,BSE,STK,523457,INE473A01011,LINDEINDIA,A,,,,,Linde India Limited,6419.95,6419.95,6331.25,6350.90,6375.40,6369.40,,6346.12,,,354,2256197.00,127,F1,1,,,,,
2026-09-04,2026-09-04,CM,BSE,STK,523465,INE969D01012,INDBNK,B,,,,,IND BANK HOUSING LTD.,50.99,50.99,48.01,48.75,48.95,49.27,,48.75,,,401,19694.00,15,F1,1,,,,,
2026-09-04,2026-09-04,CM,BSE,STK,523467,INE250C01027,JAIMATAG,XT,,,,,JAI MATA GLASS LTD.,2.89,2.89,2.89,2.89,2.89,2.94,,2.89,,,38034,109918.00,44,F1,1,,,,,
2026-09-04,2026-09-04,CM,BSE,STK,523475,INE026D01011,LOTUSCHO,B,,,,,LOTUS CHOCOLATE CO.LTD.,631.20,649.95,631.20,635.75,632.40,650.55,,630.94,,,501,319925.00,77,F1,1,,,,,
2026-09-04,2026-09-04,CM,BSE,STK,523483,INE883C01025,PACIFICI,B,,,,,PACIFIC INDUSTRIES LTD.,143.95,146.00,140.00,143.05,140.00,144.85,,143.23,,,471,67446.00,26,F1,1,,,,,
2026-09-04,2026-09-04,CM,BSE,STK,523489,INE889F01017,CMMHOSP,X,,,,,CHENNAI MEENAKSHI MULTISPECIAL,38.88,38.99,36.31,37.50,37.00,38.88,,37.50,,,2074,77747.00,34,F1,1,,,,,
2026-09-04,2026-09-04,CM,BSE,STK,523519,INE951C01012,UNIOFFICE,X,,,,,UNIVERSAL OFFICE AUTOMATION LT,7.25,7.25,6.60,7.20,7.20,6.91,,7.20,,,2587,18722.00,7,F1,1,,,,,
2026-09-04,2026-09-04,CM,BSE,STK,523537,INE170D01025,APMIN,X,,,,,APM INDUSTRIES LTD.,59.99,61.00,57.21,58.04,58.02,59.83,,58.04,,,19410,1162075.00,79,F1,1,,,,,
2026-09-04,2026-09-04,CM,BSE,STK,523539,INE372C01037,PRECWIRE,B,,,,,PRECISION WIRES INDIA LTD.,488.65,500.75,467.85,471.30,472.70,488.30,,472.70,,,66239,32116579.00,1691,F1,1,,,,,
2026-09-04,2026-09-04,CM,BSE,STK,523550,INE951B01014,KRYPTONQ,X,,,,,KRYPTON INDUSTRIES LTD.,34.47,34.50,33.90,33.91,33.90,34.30,,33.91,,,1940,65827.00,9,F1,1,,,,,
2026-09-04,2026-09-04,CM,BSE,STK,523558,INE010C01025,SWISSMLTRY,T,,,,,SWISS MILITARY CONSUMER GOODS,15.34,15.80,15.10,15.51,15.51,15.50,,15.59,,,40281,616498.00,124,F1,1,,,,,
2026-09-04,2026-09-04,CM,BSE,STK,523566,INE199D01016,MARBU,X,,,,,MARTIN BURN LTD.,45.70,48.47,44.15,48.30,48.30,46.90,,48.30,,,88,4104.00,11,F1,1,,,,,
2026-09-04,2026-09-04,CM,BSE,STK,523574,INE623B01027,FEL,Z,,,,,Future Enterprises Limited,0.49,0.49,0.49,0.49,0.49,0.49,,0.38,,,1079,528.00,8,F1,1,,,,,
2026-09-04,2026-09-04,CM,BSE,STK,523586,INE826B01026,INDTONER,X,,,,,INDIAN TONERS & DEVELOPERS LTD,45.01,46.00,44.63,45.97,45.55,45.01,,45.97,,,16497,754824.00,116,F1,1,,,,,
2026-09-04,2026-09-04,CM,BSE,STK,523594,INE638D01021,KUNSTOFF,X,,,,,KUNSTSTOFFE INDUSTRIES LTD.,19.70,21.39,19.70,20.85,20.97,21.00,,20.85,,,177,3686.00,13,F1,1,,,,,
2026-09-04,2026-09-04,CM,BSE,STK,523598,INE109A01011,SCI,A,,,,,SHIPPING CORPORATION OF INDIA,295.35,300.50,293.90,295.15,295.15,295.20,,295.34,,,173962,51653664.00,3280,F1,1,,,,,
2026-09-04,2026-09-04,CM,BSE,STK,523606,INE438E01032,SIKA,B,,,,,SIKA INTERPLANT SYSTEMS LTD.,980.20,1010.00,980.15,999.35,1001.25,976.75,,996.42,,,7549,7572313.00,577,F1,1,,,,,
2026-09-04,2026-09-04,CM,BSE,STK,523610,INE248A01017,ITI,B,,,,,ITI LTD.,268.50,276.00,268.50,272.25,272.25,268.10,,272.49,,,11234,3059480.00,276,F1,1,,,,,
2026-09-04,2026-09-04,CM,BSE,STK,523618,INE506A01018,DREDGECORP,B,,,,,DREDGING CORPORATION OF INDIA,1076.10,1117.50,1075.90,1088.75,1086.00,1076.05,,1087.73,,,7623,8353555.00,393,F1,1,,,,,
2026-09-04,2026-09-04,CM,BSE,STK,523620,INE486I01016,PHRMASI,X,,,,,PHAARMASIA LTD.,85.80,90.05,81.55,82.60,84.95,85.80,,82.60,,,2624,225602.00,58,F1,1,,,,,
2026-09-04,2026-09-04,CM,BSE,STK,523630,INE870D01012,NFL,B,,,,,NATIONAL FERTILIZERS LTD.,70.16,70.95,70.16,70.60,70.60,70.12,,70.51,,,35042,2477988.00,268,F1,1,,,,,
2026-09-04,2026-09-04,CM,BSE,STK,523638,INE558A01019,IPRINGLTD,B,,,,,IP RINGS LTD.,165.00,165.00,158.25,160.25,158.25,162.00,,160.00,,,140,22877.00,8,F1,1,,,,,
2026-09-04,2026-09-04,CM,BSE,STK,523642,INE603J01030,PIIND,A,,,,,P.I.INDUSTRIES LTD.,2413.90,2509.45,2408.60,2475.00,2475.00,2390.00,,2465.07,,,21193,52538333.00,4210,F1,1,,,,,
2026-09-04,2026-09-04,CM,BSE,STK,523648,INE083C01022,PLASTIBLEN,B,,,,,PLASTIBLENDS INDIA LTD.,188.10,189.50,186.15,187.50,188.00,189.35,,187.80,,,1964,369103.00,103,F1,1,,,,,
2026-09-04,2026-09-04,CM,BSE,STK,523650,INE823D01011,YASHINNO,X,,,,,YASH INNOVENTURES LIMITED,40.01,42.10,40.01,41.45,42.10,40.95,,41.45,,,6812,281394.00,30,F1,1,,,,,
2026-09-04,2026-09-04,CM,BSE,STK,523660,INE054C01015,WATERBASE,B,,,,,WATERBASE LTD.,48.29,48.50,47.08,48.11,48.48,47.56,,48.59,,,5795,276722.00,100,F1,1,,,,,
2026-09-04,2026-09-04,CM,BSE,STK,523672,INE954B01018,FLEXFO,X,,,,,FLEX FOODS LTD.,47.50,47.50,46.10,46.62,46.21,46.58,,46.62,,,923,42933.00,19,F1,1,,,,,
2026-09-04,2026-09-04,CM,BSE,STK,523676,INE798D01015,GOLKUNDIA,X,,,,,GOLKUNDA DIAMONDS & JEWELLERY,312.50,317.40,308.15,313.00,314.30,306.35,,313.00,,,1711,537421.00,72,F1,1,,,,,
2026-09-04,2026-09-04,CM,BSE,STK,523694,INE116A01032,APCOTEXIND,B,,,,,APCOTEX INDUSTRIES LTD.,656.00,665.00,633.10,635.65,635.30,651.35,,635.51,,,17069,10975556.00,674,F1,1,,,,,
2026-09-04,2026-09-04,CM,BSE,STK,523696,INE842B01015,FORTISMLR,X,,,,,FORTIS MALAR HOSPITALS LIMITED,45.00,46.70,44.70,45.29,45.25,45.38,,45.29,,,4294,194801.00,127,F1,1,,,,,
2026-09-04,2026-09-04,CM,BSE,STK,523704,INE759A01021,MASTEK,A,,,,,MASTEK LTD.,1824.65,1830.00,1753.70,1770.75,1766.50,1790.85,,1772.79,,,5724,10178360.00,705,F1,1,,,,,
2026-09-04,2026-09-04,CM,BSE,STK,523708,INE158B01016,EIMCOELECO,B,,,,,EIMCO ELECON (INDIA) LTD.,2280.45,2281.70,2239.10,2252.95,2252.95,2280.35,,2254.38,,,1318,2986506.00,141,F1,1,,,,,
2026-09-04,2026-09-04,CM,BSE,STK,523710,INE318C01014,SAYAJIHOTL,B,,,,,SAYAJI HOTELS LIMITED,335.30,335.30,335.30,335.30,335.30,311.90,,321.34,,,1,335.00,1,F1,1,,,,,
2026-09-04,2026-09-04,CM,BSE,STK,523716,INE365D01021,ASHIANA,B,,,,,ASHIANA HOUSING LTD.,369.90,369.90,359.00,360.05,359.00,367.80,,359.58,,,1996,724663.00,137,F1,1,,,,,
2026-09-04,2026-09-04,CM,BSE,STK,523722,INE119B01018,SVAMSOF,X,,,,,SVAM SOFTWARE LTD.,4.87,5.08,4.85,4.90,4.86,5.09,,4.90,,,8954,43892.00,33,F1,1,,,,,
2026-09-04,2026-09-04,CM,BSE,STK,523732,INE866A01016,ECOBOAR,X,,,,,ECOBOARD INDUSTRIES LTD.,67.78,67.78,62.00,63.32,63.32,65.93,,63.32,,,9354,598783.00,106,F1,1,,,,,
2026-09-04,2026-09-04,CM,BSE,STK,523736,INE477B01010,DVL,B,,,,,Dhunseri Ventures Limited,286.00,291.45,285.00,286.80,286.30,286.60,,290.02,,,643,184492.00,51,F1,1,,,,,
2026-09-04,2026-09-04,CM,BSE,STK,523752,INE502D01011,TIHIL,XT,,,,,TRANS INDIA HOUSE IMPEX LIMITE,2.92,3.01,2.77,2.77,2.77,2.91,,2.77,,,151024,427294.00,138,F1,1,,,,,
2026-09-04,2026-09-04,CM,BSE,STK,523754,INE215D01010,MAHEPC,B,,,,,MAHINDRA EPC IRRIGATION LIMITE,104.20,104.60,102.95,103.30,103.30,103.10,,103.60,,,358,37116.00,20,F1,1,,,,,
2026-09-04,2026-09-04,CM,BSE,STK,523782,INE844D01017,MITSHI,X,,,,,Mitshi India Limited,14.45,14.99,14.40,14.61,14.70,14.28,,14.61,,,50603,741476.00,129,F1,1,,,,,
2026-09-04,2026-09-04,CM,BSE,STK,523792,INE885E01042,MAZDA,T,,,,,MAZDA LTD.,275.55,275.55,264.00,271.10,272.00,275.05,,270.07,,,3778,1017820.00,52,F1,1,,,,,
2026-09-04,2026-09-04,CM,BSE,STK,523796,INE048C01025,VHLTD,T,,,,,VICEROY HOTELS LTD.,120.00,120.00,117.25,118.10,118.15,116.50,,118.20,,,11233,1327730.00,51,F1,1,,,,,
2026-09-04,2026-09-04,CM,BSE,STK,523826,INE959D01013,SOVERDIA,X,,,,,SOVEREIGN DIAMONDS LTD.,27.20,27.20,26.25,26.90,26.90,27.06,,26.90,,,642,17230.00,16,F1,1,,,,,
2026-09-04,2026-09-04,CM,BSE,STK,523828,INE071D01033,MENONBE,T,,,,,MENON BEARINGS LTD.,317.00,325.00,310.05,321.60,316.20,309.55,,321.41,,,25834,8351848.00,370,F1,1,,,,,
2026-09-04,2026-09-04,CM,BSE,STK,523832,INE862C01029,MUKATPIP,XT,,,,,MUKAT PIPES LTD.,16.45,16.45,15.20,15.99,15.99,15.99,,15.99,,,363,5622.00,10,F1,1,,,,,
2026-09-04,2026-09-04,CM,BSE,STK,523836,INE610B01024,GUJRAFFIA,B,,,,,GUJARAT RAFFIA INDUSTRIES LTD.,41.00,41.00,41.00,41.00,41.00,39.50,,41.00,,,10,410.00,1,F1,1,,,,,
2026-09-04,2026-09-04,CM,BSE,STK,523838,INE059B01024,SIMPLEXINF,B,,,,,SIMPLEX INFRASTRUCTURES LTD.,266.00,273.60,265.30,272.55,272.40,266.55,,270.51,,,889,237526.00,44,F1,1,,,,,
2026-09-04,2026-09-04,CM,BSE,STK,523840,INE965C01038,INNOVTEC,X,,,,,INNOVATIVE TECH PACK LTD.,15.01,15.30,14.50,14.97,14.97,15.01,,14.97,,,1260,18436.00,11,F1,1,,,,,
2026-09-04,2026-09-04,CM,BSE,STK,523842,INE460D01038,SUPTANERY,T,,,,,SUPER TANNERY LIMITED,13.45,13.45,13.45,13.45,13.45,14.15,,13.25,,,3850,51782.00,26,F1,1,,,,,
2026-09-04,2026-09-04,CM,BSE,STK,523844,INE537B01011,CONSTRONIC,X,,,,,CONSTRONICS INFRA LIMITED,44.80,47.49,41.50,47.48,47.48,44.99,,47.48,,,760,33366.00,13,F1,1,,,,,
2026-09-04,2026-09-04,CM,BSE,STK,523850,INE767C01012,AXTEL,B,,,,,AXTEL INDUSTRIES LTD.,393.00,395.00,391.20,392.00,392.00,394.65,,393.54,,,1623,637490.00,35,F1,1,,,,,
2026-09-04,2026-09-04,CM,BSE,STK,523862,INE926B01016,GRANDOAK,B,,,,,GRAND OAK CANYONS DISTILLERY L,35.79,37.24,34.25,36.68,37.24,35.60,,35.71,,,1136,40777.00,279,F1,1,,,,,
2026-09-04,2026-09-04,CM,BSE,STK,523874,INE191C01023,EASTINDIA,XT,,,,,East India Drums and Barrels M,95.80,95.80,94.10,94.38,95.10,94.26,,94.38,,,8102,767987.00,67,F1,1,,,,,
2026-09-04,2026-09-04,CM,BSE,STK,523888,INE317D01014,MEGAMONT,X,,,,,MEGAMONT LIMITED,180.00,184.55,179.00,179.00,179.00,179.05,,179.00,,,520,93406.00,28,F1,1,,,,,
2026-09-04,2026-09-04,CM,BSE,STK,524000,INE511C01022,POONAWALLA,A,,,,,POONAWALLA FINCORP LIMITED,464.25,476.15,463.80,468.05,469.30,465.85,,468.43,,,500123,235307352.00,1686,F1,1,,,,,
2026-09-04,2026-09-04,CM,BSE,STK,524019,INE473D01015,KINGFA,B,,,,,Kingfa Science & Technology (I,5920.00,6043.50,5881.00,5950.60,5946.65,5884.00,,5933.52,,,330,1966758.00,92,F1,1,,,,,
2026-09-04,2026-09-04,CM,BSE,STK,524031,INE637N01014,PATIDAR,X,,,,,PATIDAR BUILDCON LIMITED,5.22,5.22,5.22,5.22,5.22,4.98,,5.22,,,14,73.00,1,F1,1,,,,,
2026-09-04,2026-09-04,CM,BSE,STK,524037,INE809A01032,RAMAPHO,B,,,,,RAMA PHOSPHATES LTD.,125.50,125.50,123.20,123.75,124.40,124.00,,123.49,,,1230,152434.00,79,F1,1,,,,,
2026-09-04,2026-09-04,CM,BSE,STK,524038,INE204D01022,VENLONENT,X,,,,,VENLON ENTERPRISES LTD.,4.45,4.73,4.14,4.28,4.26,4.46,,4.28,,,3711,16509.00,22,F1,1,,,,,
2026-09-04,2026-09-04,CM,BSE,STK,524051,INE633B01018,POLYPLEX,B,,,,,POLYPLEX CORPORATION LTD.,1206.60,1206.95,1177.45,1187.85,1188.55,1204.50,,1190.92,,,2454,2917669.00,179,F1,1,,,,,
2026-09-04,2026-09-04,CM,BSE,STK,524055,INE181D01014,PANIDPR,X,,,,,PANTHER INDUSTRIAL PRODUCTS LT,96.40,96.40,96.00,96.00,96.00,91.81,,96.00,,,15,1440.00,4,F1,1,,,,,
2026-09-04,2026-09-04,CM,BSE,STK,524075,INE155C01010,ALBERTDAVD,B,,,,,ALBERT DAVID LTD.,871.00,871.00,853.60,858.35,863.00,867.50,,860.21,,,261,223679.00,51,F1,1,,,,,
2026-09-04,2026-09-04,CM,BSE,STK,524080,INE681F01018,HARLETH,X,,,,,HARYANA LEATHER CHEMICALS LTD.,59.88,59.88,57.00,59.09,59.09,59.88,,59.09,,,2051,119816.00,22,F1,1,,,,,
2026-09-04,2026-09-04,CM,BSE,STK,524091,INE482D01024,CARYSIL,B,,,,,CARYSIL LIMITED,1169.00,1179.00,1137.00,1140.45,1144.50,1157.50,,1140.78,,,5551,6416618.00,517,F1,1,,,,,
2026-09-04,2026-09-04,CM,BSE,STK,524109,INE900B01029,KABRAEXTRU,B,,,,,KABRA EXTRUSIONTECHNIK LTD.,564.20,583.40,563.75,579.75,581.10,565.70,,579.19,,,11713,6729461.00,307,F1,1,,,,,
2026-09-04,2026-09-04,CM,BSE,STK,524129,INE250B01029,VINYLINDIA,B,,,,,VINYL CHEMICALS (INDIA) LTD.,222.50,233.30,222.50,230.35,228.90,229.75,,232.33,,,1533,352972.00,97,F1,1,,,,,
2026-09-04,2026-09-04,CM,BSE,STK,524136,INE417E01010,PCCOSMA,X,,,,,PEE CEE COSMA SOPE LTD.,464.00,488.00,460.00,487.40,485.00,464.70,,487.40,,,5634,2713716.00,207,F1,1,,,,,
2026-09-04,2026-09-04,CM,BSE,STK,524156,INE034F01010,TCMLMTD,X,,,,,TCM LTD.,45.78,45.78,44.00,44.50,44.50,43.74,,44.50,,,463,20484.00,9,F1,1,,,,,
2026-09-04,2026-09-04,CM,BSE,STK,524164,INE485C01029,IOLCP,B,,,,,IOL CHEMICALS & PHARMACEUTICAL,198.80,205.00,192.60,200.05,200.05,196.00,,199.95,,,345178,69045230.00,3410,F1,1,,,,,
2026-09-04,2026-09-04,CM,BSE,STK,524174,INE133C01033,KESARPE,X,,,,,KESAR PETROPRODUCTS LTD.,13.80,14.37,12.80,13.54,13.54,14.00,,13.54,,,67496,915010.00,252,F1,1,,,,,
2026-09-04,2026-09-04,CM,BSE,STK,524200,INE410B01037,VINATIORGA,A,,,,,VINATI ORGANICS LTD.,1322.00,1336.90,1308.00,1310.30,1316.85,1315.45,,1310.68,,,5581,7387763.00,547,F1,1,,,,,
2026-09-04,2026-09-04,CM,BSE,STK,524202,INE058I01013,LACTOSE,X,,,,,LACTOSE (INDIA) LTD.,103.00,107.50,100.00,106.40,106.00,101.20,,106.40,,,25942,2680866.00,191,F1,1,,,,,
2026-09-04,2026-09-04,CM,BSE,STK,524204,INE757D01011,TEEAI,X,,,,,TEESTA AGRO INDUSTRIES LTD.,111.50,119.80,111.50,117.50,119.80,114.00,,117.50,,,716,83086.00,23,F1,1,,,,,
2026-09-04,2026-09-04,CM,BSE,STK,524208,INE769A01020,AARTIIND,A,,,,,AARTI INDUSTRIES LTD.,502.25,510.15,490.30,491.90,492.35,501.75,,492.04,,,47851,23788695.00,1349,F1,1,,,,,
2026-09-04,2026-09-04,CM,BSE,STK,524210,INE702E01015,PNTKYOR,X,,,,,PENTOKEY ORGANY (INDIA) LTD.,32.66,32.66,32.50,32.50,32.50,32.61,,32.50,,,84,2730.00,3,F1,1,,,,,
2026-09-04,2026-09-04,CM,BSE,STK,524212,INE107F01022,WANBURY,B,,,,,WANBURY LTD.,246.85,248.05,242.95,246.50,247.95,244.00,,246.21,,,8491,2083488.00,199,F1,1,,,,,
2026-09-04,2026-09-04,CM,BSE,STK,524218,INE486D01017,RESONANCE,XT,,,,,RESONANCE SPECIALTIES LTD.,157.00,162.00,156.10,161.40,161.90,157.10,,161.40,,,9307,1485788.00,156,F1,1,,,,,
2026-09-04,2026-09-04,CM,BSE,STK,524226,INE036B01030,GAEL,B,,,,,GUJARAT AMBUJA EXPORTS LTD.,170.00,170.75,167.25,168.00,168.15,170.60,,167.82,,,15636,2634099.00,349,F1,1,,,,,
2026-09-04,2026-09-04,CM,BSE,STK,524230,INE027A01015,RCF,A,,,,,RASHTRIYA CHEMICALS & FERTILIZ,114.60,116.10,114.60,114.90,115.20,114.50,,114.92,,,39035,4497158.00,468,F1,1,,,,,
2026-09-04,2026-09-04,CM,BSE,STK,524238,INE659F01022,GUJINJEC,XT,,,,,GUJARAT INJECT (KERALA) LTD.,10.85,11.10,10.33,11.10,11.10,10.58,,11.10,,,651657,6959446.00,419,F1,1,,,,,
2026-09-04,2026-09-04,CM,BSE,STK,524280,INE082A01010,KOPRAN,B,,,,,KOPRAN LTD.,234.45,242.80,229.05,232.70,232.00,232.05,,232.55,,,61267,14410110.00,1249,F1,1,,,,,
2026-09-04,2026-09-04,CM,BSE,STK,524288,INE008B01013,AIMCOPEST,X,,,,,AIMCO PESTICIDES LTD.,46.88,47.99,45.00,45.48,45.31,46.88,,45.48,,,5474,250107.00,59,F1,1,,,,,
2026-09-04,2026-09-04,CM,BSE,STK,524314,INE499G01013,GUJTERC,X,,,,,GUJARAT TERCE LABORATORIES LTD,41.00,41.49,38.99,40.69,41.49,40.00,,40.69,,,5610,226635.00,36,F1,1,,,,,
2026-09-04,2026-09-04,CM,BSE,STK,524322,INE323K01017,KABRADG,X,,,,,KABRA DRUGS LTD.,19.94,20.20,19.55,19.98,20.20,19.34,,19.98,,,54141,1072275.00,147,F1,1,,,,,
2026-09-04,2026-09-04,CM,BSE,STK,524324,INE573R01012,SEYAIND,T,,,,,SEYA INDUSTRIES LTD.,12.27,12.27,12.20,12.27,12.27,12.03,,12.25,,,252,3085.00,5,F1,1,,,,,
2026-09-04,2026-09-04,CM,BSE,STK,524330,INE785A01026,JAYAGROGN,B,,,,,JAYANT AGRO-ORGANICS LTD.,232.00,233.65,228.75,229.85,228.75,231.70,,230.59,,,151,34924.00,23,F1,1,,,,,
2026-09-04,2026-09-04,CM,BSE,STK,524332,INE412G01024,BCLIND,B,,,,,BCL INDUSTRIES LIMITED,36.59,37.00,36.10,36.63,36.85,36.20,,36.62,,,26474,967738.00,222,F1,1,,,,,
2026-09-04,2026-09-04,CM,BSE,STK,524336,INE065E01017,SHHARICH,XT,,,,,SHREE HARI CHEMICALS EXPORT LT,247.65,247.65,227.50,247.65,247.65,235.90,,247.65,,,137705,33717681.00,536,F1,1,,,,,
2026-09-04,2026-09-04,CM,BSE,STK,524342,INE803D01021,INDOBORAX,B,,,,,INDO BORAX & CHEMICALS LTD.,518.40,524.00,509.05,514.50,512.45,512.85,,514.82,,,18297,9450619.00,654,F1,1,,,,,
2026-09-04,2026-09-04,CM,BSE,STK,524348,INE767A01016,AARTIDRUGS,B,,,,,AARTI DRUGS LTD.,429.70,443.95,426.50,431.70,435.35,426.50,,431.65,,,16312,7120942.00,635,F1,1,,,,,
2026-09-04,2026-09-04,CM,BSE,STK,524370,INE338D01028,BODALCHEM,B,,,,,BODAL CHEMICALS LTD.,148.60,159.90,146.10,155.40,155.40,150.65,,155.61,,,389128,60143968.00,2918,F1,1,,,,,
2026-09-04,2026-09-04,CM,BSE,STK,524372,INE191A01027,ORCHPHARMA,B,,,,,Orchid Pharma Limited,940.70,965.00,934.70,954.70,954.45,934.70,,954.65,,,2280,2160908.00,256,F1,1,,,,,
2026-09-04,2026-09-04,CM,BSE,STK,524394,INE579C01029,VIMTALABS,B,,,,,VIMTA LABS LTD.,653.15,657.55,632.10,635.50,638.00,653.70,,635.64,,,22774,14662793.00,803,F1,1,,,,,
2026-09-04,2026-09-04,CM,BSE,STK,524396,INE829A01014,BIOFILCHEM,B,,,,,BIOFIL CHEMICALS & PHARMACEUTI,31.71,32.88,31.40,31.70,31.70,31.70,,32.00,,,1490,47362.00,15,F1,1,,,,,
2026-09-04,2026-09-04,CM,BSE,STK,524400,INE806D01016,ISHITADR,X,,,,,ISHITA DRUGS & INDUSTRIES LTD.,73.80,73.80,72.90,72.90,72.90,70.88,,72.90,,,1026,74897.00,5,F1,1,,,,,
2026-09-04,2026-09-04,CM,BSE,STK,524404,INE750C01026,MARKSANS,A,,,,,MARKSANS PHARMA LTD.,335.70,335.70,323.35,326.45,328.30,331.80,,326.74,,,100041,32906124.00,1592,F1,1,,,,,
2026-09-04,2026-09-04,CM,BSE,STK,524408,INE113E01015,UNIVSTAR,XT,,,,,UNIVERSAL STARCH-CHEM ALLIED L,190.00,195.90,187.50,192.50,192.50,192.05,,192.50,,,3626,687970.00,7,F1,1,,,,,
2026-09-04,2026-09-04,CM,BSE,STK,524412,INE198H01019,AAREYDRUGS,B,,,,,AAREY DRUGS & PHARMACEUTICALS,95.50,96.90,94.65,95.03,95.03,94.84,,95.77,,,11797,1129382.00,241,F1,1,,,,,
2026-09-04,2026-09-04,CM,BSE,STK,524414,INE744C01029,NORRIS,X,,,,,NORRIS MEDICINES LTD.,14.50,14.85,13.63,13.65,13.65,14.29,,13.65,,,520,7383.00,10,F1,1,,,,,
2026-09-04,2026-09-04,CM,BSE,STK,524434,INE810M01019,ASINPET,X,,,,,ASIAN PETROPRODUCTS & EXPORTS,11.51,12.46,11.01,12.08,12.00,11.20,,12.08,,,96986,1159013.00,214,F1,1,,,,,
2026-09-04,2026-09-04,CM,BSE,STK,524440,INE198C01010,CAMEXLTD,X,,,,,CAMEX LTD.,43.90,43.90,40.60,40.75,40.75,41.05,,40.75,,,1524,62523.00,21,F1,1,,,,,
2026-09-04,2026-09-04,CM,BSE,STK,524444,INE313M01030,EVEXIA,X,,,,,EVEXIA LIFECARE LIMITED,1.29,1.34,1.24,1.32,1.32,1.28,,1.32,,,74588036,94943671.00,1450,F1,1,,,,,
2026-09-04,2026-09-04,CM,BSE,STK,524458,INE319N01019,INDOEURO,X,,,,,INDO EURO INDCHEM LTD.,8.24,9.79,7.50,9.05,9.05,8.24,,9.05,,,243,1980.00,9,F1,1,,,,,
2026-09-04,2026-09-04,CM,BSE,STK,524470,INE312C01025,SYNCOMF,B,,,,,SYNCOM FORMULATIONS (INDIA) LT,21.05,21.76,20.02,20.56,20.56,21.30,,20.58,,,1506130,31244848.00,2376,F1,1,,,,,
2026-09-04,2026-09-04,CM,BSE,STK,524480,INE249D01019,RIDDHI,XT,,,,,RIDDHI SIDDHI GLUCO BIOLS LTD.,769.00,769.90,726.00,766.00,766.00,750.00,,766.00,,,795,606711.00,23,F1,1,,,,,
2026-09-04,2026-09-04,CM,BSE,STK,524488,INE038B01010,SVCIND,X,,,,,SVC INDUSTRIES LIMITED,2.91,3.09,2.77,2.80,2.80,3.01,,2.80,,,73571,210226.00,140,F1,1,,,,,
2026-09-04,2026-09-04,CM,BSE,STK,524494,INE571A01038,IPCALAB,A,,,,,IPCA LABORATORIES LTD.,1982.45,1982.45,1943.05,1965.10,1965.00,1955.20,,1965.29,,,5264,10326648.00,734,F1,1,,,,,
2026-09-04,2026-09-04,CM,BSE,STK,524500,INE729D01010,KILITCH,T,,,,,KILITCH DRUGS (INDIA) LTD.,172.00,180.10,171.80,180.10,180.10,171.55,,180.95,,,656,116969.00,19,F1,1,,,,,
2026-09-04,2026-09-04,CM,BSE,STK,524502,INE548H01015,RAAJMEDI,XT,,,,,RAAJ MEDISAFE INDIA LTD.,99.00,100.00,96.43,96.43,96.43,101.50,,96.43,,,1442,141868.00,19,F1,1,,,,,
2026-09-04,2026-09-04,CM,BSE,STK,524506,INE683E01017,CORALAB,XT,,,,,CORAL LABORATORIES LTD.,585.00,606.95,572.00,574.00,580.00,585.00,,574.00,,,992,583244.00,32,F1,1,,,,,
2026-09-04,2026-09-04,CM,BSE,STK,524516,INE711D01018,BACPHAR,X,,,,,BACIL PHARMA LTD.,15.25,15.30,14.65,15.30,15.30,14.58,,15.30,,,20094,305990.00,66,F1,1,,,,,
2026-09-04,2026-09-04,CM,BSE,STK,524518,INE268B01013,KREBSBIO,B,,,,,KREBS BIOCHEMICALS & INDUSTRIE,55.88,56.22,55.80,56.00,56.00,52.12,,55.95,,,1298,72467.00,229,F1,1,,,,,
2026-09-04,2026-09-04,CM,BSE,STK,524520,INE879K01018,KMCSHIL,B,,,,,KMC SPECIALITY HOSPITALS (INDI,141.85,141.85,137.00,138.25,138.25,137.85,,138.24,,,31660,4396027.00,606,F1,1,,,,,
2026-09-04,2026-09-04,CM,BSE,STK,524522,INE919B01011,LAFFANSQ,X,,,,,LAFFANS PETROCHEMICALS LTD.,25.50,26.08,25.50,25.99,25.60,26.08,,25.99,,,1032,26710.00,10,F1,1,,,,,
2026-09-04,2026-09-04,CM,BSE,STK,524534,INE972C01018,BHASKAGR,X,,,,,BHASKAR AGROCHEMICALS LTD.,117.40,117.40,111.50,111.80,111.55,112.00,,111.80,,,504,57368.00,26,F1,1,,,,,
2026-09-04,2026-09-04,CM,BSE,STK,524542,INE450E01029,SUKHJITS,B,,,,,SUKHJIT STARCH & CHEMICALS LTD,159.80,160.15,159.80,160.15,160.15,157.35,,157.86,,,25,4003.00,2,F1,1,,,,,
2026-09-04,2026-09-04,CM,BSE,STK,524548,INE465H01012,SHARMEH,X,,,,,SHARMA EAST INDIA HOSPITALS &,98.99,98.99,93.25,96.00,96.00,95.50,,96.00,,,134,12677.00,11,F1,1,,,,,
2026-09-04,2026-09-04,CM,BSE,STK,524558,INE794A01010,NEULANDLAB,A,,,,,NEULAND LABORATORIES LTD.,23222.00,23222.00,22555.30,22643.30,22682.45,22920.60,,22658.42,,,1382,31475733.00,495,F1,1,,,,,
2026-09-04,2026-09-04,CM,BSE,STK,524564,INE052E01015,GAYATRIBI,X,,,,,GAYATRI BIOORGANICS LTD.,7.58,7.69,7.23,7.41,7.50,7.41,,7.41,,,7185,53855.00,46,F1,1,,,,,
2026-09-04,2026-09-04,CM,BSE,STK,524572,INE117D01018,PHARMAID,X,,,,,PHARMAIDS PHARMACEUTICALS LTD.,31.97,32.28,30.67,31.09,31.09,31.98,,31.09,,,6340,198048.00,66,F1,1,,,,,
2026-09-04,2026-09-04,CM,BSE,STK,524576,INE737C01023,VIVIDIND,X,,,,,VIVID GLOBAL INDUSTRIES LTD.,21.60,25.16,20.11,24.88,24.90,20.97,,24.88,,,181912,4415644.00,298,F1,1,,,,,
2026-09-04,2026-09-04,CM,BSE,STK,524580,INE686C01014,PRIYALT,X,,,,,PRIYA LTD.,22.40,22.40,21.84,21.84,21.84,21.35,,21.84,,,18,402.00,4,F1,1,,,,,
2026-09-04,2026-09-04,CM,BSE,STK,524582,INE314D01011,TIRUSTA,X,,,,,TIRUPATI STARCH & CHEMICALS LT,135.25,138.00,130.00,130.35,135.00,140.00,,130.35,,,354,47917.00,23,F1,1,,,,,
2026-09-04,2026-09-04,CM,BSE,STK,524592,INE263B01022,JAYSYNTH,X,,,,,JAYSYNTH ORGOCHEM LIMITED,18.39,21.01,17.60,20.65,20.65,17.67,,20.65,,,678695,13643220.00,1630,F1,1,,,,,
2026-09-04,2026-09-04,CM,BSE,STK,524594,INE994D01010,AEONXDIGI,X,,,,,Aeonx Digital Technology Limit,111.85,111.85,104.00,105.25,105.25,111.30,,105.25,,,2900,307801.00,67,F1,1,,,,,
2026-09-04,2026-09-04,CM,BSE,STK,524598,INE542B01011,AKSHARCHEM,T,,,,,AKSHARCHEM (INDIA) LTD.,449.15,449.15,406.45,448.55,449.15,427.80,,445.69,,,8671,3772580.00,220,F1,1,,,,,
2026-09-04,2026-09-04,CM,BSE,STK,524602,INE875N01036,BANDARAM,X,,,,,BANDARAM PHARMA PACKTECH LIMIT,20.56,23.50,20.56,21.70,21.98,20.75,,21.70,,,15976,351594.00,106,F1,1,,,,,
2026-09-04,2026-09-04,CM,BSE,STK,524606,INE415H01017,BERLDRG,X,,,,,BERYL DRUGS LTD.,26.50,26.50,22.62,24.59,24.50,23.84,,24.59,,,4425,107840.00,39,F1,1,,,,,
2026-09-04,2026-09-04,CM,BSE,STK,524614,INE056E01024,INDXTRA,X,,,,,IEL LIMITED,5.62,5.84,5.61,5.66,5.67,5.64,,5.66,,,56980,322512.00,74,F1,1,,,,,
2026-09-04,2026-09-04,CM,BSE,STK,524622,INE532B01020,ISTRNETWK,X,,,,,ISTREET NETWORK LIMITED,53.89,53.89,50.00,51.65,51.63,51.39,,51.65,,,34847,1804149.00,195,F1,1,,,,,
2026-09-04,2026-09-04,CM,BSE,STK,524624,INE076D01016,GAGAN,X,,,,,GAGAN GASES LTD.,21.00,21.00,19.60,20.00,20.00,20.58,,20.00,,,1430,28802.00,25,F1,1,,,,,
2026-09-04,2026-09-04,CM,BSE,STK,524628,INE750B01010,PARKERAC,X,,,,,PARKER AGROCHEM EXPORTS LTD.,19.35,19.35,19.32,19.35,19.35,20.33,,19.35,,,237,4583.00,7,F1,1,,,,,
2026-09-04,2026-09-04,CM,BSE,STK,524632,INE551C01044,SHUKRAPHAR,B,,,,,Shukra Pharmaceuticals Limited,53.01,55.50,51.78,51.96,51.96,52.00,,51.93,,,790635,42391177.00,2758,F1,1,,,,,
2026-09-04,2026-09-04,CM,BSE,STK,524634,INE058F01019,ALUFLUOR,B,,,,,ALUFLUORIDE LTD.,501.00,502.85,498.45,498.80,501.00,502.05,,498.96,,,1485,740845.00,31,F1,1,,,,,
2026-09-04,2026-09-04,CM,BSE,STK,524636,INE102E01018,OXYGENTAPH,XT,,,,,OXYGENTA PHARMACEUTICAL LIMITE,55.90,58.71,54.00,54.18,55.50,55.93,,54.18,,,38187,2121649.00,42,F1,1,,,,,
2026-09-04,2026-09-04,CM,BSE,STK,524640,INE078I01011,ARCHITORG,XT,,,,,ARCHIT ORGANOSYS LTD.,65.20,65.20,61.94,62.14,64.60,65.20,,62.14,,,136564,8524412.00,274,F1,1,,,,,
2026-09-04,2026-09-04,CM,BSE,STK,524648,INE760F01028,INDOAMIN,T,,,,,INDO AMINES LTD.,124.20,127.00,122.50,124.20,125.00,126.30,,125.28,,,10136,1265791.00,98,F1,1,,,,,
2026-09-04,2026-09-04,CM,BSE,STK,524654,INE936B01015,NATCAPSUQ,T,,,,,NATURAL CAPSULES LTD.,237.00,237.00,214.75,217.05,220.95,226.05,,216.48,,,1899,432060.00,42,F1,1,,,,,
2026-09-04,2026-09-04,CM,BSE,STK,524661,INE331C01025,WELCURE,X,,,,,WELCURE DRUGS & PHARMACEUTICAL,0.23,0.25,0.23,0.23,0.23,0.23,,0.23,,,5720019,1362925.00,531,F1,1,,,,,
2026-09-04,2026-09-04,CM,BSE,STK,524663,INE994B01014,BIBCL,B,,,,,BHARAT IMMUNOLOGICALS & BIOLOG,15.74,15.74,15.15,15.34,15.34,15.31,,15.34,,,16872,259327.00,97,F1,1,,,,,
2026-09-04,2026-09-04,CM,BSE,STK,524667,INE035D01020,SOTL,B,,,,,SAVITA OIL TECHNOLOGIES LTD.,740.25,745.00,732.00,742.10,739.80,737.90,,740.84,,,27596,20337164.00,802,F1,1,,,,,
2026-09-04,2026-09-04,CM,BSE,STK,524669,INE782E01017,HESTERBIO,B,,,,,HESTER BIOSCIENCES LTD.,2192.40,2524.90,2192.40,2408.70,2380.00,2192.85,,2405.44,,,2851,6942053.00,468,F1,1,,,,,
2026-09-04,2026-09-04,CM,BSE,STK,524675,INE645C01010,KABSON,X,,,,,KABSONS INDUSTRIES LTD.,21.00,21.00,20.00,20.98,21.00,20.77,,20.98,,,2332,48475.00,33,F1,1,,,,,
2026-09-04,2026-09-04,CM,BSE,STK,524687,INE473E01021,BASANTGL,X,,,,,BASANT AGRO TECH (INDIA) LTD.,11.44,11.72,11.41,11.50,11.50,11.43,,11.50,,,24533,282190.00,106,F1,1,,,,,
2026-09-04,2026-09-04,CM,BSE,STK,524703,INE751D01014,SANDUPHQ,X,,,,,SANDU PHARMACEUTICALS LTD.,38.99,38.99,37.00,38.22,38.20,39.12,,38.22,,,9507,363140.00,52,F1,1,,,,,
2026-09-04,2026-09-04,CM,BSE,STK,524709,INE295D01020,NACLIND,B,,,,,NACL Industries Limited,165.35,168.40,165.35,167.10,167.80,166.60,,166.89,,,24029,4004561.00,493,F1,1,,,,,
2026-09-04,2026-09-04,CM,BSE,STK,524711,INE427C01021,VISTAPH,X,,,,,VISTA PHARMACEUTICALS LTD.,6.44,6.44,5.80,6.28,6.28,6.24,,6.28,,,3604,21737.00,44,F1,1,,,,,
2026-09-04,2026-09-04,CM,BSE,STK,524715,INE044A01036,SUNPHARMA,A,,,,,SUN PHARMACEUTICAL INDUSTRIES,1924.90,1924.90,1895.00,1899.00,1899.00,1904.00,,1899.00,,,47122,89668179.00,2995,F1,1,,,,,
2026-09-04,2026-09-04,CM,BSE,STK,524717,INE150C01029,TITANBIO,XT,,,,,TITAN BIOTECH LTD.,435.00,443.00,423.00,434.05,438.00,435.20,,434.05,,,46170,20152249.00,1085,F1,1,,,,,
2026-09-04,2026-09-04,CM,BSE,STK,524723,INE491D01017,ARVAYA,XT,,,,,Arvaya Healthcare Limited,131.20,131.20,118.75,118.75,118.75,125.00,,118.75,,,1598,190957.00,16,F1,1,,,,,
2026-09-04,2026-09-04,CM,BSE,STK,524727,INE004E01016,SDL,X,,,,,Span Divergent Limited,29.47,30.93,29.47,30.93,30.93,29.47,,30.93,,,4,120.00,3,F1,1,,,,,
2026-09-04,2026-09-04,CM,BSE,STK,524731,INE354A01013,JENBURPH,B,,,,,JENBURKT PHARMACEUTICALS LTD.,1022.60,1056.95,1022.60,1034.40,1033.95,1040.05,,1036.81,,,177,181661.00,14,F1,1,,,,,
2026-09-04,2026-09-04,CM,BSE,STK,524735,INE475B01022,HIKAL,B,,,,,HIKAL LTD.,237.00,237.00,220.50,222.20,222.20,241.20,,222.30,,,304107,70137633.00,4664,F1,1,,,,,
2026-09-04,2026-09-04,CM,BSE,STK,524742,INE475E01026,CAPLIPOINT,A,,,,,CAPLIN POINT LABORATORIES LTD.,2867.10,2867.10,2759.05,2810.25,2810.25,2842.80,,2810.75,,,14716,41063390.00,1335,F1,1,,,,,
2026-09-04,2026-09-04,CM,BSE,STK,524743,INE771F01041,FISCHER,B,,,,,FISCHER MEDICAL VENTURES LIMIT,38.49,38.49,35.74,36.03,35.87,37.24,,36.04,,,41505,1513709.00,180,F1,1,,,,,
2026-09-04,2026-09-04,CM,BSE,STK,524748,INE302F01011,LINKPH,X,,,,,LINK PHARMA CHEM LTD.,27.01,27.01,26.22,26.31,27.00,27.60,,26.31,,,1206,31846.00,14,F1,1,,,,,
2026-09-04,2026-09-04,CM,BSE,STK,524752,INE643N01012,DECIPHER,X,,,,,DECIPHER LABS LIMITED,5.55,6.65,5.55,6.20,6.20,5.60,,6.20,,,2060,12387.00,22,F1,1,,,,,
2026-09-04,2026-09-04,CM,BSE,STK,524768,INE634B01016,EMMESSA,X,,,,,EMMESSAR BIOTECH & NUTRITION L,23.08,25.99,23.08,23.77,24.72,24.30,,23.77,,,6492,152517.00,39,F1,1,,,,,
2026-09-04,2026-09-04,CM,BSE,STK,524774,INE887E01022,NGLFINE,B,,,,,NGL FINE-CHEM LTD.,2940.90,2975.50,2890.75,2905.15,2920.55,2939.00,,2907.37,,,632,1858476.00,125,F1,1,,,,,
2026-09-04,2026-09-04,CM,BSE,STK,524790,INE334C01029,EVERESTO,X,,,,,EVEREST ORGANICS LTD.,284.00,284.00,267.00,272.55,272.60,271.90,,272.55,,,2823,763634.00,55,F1,1,,,,,
2026-09-04,2026-09-04,CM,BSE,STK,524804,INE406A01037,AUROPHARMA,A,,,,,AUROBINDO PHARMA LTD.,1653.90,1660.60,1623.05,1653.30,1653.30,1627.00,,1653.10,,,16719,27566194.00,1486,F1,1,,,,,
2026-09-04,2026-09-04,CM,BSE,STK,524808,INE037C01010,PHYTO,X,,,,,PHYTO CHEM (INDIA) LTD.,20.00,20.00,19.00,19.08,19.87,20.00,,19.08,,,1782,34061.00,20,F1,1,,,,,
2026-09-04,2026-09-04,CM,BSE,STK,524816,INE987B01026,NATCOPHARM,A,,,,,NATCO PHARMA LTD.,846.95,846.95,827.55,829.00,829.80,838.05,,828.66,,,25588,21315826.00,2116,F1,1,,,,,
2026-09-04,2026-09-04,CM,BSE,STK,524818,INE457C01010,DYNAMIND,X,,,,,DYNAMIC INDUSTRIES LTD.,113.00,123.75,112.40,122.30,122.30,111.20,,122.30,,,19033,2263724.00,277,F1,1,,,,,
2026-09-04,2026-09-04,CM,BSE,STK,524820,INE305C01029,PANAMAPET,B,,,,,PANAMA PETROCHEM LTD.,486.65,497.55,478.85,495.40,496.45,484.65,,495.45,,,17940,8792864.00,501,F1,1,,,,,
2026-09-04,2026-09-04,CM,BSE,STK,524824,INE083D01012,BALPHARMA,B,,,,,BAL PHARMA LTD.,89.00,89.21,88.00,88.55,88.55,88.23,,87.73,,,558,49525.00,100,F1,1,,,,,
2026-09-04,2026-09-04,CM,BSE,STK,524828,INE278D01018,BDH,X,,,,,BDH INDUSTRIES LTD.,511.10,523.90,510.00,517.10,510.00,511.50,,517.10,,,111,57167.00,23,F1,1,,,,,
2026-09-04,2026-09-04,CM,BSE,STK,526001,INE593O01017,JAUSPOL,X,,,,,JAUSS POLYMERS LTD.,21.61,23.77,21.01,21.91,21.01,21.61,,21.91,,,829,19622.00,18,F1,1,,,,,
2026-09-04,2026-09-04,CM,BSE,STK,526025,INE064L01015,GLOBUSCON,X,,,,,GLOBUS CONSTRUCTORS & DEVELOPE,12.40,12.59,12.35,12.35,12.35,12.35,,12.35,,,6408,79223.00,25,F1,1,,,,,
2026-09-04,2026-09-04,CM,BSE,STK,526027,INE144D01012,CUBEXTUB,B,,,,,CUBEX TUBINGS LTD.,77.20,78.99,76.10,77.34,77.74,76.52,,76.84,,,6320,488746.00,355,F1,1,,,,,
2026-09-04,2026-09-04,CM,BSE,STK,526043,INE809B01014,POLYCHMP,X,,,,,POLYMECHPLAST MACHINES LTD.,47.80,47.80,47.80,47.80,47.80,46.17,,47.80,,,164,7839.00,6,F1,1,,,,,
2026-09-04,2026-09-04,CM,BSE,STK,526071,INE395F01023,STELLANT,XT,,,,,STELLANT SECURITIES (INDIA) LT,1040.00,1070.00,1002.00,1035.85,1030.00,1040.00,,1035.85,,,3520,3644079.00,225,F1,1,,,,,
2026-09-04,2026-09-04,CM,BSE,STK,526073,INE020S01012,GALXBRG,XT,,,,,GALAXY BEARINGS LTD.,870.00,870.00,830.05,853.45,853.40,870.00,,853.45,,,801,682652.00,46,F1,1,,,,,
2026-09-04,2026-09-04,CM,BSE,STK,526075,INE092O01028,VINRKLB,XT,,,,,REKVINA LABORATORIES LTD.,53.83,53.83,53.83,53.83,53.83,52.78,,53.83,,,24320,1309145.00,94,F1,1,,,,,
2026-09-04,2026-09-04,CM,BSE,STK,526081,INE895E01017,SCAGRO,XT,,,,,SC Agrotech Limited,26.85,26.85,26.32,26.32,26.32,26.85,,26.32,,,855,22548.00,8,F1,1,,,,,
2026-09-04,2026-09-04,CM,BSE,STK,526095,INE427E01027,RALEGRA,XT,,,,,RAVILEELA GRANITES LTD.,54.06,54.06,54.06,54.06,54.06,53.80,,54.06,,,205,11082.00,7,F1,1,,,,,
2026-09-04,2026-09-04,CM,BSE,STK,526113,INE602H01010,UNRYLMA,XT,,,,,UNIROYAL MARINE EXPORTS LTD.,16.25,16.25,16.25,16.25,16.25,17.10,,16.25,,,2143,34823.00,12,F1,1,,,,,
2026-09-04,2026-09-04,CM,BSE,STK,526115,INE327D01013,KARANWO,X,,,,,KARAN WOO-SIN LTD.,8.76,8.76,8.76,8.76,8.76,8.74,,8.76,,,760,6657.00,2,F1,1,,,,,
2026-09-04,2026-09-04,CM,BSE,STK,526117,INE011D01013,SHERVANI,B,,,,,SHERVANI INDUSTRIAL SYNDICATE,302.20,302.20,302.20,302.20,302.20,320.00,,315.10,,,1,302.00,1,F1,1,,,,,
2026-09-04,2026-09-04,CM,BSE,STK,526125,INE00HZ01011,BNAGROCHEM,B,,,,,BN AGROCHEM LIMITED,216.20,216.20,210.40,216.05,210.40,221.10,,216.16,,,801,173070.00,5,F1,1,,,,,
2026-09-04,2026-09-04,CM,BSE,STK,526133,INE881B01054,SUPERTEX,X,,,,,SUPERTEX INDUSTRIES LTD.,6.00,6.00,5.89,5.90,5.90,5.36,,5.90,,,2398,14251.00,10,F1,1,,,,,
2026-09-04,2026-09-04,CM,BSE,STK,526137,INE278C01010,SHETR,X,,,,,SHETRON LTD.,107.40,107.40,104.05,104.70,104.65,105.40,,104.70,,,1358,142079.00,37,F1,1,,,,,
2026-09-04,2026-09-04,CM,BSE,STK,526139,INE773D01018,TRABI,X,,,,,TRANSGENE BIOTEK LTD.,2.82,2.82,2.65,2.72,2.75,2.77,,2.72,,,45957,124330.00,65,F1,1,,,,,
2026-09-04,2026-09-04,CM,BSE,STK,526143,INE343A01016,MPL,X,,,,,MPL PLASTICS LTD.,7.10,7.85,7.10,7.49,7.49,7.10,,7.49,,,752,5499.00,16,F1,1,,,,,
2026-09-04,2026-09-04,CM,BSE,STK,526159,INE926C01022,NIKHILAD,X,,,,,NIKHIL ADHESIVES LTD.,81.89,83.49,79.22,81.72,80.55,80.17,,81.72,,,18494,1504478.00,202,F1,1,,,,,
2026-09-04,2026-09-04,CM,BSE,STK,526161,INE175C01018,SPENTA,XT,,,,,SPENTA INTERNATIONAL LTD.,137.70,137.70,137.70,137.70,137.70,131.15,,137.70,,,719,99006.00,6,F1,1,,,,,
2026-09-04,2026-09-04,CM,BSE,STK,526169,INE678F01014,MULTIBASE,X,,,,,MULTIBASE INDIA LTD.,178.50,181.15,178.00,180.00,180.00,178.30,,180.00,,,4082,736736.00,91,F1,1,,,,,
2026-09-04,2026-09-04,CM,BSE,STK,526173,INE449C01025,ANDREWYU,B,,,,,ANDREW YULE & COMPANY LTD.,28.16,28.55,27.75,27.99,28.00,28.01,,27.95,,,26186,742191.00,119,F1,1,,,,,
2026-09-04,2026-09-04,CM,BSE,STK,526179,INE983C01015,LUDLOWJUT,X,,,,,LUDLOW JUTE & SPECIALITIES LTD,323.40,339.50,323.40,339.50,339.50,323.35,,339.50,,,56956,19323272.00,94,F1,1,,,,,
2026-09-04,2026-09-04,CM,BSE,STK,526187,INE293C01019,ASHRAM,X,,,,,ASHRAM ONLINE.COM LTD.,5.90,5.90,5.90,5.90,5.90,6.15,,5.90,,,100,590.00,1,F1,1,,,,,
2026-09-04,2026-09-04,CM,BSE,STK,526193,INE618A01011,ROYALCU,X,,,,,ROYAL CUSHION VINYL PRODUCTS L,11.86,11.86,10.66,11.78,11.78,11.75,,11.78,,,4298,47522.00,18,F1,1,,,,,
2026-09-04,2026-09-04,CM,BSE,STK,526211,INE170U01011,SURJIND,X,,,,,SURAJ INDUSTRIES LTD.,61.00,63.69,60.10,61.02,61.00,61.80,,61.02,,,7913,495983.00,46,F1,1,,,,,
2026-09-04,2026-09-04,CM,BSE,STK,526217,INE120D01012,HITECHCORP,T,,,,,Hitech Corporation Limited,339.95,339.95,339.50,339.50,339.50,338.00,,337.00,,,36,12236.00,4,F1,1,,,,,
2026-09-04,2026-09-04,CM,BSE,STK,526227,INE816B01035,FILATEX,B,,,,,FILATEX INDIA LTD.,76.85,78.46,75.53,77.61,77.99,76.74,,77.72,,,77959,5988905.00,834,F1,1,,,,,
2026-09-04,2026-09-04,CM,BSE,STK,526231,INE307D01015,STDSFAC,XT,,,,,STANDARD SURFACTANTS LTD.,102.11,102.11,102.11,102.11,102.11,97.25,,102.11,,,12214,1247171.00,47,F1,1,,,,,
2026-09-04,2026-09-04,CM,BSE,STK,526237,INE902C01015,MORGAN,X,,,,,MORGAN VENTURES LTD.,45.80,48.80,45.50,47.25,47.25,45.80,,47.25,,,213,9927.00,8,F1,1,,,,,
2026-09-04,2026-09-04,CM,BSE,STK,526241,INE762C01021,AMRAPLIN,XT,,,,,AMRAPALI INDUSTRIES LTD.,33.17,34.14,31.50,34.14,34.14,32.52,,34.14,,,11037,371082.00,48,F1,1,,,,,
2026-09-04,2026-09-04,CM,BSE,STK,526247,INE863B01029,PREMEXPLN,A,,,,,PREMIER EXPLOSIVES LTD.,663.65,672.00,662.05,663.60,663.00,666.50,,663.99,,,8320,5543161.00,247,F1,1,,,,,
2026-09-04,2026-09-04,CM,BSE,STK,526251,INE033E01015,MIDEASTP,XT,,,,,MID EAST PORTFOLIO MANAGEMENT,36.00,36.00,36.00,36.00,36.00,35.50,,36.00,,,10242,368712.00,7,F1,1,,,,,
2026-09-04,2026-09-04,CM,BSE,STK,526263,INE835B01035,MOLDTECH,T,,,,,MOLD-TEK TECHNOLOGIES LTD.,210.00,212.35,205.00,208.45,210.00,210.35,,208.71,,,7152,1489552.00,173,F1,1,,,,,
2026-09-04,2026-09-04,CM,BSE,STK,526269,INE293N01016,CRSTCHM,XT,,,,,CRESTCHEM LTD.,135.50,136.00,128.00,131.75,134.00,130.00,,131.75,,,1837,244891.00,34,F1,1,,,,,
2026-09-04,2026-09-04,CM,BSE,STK,526299,INE356A01018,MPHASIS,A,,,,,MPHASIS LTD.,2468.95,2503.00,2423.05,2425.35,2425.35,2457.05,,2422.00,,,4438,10943542.00,542,F1,1,,,,,
2026-09-04,2026-09-04,CM,BSE,STK,526315,INE410G01010,DIVSHKT,X,,,,,DIVYASHAKTI LIMITED,69.99,71.71,64.05,71.71,71.71,59.76,,71.71,,,102646,7265957.00,407,F1,1,,,,,
2026-09-04,2026-09-04,CM,BSE,STK,526325,INE609C01024,ORIENTLTD,T,,,,,ORIENT PRESS LTD.,82.07,82.07,82.07,82.07,82.07,86.38,,80.70,,,26,2133.00,6,F1,1,,,,,
2026-09-04,2026-09-04,CM,BSE,STK,526335,INE115F01017,SHREYASI,X,,,,,SHREYAS INTERMEDIATES LTD.,6.38,6.75,6.27,6.31,6.30,6.79,,6.31,,,4025,25393.00,20,F1,1,,,,,
2026-09-04,2026-09-04,CM,BSE,STK,526345,INE744D01019,PANJON,X,,,,,PANJON LTD.,21.50,22.84,21.10,22.40,22.40,22.84,,22.40,,,765,17008.00,20,F1,1,,,,,
2026-09-04,2026-09-04,CM,BSE,STK,526355,INE138B01018,DUROPACK,X,,,,,DUROPACK LTD.,70.10,73.78,66.09,72.01,71.99,70.01,,72.01,,,784,55112.00,25,F1,1,,,,,
2026-09-04,2026-09-04,CM,BSE,STK,526365,INE967A01012,SWARNSAR,B,,,,,SWARNSARITA JEWELS INDIA LIMIT,32.20,35.85,32.20,35.85,35.85,34.11,,35.25,,,186,6233.00,3,F1,1,,,,,
2026-09-04,2026-09-04,CM,BSE,STK,526367,INE460C01014,GANESHHOU,B,,,,,GANESH HOUSING LIMITED,765.20,768.75,753.55,757.15,756.00,760.95,,758.84,,,988,749915.00,76,F1,1,,,,,
2026-09-04,2026-09-04,CM,BSE,STK,526371,INE584A01023,NMDC,A,,,,,NMDC LTD.,84.51,85.14,84.26,84.65,84.65,84.40,,84.70,,,506254,42897123.00,3860,F1,1,,,,,
2026-09-04,2026-09-04,CM,BSE,STK,526373,INE908C01012,CINDHO,X,,,,,CINDRELLA HOTELS LTD.,51.80,51.80,51.80,51.80,51.80,51.80,,51.80,,,1,51.00,1,F1,1,,,,,
2026-09-04,2026-09-04,CM,BSE,STK,526381,INE529D01014,PATINTLOG,T,,,,,PATEL INTEGRATED LOGISTICS LTD,13.11,13.69,13.11,13.37,13.43,13.70,,13.32,,,1490,19652.00,25,F1,1,,,,,
2026-09-04,2026-09-04,CM,BSE,STK,526397,INE137C01018,ALPHAGEO,T,,,,,ALPHAGEO (INDIA) LTD.,321.25,328.50,320.50,320.70,326.80,315.35,,322.82,,,2400,775201.00,69,F1,1,,,,,
2026-09-04,2026-09-04,CM,BSE,STK,526407,INE299D01022,HAMPTON,B,,,,,HAMPTON SKY REALTY LIMITED,8.28,8.29,8.01,8.15,8.15,8.02,,7.87,,,655,5375.00,28,F1,1,,,,,
2026-09-04,2026-09-04,CM,BSE,STK,526409,INE301C01028,KKALPANAIND,X,,,,,KKALPANA INDUSTRIES (INDIA) LT,6.77,7.00,6.60,6.73,6.62,6.88,,6.73,,,56841,387574.00,138,F1,1,,,,,
2026-09-04,2026-09-04,CM,BSE,STK,526415,INE870B01024,OKPLA,XT,,,,,OK PLAY INDIA LTD.,3.05,3.18,2.99,3.16,3.16,3.03,,3.16,,,205222,644588.00,304,F1,1,,,,,
2026-09-04,2026-09-04,CM,BSE,STK,526423,INE479D01038,KRITI,B,,,,,KRITI INDUSTRIES (INDIA) LTD.,59.79,61.94,58.51,61.94,61.94,60.09,,61.60,,,2134,126813.00,63,F1,1,,,,,
2026-09-04,2026-09-04,CM,BSE,STK,526433,INE867C01010,ASMTEC,B,,,,,ASM TECHNOLOGIES LTD.,5040.00,5440.00,5005.30,5370.45,5370.45,4991.20,,5370.45,,,59175,313674649.00,5467,F1,1,,,,,
2026-09-04,2026-09-04,CM,BSE,STK,526435,INE759I01024,PERFEPA,X,,,,,PERFECTPAC LTD.,78.00,81.85,78.00,78.05,78.00,77.40,,78.05,,,318,24810.00,10,F1,1,,,,,
2026-09-04,2026-09-04,CM,BSE,STK,526439,INE267C01013,AMBIT,X,,,,,AMBITIOUS PLASTOMAC COMPANY LT,8.68,8.68,8.27,8.68,8.68,8.68,,8.68,,,992,8241.00,6,F1,1,,,,,
2026-09-04,2026-09-04,CM,BSE,STK,526441,INE515B01025,VISIONCINE,X,,,,,VISION CINEMAS LTD.,1.20,1.25,1.17,1.20,1.20,1.20,,1.20,,,20766,24717.00,26,F1,1,,,,,
2026-09-04,2026-09-04,CM,BSE,STK,526443,INE072B01027,AEIM,X,,,,,Artificial Electronics Intelli,85.00,85.00,83.11,84.26,84.75,83.84,,84.26,,,17607,1484364.00,232,F1,1,,,,,
2026-09-04,2026-09-04,CM,BSE,STK,526445,INE007C01021,INDRANIB,X,,,,,INDRAYANI BIOTECH LTD.,8.98,8.98,8.02,8.30,8.68,8.78,,8.30,,,21905,184694.00,87,F1,1,,,,,
2026-09-04,2026-09-04,CM,BSE,STK,526468,INE940E01011,EUROLED,XT,,,,,EURO LEDER FASHION LTD.,20.95,20.95,20.50,20.95,20.95,21.00,,20.95,,,106,2220.00,4,F1,1,,,,,
2026-09-04,2026-09-04,CM,BSE,STK,526471,INE391C01011,WINSOMBR,X,,,,,WINSOME BREWERIES LTD.,19.92,20.18,19.00,19.61,19.77,19.97,,19.61,,,4597,89385.00,84,F1,1,,,,,
2026-09-04,2026-09-04,CM,BSE,STK,526473,INE152E01013,ELEFLOR,X,,,,,ELEGANT FLORICULTURE & AGROTEC,4.90,4.90,4.40,4.84,4.84,4.88,,4.84,,,41584,194424.00,80,F1,1,,,,,
2026-09-04,2026-09-04,CM,BSE,STK,526479,INE765B01018,SKYIND,X,,,,,SKY INDUSTRIES LTD.,92.78,93.00,91.31,91.81,91.51,92.30,,91.81,,,2495,228791.00,33,F1,1,,,,,
2026-09-04,2026-09-04,CM,BSE,STK,526481,INE245B01011,PHOENXINTL,B,,,,,PHOENIX INTERNATIONAL LTD.,31.50,31.50,28.50,29.05,29.00,29.28,,29.01,,,3031,88934.00,36,F1,1,,,,,
2026-09-04,2026-09-04,CM,BSE,STK,526488,INE432N01010,BHUDEVI,X,,,,,BHUDEVI INFRA PROJECTS LIMITED,94.15,94.15,94.15,94.15,94.15,99.10,,94.15,,,547,51500.00,32,F1,1,,,,,
2026-09-04,2026-09-04,CM,BSE,STK,526490,INE206C01029,PRATIK,X,,,,,PRATIK PANELS LTD.,4.67,5.28,4.37,4.54,4.54,4.53,,4.54,,,62341,281111.00,115,F1,1,,,,,
2026-09-04,2026-09-04,CM,BSE,STK,526492,INE582D01013,RISHIROOP,X,,,,,Rishiroop Limited,107.00,109.00,107.00,108.50,108.50,107.90,,108.50,,,492,53151.00,10,F1,1,,,,,
2026-09-04,2026-09-04,CM,BSE,STK,526494,INE818D01011,PROMACT,X,,,,,Promact Plastics Limited,10.70,10.81,10.70,10.75,10.75,10.30,,10.75,,,10216,110389.00,15,F1,1,,,,,
2026-09-04,2026-09-04,CM,BSE,STK,526500,INE398F01019,STRGRENWO,X,,,,,STERLING GREEN WOODS LTD.,22.00,22.00,21.50,21.50,21.50,21.80,,21.50,,,171,3677.00,2,F1,1,,,,,
2026-09-04,2026-09-04,CM,BSE,STK,526506,INE356B01024,SYSTMTXC,T,,,,,SYSTEMATIX CORPORATE SERVICES,59.00,61.95,58.75,61.95,61.95,59.00,,61.95,,,13242,814398.00,56,F1,1,,,,,
2026-09-04,2026-09-04,CM,BSE,STK,526508,INE825D01016,SHAHISHIP,X,,,,,Shahi Shipping Limited,11.75,12.45,11.75,12.37,12.37,12.06,,12.37,,,9076,111205.00,44,F1,1,,,,,
2026-09-04,2026-09-04,CM,BSE,STK,526519,INE840D01015,ALPINEHOU,XT,,,,,ALPINE HOUSING DEVELOPMENT COR,118.90,118.90,113.60,118.90,118.90,118.90,,118.90,,,60,6876.00,4,F1,1,,,,,
2026-09-04,2026-09-04,CM,BSE,STK,526530,INE670C01026,IIRM,XT,,,,,IIRM HOLDINGS INDIA LIMITED,138.50,138.85,130.80,138.50,138.50,132.25,,138.50,,,97916,13499960.00,158,F1,1,,,,,
2026-09-04,2026-09-04,CM,BSE,STK,526532,INE716K01020,SFPIL,X,,,,,SQUARE FOUR PROJECTS INDIA LIM,8.91,8.91,7.77,8.28,8.74,8.74,,8.28,,,3679,31512.00,32,F1,1,,,,,
2026-09-04,2026-09-04,CM,BSE,STK,526544,INE967B01028,SGLRES,B,,,,,SGL RESOURCES LIMITED,2.50,2.53,2.33,2.51,2.51,2.45,,2.41,,,29316,71590.00,52,F1,1,,,,,
2026-09-04,2026-09-04,CM,BSE,STK,526546,INE493D01013,CHOKSILA,X,,,,,CHOKSI LABORATORIES LTD.,173.80,173.80,163.00,165.25,165.25,166.40,,165.25,,,4935,835281.00,94,F1,1,,,,,
2026-09-04,2026-09-04,CM,BSE,STK,526550,INE652F01027,CCHHL,B,,,,,COUNTRY CLUB HOSPITALITY AND H,14.99,14.99,12.45,12.62,12.62,12.50,,12.61,,,8390,107227.00,44,F1,1,,,,,
2026-09-04,2026-09-04,CM,BSE,STK,526554,INE159C01012,SALGUTI,X,,,,,SALGUTI INDUSTRIES LTD.,29.29,29.29,27.90,27.90,27.90,27.90,,27.90,,,89,2508.00,4,F1,1,,,,,
2026-09-04,2026-09-04,CM,BSE,STK,526570,INE519N01014,REMAGNET,B,,,,,MIDWEST ENERGY LIMITED,3711.45,3877.00,3711.45,3793.20,3788.00,3857.50,,3793.20,,,2075,7882569.00,269,F1,1,,,,,
2026-09-04,2026-09-04,CM,BSE,STK,526574,INE439G01019,ENTRINT,X,,,,,ENTERPRISE INTERNATIONAL LTD.,21.73,22.36,21.73,21.87,22.36,21.30,,21.87,,,10,218.00,3,F1,1,,,,,
2026-09-04,2026-09-04,CM,BSE,STK,526582,INE413G01022,TPLPLASTEH,B,,,,,TPL PLASTECH LTD.,72.84,72.98,71.04,71.81,72.61,72.38,,71.74,,,2417,174063.00,57,F1,1,,,,,
2026-09-04,2026-09-04,CM,BSE,STK,526588,INE813B01016,PHOTOQUP,X,,,,,PHOTOQUIP INDIA LTD.,13.29,13.31,13.29,13.31,13.31,13.30,,13.31,,,100627,1338739.00,8,F1,1,,,,,
2026-09-04,2026-09-04,CM,BSE,STK,526596,INE557B01019,LIBERTSHOE,B,,,,,LIBERTY SHOES LTD.,234.00,238.10,233.05,234.10,234.95,234.40,,233.29,,,1330,313719.00,132,F1,1,,,,,
2026-09-04,2026-09-04,CM,BSE,STK,526604,INE845B01018,LIPPISYS,XT,,,,,LIPPI SYSTEMS LTD.,200.20,210.20,198.95,210.20,210.20,200.20,,210.20,,,6509,1363924.00,29,F1,1,,,,,
2026-09-04,2026-09-04,CM,BSE,STK,526608,INE822G01016,ELECTHERM,B,,,,,ELECTROTHERM (INDIA) LTD.,992.85,992.85,980.90,984.20,982.00,986.25,,980.94,,,175,172362.00,35,F1,1,,,,,
2026-09-04,2026-09-04,CM,BSE,STK,526612,INE233B01017,BLUEDART,A,,,,,BLUE DART EXPRESS LTD.,5004.10,5040.00,4970.00,4977.40,4970.70,5028.75,,4991.54,,,209,1044546.00,69,F1,1,,,,,
2026-09-04,2026-09-04,CM,BSE,STK,526614,INE561D01025,EXPOEAPL,XT,,,,,EXPO ENGINEERING AND PROJECTS,95.99,95.99,91.00,91.03,94.00,93.50,,91.03,,,19136,1809894.00,47,F1,1,,,,,
2026-09-04,2026-09-04,CM,BSE,STK,526616,INE233D01013,NATPLAS,X,,,,,NATIONAL PLASTIC INDUSTRIES LT,40.01,41.29,40.01,40.02,40.01,40.00,,40.02,,,2415,96955.00,31,F1,1,,,,,
2026-09-04,2026-09-04,CM,BSE,STK,526622,INE244C01020,MFLINDIA,X,,,,,MFL INDIA LTD.,0.38,0.38,0.37,0.37,0.37,0.38,,0.37,,,612639,229854.00,259,F1,1,,,,,
2026-09-04,2026-09-04,CM,BSE,STK,526638,INE594V01028,TEXELIN,X,,,,,TEXEL INDUSTRIES LTD.,60.50,64.94,60.50,60.93,61.49,61.76,,60.93,,,14654,907588.00,134,F1,1,,,,,
2026-09-04,2026-09-04,CM,BSE,STK,526640,INE008C01011,RAYALEMA,X,,,,,ROYALE MANOR HOTELS & INDUSTRI,28.69,29.70,27.60,29.59,29.50,28.55,,29.59,,,2542,74537.00,37,F1,1,,,,,
2026-09-04,2026-09-04,CM,BSE,STK,526642,INE771A01026,MIRZAINT,B,,,,,MIRZA INTERNATIONAL LTD.,31.32,31.35,30.75,30.96,30.95,30.98,,30.96,,,3308,102268.00,49,F1,1,,,,,
2026-09-04,2026-09-04,CM,BSE,STK,526650,INE305A01023,TFCILTD,A,,,,,TOURISM FINANCE CORPORATION OF,147.50,148.00,142.50,143.15,143.00,146.60,,143.26,,,345865,50302544.00,954,F1,1,,,,,
2026-09-04,2026-09-04,CM,BSE,STK,526654,INE403F01017,THAKDEV,B,,,,,THAKKERS DEVELOPERS LTD.,151.90,151.90,151.90,151.90,151.90,140.00,,147.95,,,2,303.00,1,F1,1,,,,,
2026-09-04,2026-09-04,CM,BSE,STK,526666,INE828A01016,BIL,B,,,,,BHARTIYA INTERNATIONAL LTD.,921.75,921.75,901.55,908.50,901.55,918.05,,907.93,,,411,374433.00,33,F1,1,,,,,
2026-09-04,2026-09-04,CM,BSE,STK,526668,INE967C01018,KAMATHOTEL,B,,,,,KAMAT HOTELS (INDIA) LTD.,217.85,228.00,217.30,226.75,224.00,217.95,,225.66,,,6392,1434813.00,212,F1,1,,,,,
2026-09-04,2026-09-04,CM,BSE,STK,526675,INE008N01018,TIRTPLS,X,,,,,TIRTH PLASTIC LTD.,25.85,26.90,24.50,26.00,26.00,25.70,,26.00,,,1172,30215.00,38,F1,1,,,,,
2026-09-04,2026-09-04,CM,BSE,STK,526677,INE055C01020,KEEPLEARN,B,,,,,DSJ KEEP LEARNING LIMITED,1.92,2.06,1.84,1.99,1.99,1.92,,1.87,,,5077,9857.00,32,F1,1,,,,,
2026-09-04,2026-09-04,CM,BSE,STK,526703,INE423D01010,ECOPLAST,X,,,,,ECOPLAST LTD.,435.00,446.90,429.00,441.00,443.60,421.20,,441.00,,,135,58745.00,31,F1,1,,,,,
2026-09-04,2026-09-04,CM,BSE,STK,526705,INE095B01010,ELEMARB,X,,,,,ELEGANT MARBLES & GRANI INDUST,185.30,196.35,181.40,191.00,191.00,185.10,,191.00,,,48,9078.00,11,F1,1,,,,,
2026-09-04,2026-09-04,CM,BSE,STK,526709,INE839A01021,BITS,X,,,,,BITS LTD.,7.11,7.19,6.98,7.02,7.02,7.04,,7.02,,,49997,354399.00,241,F1,1,,,,,
2026-09-04,2026-09-04,CM,BSE,STK,526711,INE627D01016,ADARSHPL,X,,,,,ADARSH PLANT PROTECT LTD.,27.40,27.40,25.90,27.37,27.37,26.58,,27.37,,,317,8678.00,11,F1,1,,,,,
2026-09-04,2026-09-04,CM,BSE,STK,526717,INE136C01044,HPBL,X,,,,,HCP PLASTENE BULKPACK LIMITED,320.45,320.45,307.05,320.45,320.45,305.20,,320.45,,,10960,3507594.00,159,F1,1,,,,,
2026-09-04,2026-09-04,CM,BSE,STK,526721,INE653C01022,NICCOPAR,B,,,,,NICCO PARKS & RESORTS LTD.,84.90,85.00,77.55,80.00,80.00,77.99,,80.00,,,819,65803.00,72,F1,1,,,,,
2026-09-04,2026-09-04,CM,BSE,STK,526723,INE920C01017,NTCIND,B,,,,,NTC INDUSTRIES LTD.,130.35,137.50,130.35,135.00,135.00,134.60,,134.92,,,9570,1293397.00,163,F1,1,,,,,
2026-09-04,2026-09-04,CM,BSE,STK,526725,INE583B01015,SANDESH,B,,,,,SANDESH LTD.,1069.00,1069.00,1025.00,1049.00,1049.00,1050.00,,1050.32,,,294,304864.00,35,F1,1,,,,,
2026-09-04,2026-09-04,CM,BSE,STK,526727,INE797D01017,GARNET,X,,,,,GARNET CONSTRUCTION LTD.,55.03,57.85,55.03,56.03,56.00,54.76,,56.03,,,3458,194408.00,40,F1,1,,,,,
2026-09-04,2026-09-04,CM,BSE,STK,526729,INE025B01025,GOLDIAM,A,,,,,GOLDIAM INTERNATIONAL LTD.,342.00,349.90,341.05,345.15,345.15,340.20,,345.29,,,13850,4782635.00,318,F1,1,,,,,
2026-09-04,2026-09-04,CM,BSE,STK,526731,INE630D01010,BRIGHTBR,B,,,,,BRIGHT BROTHERS LTD.,255.50,262.55,253.00,253.00,253.00,251.05,,254.49,,,5192,1346630.00,75,F1,1,,,,,
2026-09-04,2026-09-04,CM,BSE,STK,526739,INE869A01010,SHAWGELTIN,X,,,,,NARMADA GELATINES LTD.,455.30,463.95,455.30,462.40,462.40,457.50,,462.40,,,1179,544616.00,71,F1,1,,,,,
2026-09-04,2026-09-04,CM,BSE,STK,526747,INE078D01012,PGFOILQ,X,,,,,PG FOILS LTD.,221.00,226.70,211.50,222.10,220.00,223.15,,222.10,,,11621,2585795.00,138,F1,1,,,,,
2026-09-04,2026-09-04,CM,BSE,STK,526755,INE548D01014,VELHO,XT,,,,,VELAN HOTELS LTD.,6.15,6.19,5.61,5.61,5.61,5.90,,5.61,,,1352,7874.00,6,F1,1,,,,,
2026-09-04,2026-09-04,CM,BSE,STK,526761,INE931B01016,HOWARHO,X,,,,,HOWARD HOTELS LTD.,19.50,20.40,19.00,20.40,20.40,19.50,,20.40,,,254,5145.00,5,F1,1,,,,,
2026-09-04,2026-09-04,CM,BSE,STK,526775,INE760B01019,VALIANT,X,,,,,VALIANT COMMUNICATIONS LTD.,1241.00,1290.00,1240.80,1246.20,1240.85,1253.20,,1246.20,,,8208,10362464.00,442,F1,1,,,,,
2026-09-04,2026-09-04,CM,BSE,STK,526783,INE934C01018,DRAGARWQ,B,,,,,DR.AGARWALS EYE HOSPITAL LTD.,5475.00,5475.00,5299.70,5392.40,5419.00,5336.55,,5421.76,,,97,521539.00,52,F1,1,,,,,
2026-09-04,2026-09-04,CM,BSE,STK,526795,INE007G01014,MHSGRMS,ZP,,,,,MAHASAGAR TRAVELS LTD.,6.29,6.29,6.29,6.29,6.29,6.29,,6.29,,,100,629.00,1,F1,100,,,,,
2026-09-04,2026-09-04,CM,BSE,STK,526797,INE461C01038,GREENPLY,B,,,,,GREENPLY INDUSTRIES LTD.,299.55,307.20,293.95,305.25,305.25,293.65,,304.72,,,21283,6427247.00,501,F1,1,,,,,
2026-09-04,2026-09-04,CM,BSE,STK,526807,INE497B01018,SEAMECLTD,B,,,,,SEAMEC LTD.,1786.15,1805.00,1770.00,1792.45,1792.45,1786.15,,1793.56,,,7249,12964723.00,694,F1,1,,,,,
2026-09-04,2026-09-04,CM,BSE,STK,526813,INE753B01014,RAGHUNAT,X,,,,,RAGHUNATH INTERNATIONAL LTD.,10.35,10.35,9.91,9.91,9.91,9.89,,9.91,,,1080,11047.00,12,F1,1,,,,,
2026-09-04,2026-09-04,CM,BSE,STK,526817,INE974B01016,CHEVIOT,B,,,,,CHEVIOT CO.LTD.,1155.00,1159.90,1143.00,1159.00,1159.00,1138.20,,1159.39,,,100,115468.00,19,F1,1,,,,,
2026-09-04,2026-09-04,CM,BSE,STK,526821,INE928C01010,DAICHI,B,,,,,DAI-ICHI KARKARIA LTD.,370.05,370.05,362.20,362.20,362.20,365.90,,364.80,,,293,108079.00,20,F1,1,,,,,
2026-09-04,2026-09-04,CM,BSE,STK,526823,INE016C01014,RAJINFRA,Z,,,,,RAJESWARI INFRASTRUCTURE LIMIT,4.30,4.56,4.14,4.35,4.55,4.35,,4.35,,,93,391.00,6,F1,1,,,,,
2026-09-04,2026-09-04,CM,BSE,STK,526827,INE882D01025,SPICEISLIN,XT,,,,,SPICE ISLANDS INDUSTRIES LIMIT,103.00,103.00,94.20,96.60,101.00,99.15,,96.60,,,63253,6200321.00,785,F1,1,,,,,
2026-09-04,2026-09-04,CM,BSE,STK,526829,INE552D01024,CONFIPET,B,,,,,CONFIDENCE PETROLEUM INDIA LTD,83.81,85.19,82.00,82.43,82.43,84.31,,82.48,,,187132,15604037.00,1943,F1,1,,,,,
2026-09-04,2026-09-04,CM,BSE,STK,526839,INE413C01013,SIPL,X,,,,,SHELTER INFRA PROJECTS LTD.,13.00,13.00,11.80,12.50,12.50,13.00,,12.50,,,1515,18303.00,20,F1,1,,,,,
2026-09-04,2026-09-04,CM,BSE,STK,526841,INE794C01016,SHAKTIPR,X,,,,,SHAKTI PRESS LTD.,11.74,11.75,11.17,11.58,11.60,11.37,,11.58,,,130700,1509175.00,542,F1,1,,,,,
2026-09-04,2026-09-04,CM,BSE,STK,526847,INE338C01012,ASHSI,X,,,,,ASHIRWAD STEELS & INDUSTRIES L,20.40,24.20,20.40,23.94,24.20,23.59,,23.94,,,2949,69512.00,59,F1,1,,,,,
2026-09-04,2026-09-04,CM,BSE,STK,526849,INE655B01011,BANARBEADS,B,,,,,BANARAS BEADS LTD.,114.00,114.00,113.80,114.00,114.00,114.00,,113.98,,,302,34427.00,5,F1,1,,,,,
2026-09-04,2026-09-04,CM,BSE,STK,526851,INE480H01011,AREXMIS,X,,,,,AREX INDUSTRIES LTD.,125.70,125.70,125.70,125.70,125.70,120.55,,125.70,,,61,7667.00,7,F1,1,,,,,
2026-09-04,2026-09-04,CM,BSE,STK,526853,INE986A01012,BI,T,,,,,BILCARE LTD.,94.98,95.82,94.98,95.82,95.82,91.26,,95.85,,,8542,817280.00,31,F1,1,,,,,
2026-09-04,2026-09-04,CM,BSE,STK,526859,INE973B01026,ISFL,X,,,,,ISF LIMITED,0.80,0.80,0.78,0.78,0.78,0.80,,0.78,,,19074,15004.00,25,F1,1,,,,,
2026-09-04,2026-09-04,CM,BSE,STK,526861,INE988D01012,RISHILASE,X,,,,,RISHI LASER LTD.,130.05,133.80,128.00,132.35,133.75,130.90,,132.35,,,2746,361805.00,38,F1,1,,,,,
2026-09-04,2026-09-04,CM,BSE,STK,526865,INE966C01010,JAINCO,X,,,,,JAINCO PROJECTS (INDIA) LTD.,4.50,4.50,4.50,4.50,4.50,4.50,,4.50,,,85,382.00,2,F1,1,,,,,
2026-09-04,2026-09-04,CM,BSE,STK,526869,INE795E01019,KUMPFIN,X,,,,,KUMBHAT FINANCIAL SERVICES LTD,18.86,18.86,18.86,18.86,18.86,17.97,,18.86,,,294,5544.00,5,F1,1,,,,,
2026-09-04,2026-09-04,CM,BSE,STK,526871,INE017E01018,INTECCAP,XT,,,,,INTEC CAPITAL LTD.,15.50,15.50,14.20,14.21,14.94,14.94,,14.21,,,4306,61317.00,16,F1,1,,,,,
2026-09-04,2026-09-04,CM,BSE,STK,526873,INE184D01026,RAJSEC,X,,,,,RAJASTHAN SECURITIES LIMITED,57.40,57.40,57.20,57.20,57.20,56.99,,57.20,,,3992,228456.00,38,F1,1,,,,,
2026-09-04,2026-09-04,CM,BSE,STK,526877,INE797C01019,SIDDHEGA,XT,,,,,SIDDHESWARI GARMENTS LTD.,18.65,18.65,18.65,18.65,18.65,18.65,,18.65,,,6,111.00,3,F1,1,,,,,
2026-09-04,2026-09-04,CM,BSE,STK,526881,INE111B01023,63MOONS,A,,,,,63 Moons Technologies Limited,878.85,903.00,852.80,875.20,875.20,850.85,,876.47,,,58137,51282063.00,2596,F1,1,,,,,
2026-09-04,2026-09-04,CM,BSE,STK,526885,INE453D01025,SARLAPOLY,B,,,,,SARLA PERFORMANCE FIBERS LTD.,102.60,102.60,99.00,100.50,100.80,102.80,,100.21,,,3467,350940.00,81,F1,1,,,,,
2026-09-04,2026-09-04,CM,BSE,STK,526887,INE147D01015,INDOCRED,XT,,,,,INDO CREDIT CAPITAL LTD.,8.65,8.65,8.03,8.03,8.03,8.45,,8.03,,,812,6523.00,9,F1,1,,,,,
2026-09-04,2026-09-04,CM,BSE,STK,526891,INE944C01017,MKTCREAT,X,,,,,MARKET CREATORS LTD.,15.22,15.22,15.22,15.22,15.22,15.22,,15.22,,,1,15.00,1,F1,1,,,,,
2026-09-04,2026-09-04,CM,BSE,STK,526899,INE552B01010,HFIL,X,,,,,HIMALAYA FOOD INTERNATIONAL LI,8.11,8.31,7.70,8.25,8.30,8.28,,8.25,,,50264,409213.00,221,F1,1,,,,,
2026-09-04,2026-09-04,CM,BSE,STK,526901,INE344I01017,SONALAD,X,,,,,SONAL ADHESIVES LTD.,40.81,44.79,40.81,44.50,44.21,40.80,,44.50,,,5,211.00,3,F1,1,,,,,
2026-09-04,2026-09-04,CM,BSE,STK,526905,INE743D01011,PADMAIND,X,,,,,Padmanabh Industries Ltd,8.54,8.54,7.77,8.34,8.34,8.17,,8.34,,,455,3692.00,7,F1,1,,,,,
2026-09-04,2026-09-04,CM,BSE,STK,526921,INE253B01015,21STCENMGM,B,,,,,TWENTYFIRST CENTURY MANAGEMENT,38.35,38.35,38.35,38.35,38.35,38.43,,38.13,,,525,20133.00,9,F1,1,,,,,
2026-09-04,2026-09-04,CM,BSE,STK,526931,INE400G01011,HRYNSHP,B,,,,,HARIYANA SHIP BREAKERS LTD.,102.70,102.70,98.15,99.10,99.10,100.25,,99.41,,,288,28686.00,26,F1,1,,,,,
2026-09-04,2026-09-04,CM,BSE,STK,526935,INE377D01026,KALIND,X,,,,,Kalind Limited,4.95,5.04,4.85,4.98,4.98,4.81,,4.98,,,18054935,89474953.00,2764,F1,1,,,,,
2026-09-04,2026-09-04,CM,BSE,STK,526945,INE945B01016,TYROON,X,,,,,TYROON TEA CO.LTD.,86.45,91.79,86.45,87.21,87.03,86.44,,87.21,,,96,8473.00,8,F1,1,,,,,
2026-09-04,2026-09-04,CM,BSE,STK,526947,INE059D01020,LAOPALA,B,,,,,LA OPALA RG LTD.,172.25,174.70,172.00,173.80,173.15,171.75,,173.90,,,2587,449273.00,117,F1,1,,,,,
2026-09-04,2026-09-04,CM,BSE,STK,526951,INE239C01020,STYLAMIND,B,,,,,STYLAM INDUSTRIES LIMITED,3250.05,3401.75,3235.00,3394.90,3401.75,3237.65,,3387.62,,,2679,8933094.00,399,F1,1,,,,,
2026-09-04,2026-09-04,CM,BSE,STK,526953,INE411B01019,VENUSREM,T,,,,,VENUS REMEDIES LTD.,1740.00,1768.80,1680.00,1689.25,1705.00,1709.90,,1694.11,,,2316,4009741.00,214,F1,1,,,,,
2026-09-04,2026-09-04,CM,BSE,STK,526961,INE404B01022,LASTMILE,X,,,,,LAST MILE ENTERPRISES LIMITED,5.17,5.17,4.91,5.01,5.01,5.07,,5.01,,,63389,320449.00,106,F1,1,,,,,
2026-09-04,2026-09-04,CM,BSE,STK,526965,INE372D01019,GUJCRAFT,X,,,,,GUJARAT CRAFT INDUSTRIES LTD.,97.00,98.95,96.00,96.00,96.00,97.40,,96.00,,,1240,122569.00,11,F1,1,,,,,
2026-09-04,2026-09-04,CM,BSE,STK,526967,INE025D01013,HEERAISP,X,,,,,HEERA ISPAT LTD.,7.03,7.03,6.99,6.99,6.99,6.70,,6.99,,,504,3523.00,3,F1,1,,,,,
2026-09-04,2026-09-04,CM,BSE,STK,526971,INE313G01016,DHOOTIN,XT,,,,,DHOOT INDUSTRIAL FINANCE LTD.,285.00,290.00,273.10,280.50,280.50,285.00,,280.50,,,3294,914061.00,89,F1,1,,,,,
2026-09-04,2026-09-04,CM,BSE,STK,526977,INE318P01016,CRIMSON,P,,,,,CRIMSON METAL ENGINEERING COMP,24.84,24.84,24.84,24.84,24.84,26.14,,24.84,,,4900,121716.00,5,F1,100,,,,,
2026-09-04,2026-09-04,CM,BSE,STK,526981,INE402H01015,SHBAJRG,B,,,,,SHRI BAJRANG ALLIANCE LIMITED,162.80,163.40,155.20,158.90,158.90,160.25,,159.80,,,1268,202204.00,24,F1,1,,,,,
2026-09-04,2026-09-04,CM,BSE,STK,526987,INE550C01020,URJA,B,,,,,URJA GLOBAL LTD.,8.80,9.45,8.80,9.19,9.19,9.15,,9.18,,,109084,1001023.00,502,F1,1,,,,,
2026-09-04,2026-09-04,CM,BSE,STK,527001,INE348A01023,ASHAPURMIN,A,,,,,ASHAPURA MINECHEM LTD.,552.50,560.00,546.05,551.70,552.00,548.40,,551.04,,,362088,200876117.00,891,F1,1,,,,,
2026-09-04,2026-09-04,CM,BSE,STK,527005,INE847D01010,SHREEPAC,X,,,,,SHREE PACETRONIX LTD.,141.00,141.00,136.00,139.00,139.00,136.00,,139.00,,,2288,312540.00,28,F1,1,,,,,
2026-09-04,2026-09-04,CM,BSE,STK,530001,INE186A01019,GUJALKALI,B,,,,,GUJARAT ALKALIES & CHEMICALS L,732.65,735.60,715.65,722.50,722.00,722.80,,721.62,,,12808,9335973.00,764,F1,1,,,,,
2026-09-04,2026-09-04,CM,BSE,STK,530005,INE383A01012,INDIACEM,A,,,,,INDIA CEMENTS LTD.,358.90,363.15,358.50,362.65,362.00,358.55,,362.51,,,3586,1294731.00,173,F1,1,,,,,
2026-09-04,2026-09-04,CM,BSE,STK,530007,INE573A01042,JKTYRE,A,,,,,JK TYRE & INDUSTRIES LTD.,368.30,372.15,366.55,367.45,368.50,369.55,,367.36,,,37108,13688682.00,1611,F1,1,,,,,
2026-09-04,2026-09-04,CM,BSE,STK,530017,INE173A01025,SIL,B,,,,,STANDARD INDUSTRIES LTD.,19.58,19.89,19.30,19.58,19.67,19.58,,19.59,,,36414,707471.00,187,F1,1,,,,,
2026-09-04,2026-09-04,CM,BSE,STK,530019,INE700A01033,JUBLPHARMA,A,,,,,JUBILANT PHARMOVA LIMITED,922.30,928.35,901.20,923.75,927.55,906.35,,924.46,,,22780,20829734.00,1600,F1,1,,,,,
2026-09-04,2026-09-04,CM,BSE,STK,530023,INE924D01017,THEINVEST,B,,,,,THE INVESTMENT TRUST OF INDIA,98.47,98.58,95.00,95.01,95.00,98.47,,95.00,,,453,43185.00,65,F1,1,,,,,
2026-09-04,2026-09-04,CM,BSE,STK,530025,INE607G01011,SAMYAKINT,X,,,,,SAMYAK INTERNATIONAL LTD.,17.57,17.99,16.81,17.98,17.98,17.57,,17.98,,,1854,33032.00,19,F1,1,,,,,
2026-09-04,2026-09-04,CM,BSE,STK,530027,INE563D01013,AADIIND,X,,,,,AADI INDUSTRIES LTD.,8.44,8.44,8.03,8.03,8.03,8.45,,8.03,,,42,342.00,9,F1,1,,,,,
2026-09-04,2026-09-04,CM,BSE,STK,530037,INE618F01010,SPARKLEGR,X,,,,,SPARKLE GOLD ROCK LIMITED,62.50,67.70,62.50,65.86,65.87,63.77,,65.86,,,2372,157422.00,21,F1,1,,,,,
2026-09-04,2026-09-04,CM,BSE,STK,530043,INE326C01017,ACKNIT,X,,,,,ACKNIT INDUSTRIES LTD.,327.15,327.15,325.55,325.55,325.55,327.15,,325.55,,,3,979.00,2,F1,1,,,,,
2026-09-04,2026-09-04,CM,BSE,STK,530045,INE090D01017,TITANSEC,X,,,,,TITAN SECURITIES LTD.,41.50,42.70,41.46,42.05,42.00,42.01,,42.05,,,30155,1271451.00,95,F1,1,,,,,
2026-09-04,2026-09-04,CM,BSE,STK,530053,INE055E01034,REALECO,X,,,,,REAL ECO-ENERGY LIMITED,4.56,4.78,4.55,4.58,4.58,4.56,,4.58,,,29132,135966.00,119,F1,1,,,,,
2026-09-04,2026-09-04,CM,BSE,STK,530057,INE984E01035,VIVANZA,X,,,,,Vivanza Biosciences Limited,1.74,1.80,1.74,1.75,1.75,1.74,,1.75,,,21653,37906.00,37,F1,1,,,,,
2026-09-04,2026-09-04,CM,BSE,STK,530063,INE095C01018,YASHRAJC,XT,,,,,YASHRAJ CONTAINEURS LTD.,4.59,4.61,4.21,4.30,4.30,4.42,,4.30,,,8010,34398.00,30,F1,1,,,,,
2026-09-04,2026-09-04,CM,BSE,STK,530065,INE689J01013,LORDSHOTL,X,,,,,LORDS ISHWAR HOTELS LIMITED,16.14,16.22,16.14,16.14,16.14,16.14,,16.14,,,157,2545.00,5,F1,1,,,,,
2026-09-04,2026-09-04,CM,BSE,STK,530067,INE718F01018,CSLFINANCE,B,,,,,CSL Finance Limited,247.90,255.00,247.00,251.25,253.00,242.90,,251.72,,,9074,2289247.00,336,F1,1,,,,,
2026-09-04,2026-09-04,CM,BSE,STK,530073,INE989A01032,SANGHVIMOV,B,,,,,SANGHVI MOVERS LTD.,455.00,470.40,437.40,439.05,440.50,452.90,,439.18,,,42990,19670727.00,3644,F1,1,,,,,
2026-09-04,2026-09-04,CM,BSE,STK,530075,INE818A01017,ANTELOPUS,B,,,,,Antelopus Selan Energy Limited,994.10,1029.55,932.40,964.75,964.75,1014.30,,957.62,,,476380,478011148.00,12955,F1,1,,,,,
2026-09-04,2026-09-04,CM,BSE,STK,530077,INE795D01011,PURETROP,X,,,,,PURETROP FRUITS LIMITED,165.00,176.95,165.00,173.50,172.55,168.10,,173.50,,,15890,2758092.00,160,F1,1,,,,,
2026-09-04,2026-09-04,CM,BSE,STK,530079,INE963C01033,FAZE3Q,B,,,,,FAZE THREE LTD.,498.25,498.25,491.30,492.00,491.30,497.15,,493.75,,,939,462820.00,91,F1,1,,,,,
2026-09-04,2026-09-04,CM,BSE,STK,530109,INE069B01023,ANUPAM,X,,,,,ANUPAM FINSERV LIMITED,1.88,1.88,1.83,1.85,1.85,1.87,,1.85,,,132356,244535.00,152,F1,1,,,,,
2026-09-04,2026-09-04,CM,BSE,STK,530111,INE639C01013,RAJPACK,X,,,,,RAJ PACKAGING INDUSTRIES LTD.,30.00,30.00,29.01,29.01,29.01,29.95,,29.01,,,1101,33018.00,5,F1,1,,,,,
2026-09-04,2026-09-04,CM,BSE,STK,530117,INE959A01019,PRIVISCL,A,,,,,PRIVI SPECIALITY CHEMICALS LIM,3375.90,3406.10,3352.80,3367.85,3384.95,3375.05,,3367.33,,,4533,15307946.00,722,F1,1,,,,,
2026-09-04,2026-09-04,CM,BSE,STK,530119,INE444D01016,NATRAJPR,X,,,,,NATRAJ PROTEINS LTD.,41.44,43.98,40.01,40.84,41.79,40.63,,40.84,,,8207,343484.00,81,F1,1,,,,,
2026-09-04,2026-09-04,CM,BSE,STK,530125,INE103E01016,SAMRATPH,X,,,,,SAMRAT PHARMACHEM LTD.,230.60,237.50,230.00,231.50,231.35,236.85,,231.50,,,465,107655.00,25,F1,1,,,,,
2026-09-04,2026-09-04,CM,BSE,STK,530127,INE446D01011,NPRFIN,X,,,,,NPR FINANCE LTD.,20.45,20.45,20.40,20.40,20.40,20.00,,20.40,,,103,2101.00,5,F1,1,,,,,
2026-09-04,2026-09-04,CM,BSE,STK,530129,INE445D01013,NILE,B,,,,,NILE LTD.,1460.60,1483.80,1460.00,1460.00,1460.00,1464.20,,1465.80,,,216,318257.00,41,F1,1,,,,,
2026-09-04,2026-09-04,CM,BSE,STK,530133,INE924B01011,AMCOIND,X,,,,,AMCO INDIA LTD.,69.80,69.80,63.15,64.04,63.15,63.50,,64.04,,,1614,104801.00,31,F1,1,,,,,
2026-09-04,2026-09-04,CM,BSE,STK,530135,INE350C01017,OPTIEMUS,B,,,,,OPTIEMUS INFRACOM LTD,569.10,577.65,561.45,566.20,564.65,566.50,,569.05,,,5441,3088300.00,225,F1,1,,,,,
2026-09-04,2026-09-04,CM,BSE,STK,530139,INE302C01018,KREONFIN,XT,,,,,KREON FINNANCIAL SERVICES LTD.,89.00,89.00,83.60,87.91,88.97,86.88,,87.91,,,2021,173458.00,28,F1,1,,,,,
2026-09-04,2026-09-04,CM,BSE,STK,530141,INE487G01018,GYANDEV,XT,,,,,GYAN DEVELOPERS & BUILDERS LTD,52.50,52.50,52.50,52.50,52.50,52.45,,52.50,,,1,52.00,1,F1,1,,,,,
2026-09-04,2026-09-04,CM,BSE,STK,530145,INE017C01012,KISAN,XT,,,,,KISAN MOULDINGS LTD.,24.51,24.52,24.50,24.50,24.50,25.00,,24.50,,,36450,893210.00,63,F1,1,,,,,
2026-09-04,2026-09-04,CM,BSE,STK,530163,INE817B01025,KERALAYUR,X,,,,,KERALA AYURVEDA LTD.,179.90,181.50,175.05,181.50,181.50,172.90,,181.50,,,8859,1594714.00,171,F1,1,,,,,
2026-09-04,2026-09-04,CM,BSE,STK,530167,INE153K01018,MONGIPA,XT,,,,,MOONGIPA CAPITAL FINANCE LTD.,19.00,19.50,18.50,19.00,19.00,19.00,,19.00,,,1634,30751.00,12,F1,1,,,,,
2026-09-04,2026-09-04,CM,BSE,STK,530169,INE388C01017,MOHITPPR,X,,,,,MOHIT PAPER MILLS LTD.,26.74,26.74,26.74,26.74,26.74,26.74,,26.74,,,4,106.00,2,F1,1,,,,,
2026-09-04,2026-09-04,CM,BSE,STK,530171,INE108C01019,DAULAT,X,,,,,DAULAT SECURITIES LTD.,29.35,29.35,27.75,29.06,28.50,29.40,,29.06,,,1522,44242.00,25,F1,1,,,,,
2026-09-04,2026-09-04,CM,BSE,STK,530175,INE213B01019,ODYSSEY,X,,,,,ODYSSEY TECHNOLOGIES LTD.,38.00,38.96,36.50,38.87,38.88,37.46,,38.87,,,8157,314400.00,83,F1,1,,,,,
2026-09-04,2026-09-04,CM,BSE,STK,530179,INE015F01019,RSCINT,XT,,,,,RSC INTERNATIONAL LTD.,79.92,79.92,79.90,79.92,79.92,78.36,,79.92,,,21787,1741216.00,14,F1,1,,,,,
2026-09-04,2026-09-04,CM,BSE,STK,530185,INE936A01025,SURATRAML,X,,,,,Surat Trade and Mercantile Lim,4.63,4.80,4.58,4.63,4.62,4.65,,4.63,,,117856,552030.00,178,F1,1,,,,,
2026-09-04,2026-09-04,CM,BSE,STK,530187,INE354E01031,ATHARVENT,XT,,,,,ATHARV ENTERPRISES LTD.,4.19,4.20,4.19,4.20,4.20,4.00,,4.20,,,76723,321919.00,50,F1,1,,,,,
2026-09-04,2026-09-04,CM,BSE,STK,530197,INE365H01014,FUNDVISER,X,,,,,FUNDVISER CAPITAL (INDIA) LIMI,410.00,441.00,399.00,402.90,436.45,420.00,,402.90,,,272,108992.00,49,F1,1,,,,,
2026-09-04,2026-09-04,CM,BSE,STK,530199,INE083B01024,THEMISMED,B,,,,,THEMIS MEDICARE LTD.,125.55,127.65,119.90,120.60,122.00,124.55,,120.42,,,9220,1141558.00,216,F1,1,,,,,
2026-09-04,2026-09-04,CM,BSE,STK,530201,INE629F01025,KALLAM,XT,,,,,KALLAM TEXTILES LTD,2.20,2.26,2.11,2.25,2.24,2.18,,2.25,,,2470,5397.00,25,F1,1,,,,,
2026-09-04,2026-09-04,CM,BSE,STK,530207,INE899B01015,BRAWN,X,,,,,BRAWN BIOTECH LTD.,22.70,22.70,22.70,22.70,22.70,22.60,,22.70,,,5,113.00,1,F1,1,,,,,
2026-09-04,2026-09-04,CM,BSE,STK,530213,INE501D01013,FORINTL,X,,,,,FORTUNE INTERNATIONAL LTD.,78.00,80.00,75.00,78.50,78.50,78.00,,78.50,,,2211,174508.00,15,F1,1,,,,,
2026-09-04,2026-09-04,CM,BSE,STK,530215,INE050N01010,KINGSINFR,X,,,,,KINGS INFRA VENTURES LIMITED,89.60,92.00,85.07,85.49,85.35,85.16,,85.49,,,9631,836936.00,126,F1,1,,,,,
2026-09-04,2026-09-04,CM,BSE,STK,530217,INE295B01016,SWOJAS,X,,,,,SWOJAS FOODS LIMITED,7.60,7.60,7.25,7.38,7.39,7.63,,7.38,,,27003,198069.00,51,F1,1,,,,,
2026-09-04,2026-09-04,CM,BSE,STK,530219,INE536C01029,NUTRICIRCLE,X,,,,,Nutricircle Limited,270.00,270.00,270.00,270.00,270.00,265.30,,270.00,,,14,3780.00,4,F1,1,,,,,
2026-09-04,2026-09-04,CM,BSE,STK,530231,INE690D01014,SUBSM,X,,,,,SUBHASH SILK MILLS LTD.,60.03,60.03,60.03,60.03,60.03,63.18,,60.03,,,28,1680.00,2,F1,1,,,,,
2026-09-04,2026-09-04,CM,BSE,STK,530233,INE292C01011,AUROLAB,X,,,,,AURO LABORATORIES LTD.,256.30,263.80,252.15,256.90,256.90,255.05,,256.90,,,14361,3696158.00,160,F1,1,,,,,
2026-09-04,2026-09-04,CM,BSE,STK,530235,INE533C01018,KJMCFIN,B,,,,,KJMC FINANCIAL SERVICES LTD.,65.00,65.00,65.00,65.00,65.00,65.00,,63.14,,,10,650.00,1,F1,1,,,,,
2026-09-04,2026-09-04,CM,BSE,STK,530239,INE495B01038,SUVEN,B,,,,,SUVEN LIFE SCIENCES LTD.,384.25,388.50,376.85,378.25,377.55,377.60,,378.01,,,28072,10687659.00,803,F1,1,,,,,
2026-09-04,2026-09-04,CM,BSE,STK,530245,INE032E01017,ARYAMAN,B,,,,,ARYAMAN FINANCIAL SERVICES LTD,649.00,649.00,600.00,620.00,620.00,615.00,,620.18,,,311,188863.00,11,F1,1,,,,,
2026-09-04,2026-09-04,CM,BSE,STK,530249,INE958C01025,BRIDGESE,X,,,,,BRIDGE SECURITIES LTD.,11.34,11.35,10.35,11.35,11.35,10.32,,11.35,,,6304651,71288198.00,3630,F1,1,,,,,
2026-09-04,2026-09-04,CM,BSE,STK,530251,INE001O01029,RISAINTL,X,,,,,RISA INTERNATIONAL LTD.,0.44,0.44,0.43,0.43,0.43,0.44,,0.43,,,16983,7412.00,30,F1,1,,,,,
2026-09-04,2026-09-04,CM,BSE,STK,530253,INE497E01020,RAJTUBE,XT,,,,,RAJASTHAN TUBE MANUFACTURING C,10.45,10.45,10.00,10.07,10.05,10.19,,10.07,,,11095,111346.00,49,F1,1,,,,,
2026-09-04,2026-09-04,CM,BSE,STK,530255,INE961B01013,KAYPOWR,X,,,,,KAY POWER AND PAPER LTD.,10.85,10.85,9.26,10.05,9.95,10.09,,10.05,,,9870,97303.00,59,F1,1,,,,,
2026-09-04,2026-09-04,CM,BSE,STK,530259,INE003B01014,INTSTOIL,X,,,,,INTER STATE OIL CARRIER LTD.,64.50,67.95,60.00,65.32,66.48,61.81,,65.32,,,23981,1573330.00,231,F1,1,,,,,
2026-09-04,2026-09-04,CM,BSE,STK,530263,INE062C01042,GLOBALCA,X,,,,,GLOBAL CAPITAL MARKETS LTD.,0.47,0.47,0.45,0.47,0.47,0.47,,0.47,,,201173,92696.00,93,F1,1,,,,,
2026-09-04,2026-09-04,CM,BSE,STK,530265,INE584B01013,SAINIK,X,,,,,SAINIK FINANCE & INDUSTRIES LT,37.48,37.48,37.25,37.25,37.25,36.47,,37.25,,,137,5103.00,7,F1,1,,,,,
2026-09-04,2026-09-04,CM,BSE,STK,530267,INE021N01011,ARIGATO,X,,,,,ARIGATO UNIVERSE LIMITED,58.00,58.00,56.19,56.19,56.19,59.14,,56.19,,,130,7310.00,14,F1,1,,,,,
2026-09-04,2026-09-04,CM,BSE,STK,530271,INE652D01014,RICHUNV,X,,,,,RICH UNIVERSE NETWORK LTD.,8.67,8.67,8.67,8.67,8.67,8.26,,8.67,,,78,676.00,4,F1,1,,,,,
2026-09-04,2026-09-04,CM,BSE,STK,530281,INE373C01019,QUANTDIA,XT,,,,,QUANTUM DIGITAL VISION (INDIA),37.90,38.30,37.90,38.30,38.30,38.30,,38.30,,,1344,51291.00,18,F1,1,,,,,
2026-09-04,2026-09-04,CM,BSE,STK,530289,INE102F01015,SPCAPIT,X,,,,,SP CAPITAL FINANCING LTD.,51.98,51.98,51.52,51.98,51.98,52.00,,51.98,,,116,6029.00,3,F1,1,,,,,
2026-09-04,2026-09-04,CM,BSE,STK,530291,INE791C01012,PAOS,X,,,,,PAOS INDUSTRIES LIMITED,40.50,43.00,40.50,43.00,43.00,40.99,,43.00,,,11,468.00,3,F1,1,,,,,
2026-09-04,2026-09-04,CM,BSE,STK,530299,INE823A01017,KOTHARIPRO,B,,,,,KOTHARI PRODUCTS LTD.,68.20,68.20,66.65,68.20,68.20,68.27,,67.39,,,59,3937.00,5,F1,1,,,,,
2026-09-04,2026-09-04,CM,BSE,STK,530305,INE546C01010,PICCADIL,B,,,,,PICCADILY AGRO INDUSTRIES LTD.,623.00,629.95,613.35,615.85,616.00,619.70,,615.75,,,13963,8650396.00,723,F1,1,,,,,
2026-09-04,2026-09-04,CM,BSE,STK,530307,INE419D01026,CLSEL,B,,,,,CHAMAN LAL SETIA EXPORTS LIMIT,304.65,306.55,298.25,301.70,301.20,305.15,,301.90,,,7299,2203088.00,246,F1,1,,,,,
2026-09-04,2026-09-04,CM,BSE,STK,530309,INE368D01025,CHANDRAP,X,,,,,CHANDRA PRABHU INTERNATIONAL L,10.70,10.93,10.25,10.78,10.70,10.70,,10.78,,,18350,194648.00,58,F1,1,,,,,
2026-09-04,2026-09-04,CM,BSE,STK,530313,INE285U01025,KIMIABL,X,,,,,KIMIA BIOSCIENCES LIMITED,29.25,29.50,29.00,29.27,29.27,28.50,,29.27,,,9851,288730.00,22,F1,1,,,,,
2026-09-04,2026-09-04,CM,BSE,STK,530315,INE428D01019,HINDTIN,X,,,,,HINDUSTAN TIN WORKS LTD.,118.90,122.35,118.80,118.80,118.80,118.80,,118.80,,,1525,182178.00,25,F1,1,,,,,
2026-09-04,2026-09-04,CM,BSE,STK,530317,INE362C01012,GODAVARI,X,,,,,GODAVARI DRUGS LTD.,100.18,109.40,100.10,106.01,107.10,98.87,,106.01,,,25819,2743973.00,187,F1,1,,,,,
2026-09-04,2026-09-04,CM,BSE,STK,530331,INE001E01012,PREMCO,B,,,,,PREMCO GLOBAL LTD.,394.00,394.00,379.60,385.10,390.40,385.75,,389.12,,,220,84753.00,18,F1,1,,,,,
2026-09-04,2026-09-04,CM,BSE,STK,530341,INE596B01017,MUKESHB,B,,,,,MUKESH BABU FINANCIAL SERVICES,134.00,134.00,134.00,134.00,134.00,134.00,,133.96,,,100,13400.00,2,F1,1,,,,,
2026-09-04,2026-09-04,CM,BSE,STK,530343,INE955D01029,GENUSPOWER,A,,,,,GENUS POWER INFRASTRUCTURES LT,339.75,349.05,334.95,337.15,337.15,340.05,,337.73,,,422226,143955959.00,115521,F1,1,,,,,
2026-09-04,2026-09-04,CM,BSE,STK,530355,INE276G01015,ASIANENE,B,,,,,ASIAN ENERGY SERVICES LTD,528.95,537.55,508.75,517.95,517.95,523.25,,517.47,,,36167,18993700.00,1108,F1,1,,,,,
2026-09-04,2026-09-04,CM,BSE,STK,530357,INE883D01023,KBSINDIA,X,,,,,KBS INDIA LIMITED,1.32,1.38,1.32,1.38,1.38,1.32,,1.38,,,76235,103235.00,82,F1,1,,,,,
2026-09-04,2026-09-04,CM,BSE,STK,530361,INE428P01013,PRABHHANS,XT,,,,,PRABHHANS INDUSTRIES LIMITED,37.90,37.90,37.90,37.90,37.90,36.10,,37.90,,,1321,50065.00,12,F1,1,,,,,
2026-09-04,2026-09-04,CM,BSE,STK,530363,INE071E01023,UGARSUGAR,B,,,,,UGAR SUGAR WORKS LTD.,58.48,58.48,53.00,53.36,53.41,58.52,,53.35,,,121776,6649715.00,821,F1,1,,,,,
2026-09-04,2026-09-04,CM,BSE,STK,530365,INE607D01018,ORIENTBELL,B,,,,,ORIENT BELL LIMITED,420.75,424.00,411.10,418.90,422.00,412.50,,420.00,,,6086,2545084.00,425,F1,1,,,,,
2026-09-04,2026-09-04,CM,BSE,STK,530367,INE349A01021,NRBBEARING,B,,,,,NRB BEARINGS LTD.,454.80,454.80,444.45,447.35,447.50,450.85,,447.01,,,13863,6221582.00,273,F1,1,,,,,
2026-09-04,2026-09-04,CM,BSE,STK,530369,INE380C01014,VAMSHIRU,X,,,,,VAMSHI RUBBER LTD.,40.00,40.90,38.51,38.68,40.79,40.00,,38.68,,,1852,74862.00,29,F1,1,,,,,
2026-09-04,2026-09-04,CM,BSE,STK,530377,INE937C01029,NILAINFRA,B,,,,,NILA INFRASTRUCTURES LTD.,6.65,6.77,6.64,6.68,6.67,6.74,,6.67,,,68782,459834.00,137,F1,1,,,,,
2026-09-04,2026-09-04,CM,BSE,STK,530393,INE921B01025,DBSTOCKBRO,T,,,,,DB (INTERNATIONAL) STOCK BROKE,28.29,29.00,28.29,29.00,29.00,29.07,,28.63,,,11,311.00,2,F1,1,,,,,
2026-09-04,2026-09-04,CM,BSE,STK,530401,INE526H01011,VINYOFL,X,,,,,VINYOFLEX LTD.,62.50,62.50,53.49,53.49,53.49,52.50,,53.49,,,580,31234.00,12,F1,1,,,,,
2026-09-04,2026-09-04,CM,BSE,STK,530405,INE356F01017,JINDCAP,X,,,,,JINDAL CAPITAL LTD.,34.66,35.87,32.51,33.77,33.77,33.98,,33.77,,,6127,209296.00,79,F1,1,,,,,
2026-09-04,2026-09-04,CM,BSE,STK,530407,INE932F01015,EPIC,X,,,,,EPIC ENERGY LTD.,33.90,33.90,32.00,32.88,32.80,32.90,,32.88,,,1983,64524.00,70,F1,1,,,,,
2026-09-04,2026-09-04,CM,BSE,STK,530419,INE886B01012,SUMEDHA,B,,,,,SUMEDHA FISCAL SERVICES LTD.,39.75,39.75,38.80,39.01,39.01,39.00,,39.01,,,374,14569.00,6,F1,1,,,,,
2026-09-04,2026-09-04,CM,BSE,STK,530421,INE430F01010,KUWERIN,X,,,,,KUWER INDUSTRIES LTD.,10.98,11.40,9.51,10.35,10.35,10.36,,10.35,,,3826,38645.00,56,F1,1,,,,,
2026-09-04,2026-09-04,CM,BSE,STK,530427,INE865B01016,CHOKSI,X,,,,,CHOKSI ASIA LIMITED,260.00,260.00,250.05,252.90,252.90,252.40,,252.90,,,549,140197.00,17,F1,1,,,,,
2026-09-04,2026-09-04,CM,BSE,STK,530429,INE831C01016,ASHISHPO,X,,,,,ASHISH POLYPLAST LTD.,30.52,30.52,27.00,27.82,27.82,26.57,,27.82,,,616,17236.00,13,F1,1,,,,,
2026-09-04,2026-09-04,CM,BSE,STK,530433,INE960E01019,SHIVAAGRO,B,,,,,SHIVA GLOBAL AGRO INDUSTRIES L,42.80,42.80,39.09,40.60,40.60,41.00,,40.93,,,113,4537.00,9,F1,1,,,,,
2026-09-04,2026-09-04,CM,BSE,STK,530439,INE140C01012,SIDDHA,X,,,,,SIDDHA VENTURES LTD.,4.44,4.46,4.30,4.40,4.40,4.46,,4.40,,,3326,14306.00,10,F1,1,,,,,
2026-09-04,2026-09-04,CM,BSE,STK,530443,INE293D01017,KIRANSY-B,X,,,,,KIRAN SYNTEX LTD.,14.50,14.50,14.50,14.50,14.50,14.50,,14.50,,,100,1450.00,1,F1,1,,,,,
2026-09-04,2026-09-04,CM,BSE,STK,530445,INE764B01029,SUMERUIND,X,,,,,SUMERU INDUSTRIES LTD.,1.53,1.53,1.50,1.50,1.50,1.48,,1.50,,,8368,12719.00,14,F1,1,,,,,
2026-09-04,2026-09-04,CM,BSE,STK,530449,INE347C01013,RUNGTAIR,X,,,,,RUNGTA IRRIGATION LTD.,49.00,50.00,47.25,48.09,48.50,48.75,,48.09,,,1130,54513.00,41,F1,1,,,,,
2026-09-04,2026-09-04,CM,BSE,STK,530457,INE959B01017,GTTDATA,X,,,,,GTT DATA SOLUTIONS LIMITED,42.90,42.90,40.00,40.47,40.47,42.57,,40.47,,,29174,1188099.00,146,F1,1,,,,,
2026-09-04,2026-09-04,CM,BSE,STK,530459,INE808A01018,VALSONQ,XT,,,,,VALSON INDUSTRIES LTD.,45.95,45.95,42.00,42.50,42.50,44.00,,42.50,,,695,29470.00,8,F1,1,,,,,
2026-09-04,2026-09-04,CM,BSE,STK,530461,INE440C01016,SABOOSOD,X,,,,,SABOO SODIUM CHLORO LTD.,12.56,12.78,12.11,12.58,12.59,12.37,,12.58,,,44054,544149.00,93,F1,1,,,,,
2026-09-04,2026-09-04,CM,BSE,STK,530469,INE721D01017,GSLSEC,X,,,,,GSL SECURITIES LTD.,36.00,36.00,35.57,35.57,35.57,34.82,,35.57,,,25,899.00,7,F1,1,,,,,
2026-09-04,2026-09-04,CM,BSE,STK,530475,INE015C01016,TINNARUBR,B,,,,,TINNA RUBBER AND INFRASTRUCTUR,1044.35,1053.50,1018.50,1030.60,1030.60,1037.95,,1028.26,,,2424,2507505.00,251,F1,1,,,,,
2026-09-04,2026-09-04,CM,BSE,STK,530477,INE337E01010,VIKRAMTH,XT,,,,,VIKRAM THERMO (INDIA) LTD.,302.95,302.95,295.00,298.00,300.00,302.30,,298.00,,,10702,3197539.00,202,F1,1,,,,,
2026-09-04,2026-09-04,CM,BSE,STK,530495,INE473C01025,STRATMONT,X,,,,,STRATMONT INDUSTRIES LIMITED,53.00,55.92,51.13,55.89,55.89,53.26,,55.89,,,2624151,143976484.00,63,F1,1,,,,,
2026-09-04,2026-09-04,CM,BSE,STK,530499,INE701G01012,AKCAPIT,B,,,,,A.K.CAPITAL SERVICES LTD.,1700.00,1742.00,1686.05,1736.90,1742.00,1681.25,,1736.90,,,2174,3711884.00,45,F1,1,,,,,
2026-09-04,2026-09-04,CM,BSE,STK,530517,INE131B01039,RELAXO,A,,,,,RELAXO FOOTWEARS LTD.,343.95,347.00,342.85,345.25,345.25,343.95,,344.81,,,8688,2996330.00,330,F1,1,,,,,
2026-09-04,2026-09-04,CM,BSE,STK,530521,INE467D01017,VIRAT,B,,,,,VIRAT INDUSTRIES LTD.,426.20,434.95,412.55,421.95,423.00,427.85,,423.16,,,1386,582431.00,38,F1,1,,,,,
2026-09-04,2026-09-04,CM,BSE,STK,530525,INE786J01033,RRETAIL,XT,,,,,RAJNISH RETAIL LIMITED,2.16,2.25,2.10,2.15,2.14,2.16,,2.15,,,240283,520408.00,120,F1,1,,,,,
2026-09-04,2026-09-04,CM,BSE,STK,530533,INE390D01011,TERAI,B,,,,,TERAI TEA CO.LTD.,131.10,131.10,121.25,123.05,121.25,134.00,,122.27,,,1085,134293.00,26,F1,1,,,,,
2026-09-04,2026-09-04,CM,BSE,STK,530545,INE949B01018,COSCO,X,,,,,COSCO (INDIA) LTD.,181.05,186.80,181.05,183.00,183.00,185.50,,183.00,,,295,54703.00,8,F1,1,,,,,
2026-09-04,2026-09-04,CM,BSE,STK,530549,INE790G01031,SHILPAMED,A,,,,,SHILPA MEDICARE LTD.,963.10,974.90,947.95,964.95,960.00,955.85,,964.16,,,29958,28862578.00,1268,F1,1,,,,,
2026-09-04,2026-09-04,CM,BSE,STK,530555,INE074B01023,PARACABLES,B,,,,,PARAMOUNT COMMUNICATIONS LTD.,63.22,69.00,63.22,65.57,65.01,64.36,,65.51,,,337144,22661055.00,2024,F1,1,,,,,
2026-09-04,2026-09-04,CM,BSE,STK,530557,INE132F01038,NCLRESE,XT,,,,,NCL RESEARCH & FINANCIAL SERVI,0.69,0.70,0.69,0.70,0.70,0.70,,0.70,,,6000575,4193069.00,588,F1,1,,,,,
2026-09-04,2026-09-04,CM,BSE,STK,530571,INE335G01019,EXPLICITFIN,X,,,,,EXPLICIT FINANCE LTD.,7.35,7.35,7.35,7.35,7.35,7.35,,7.35,,,20,147.00,1,F1,1,,,,,
2026-09-04,2026-09-04,CM,BSE,STK,530577,INE519D01015,LADDERUP,B,,,,,LADDERUP FINANCE LTD.,55.00,55.00,47.50,47.50,47.50,53.00,,47.50,,,540,28901.00,7,F1,1,,,,,
2026-09-04,2026-09-04,CM,BSE,STK,530579,INE152C01025,UYFINCORP,T,,,,,U. Y. FINCORP LIMITED,20.75,20.79,19.45,19.87,19.99,19.93,,19.73,,,15709,317202.00,52,F1,1,,,,,
2026-09-04,2026-09-04,CM,BSE,STK,530581,INE906L01025,EKAMLEA,XT,,,,,EKAM LEASING & FINANCE CO.LTD.,5.25,5.32,5.25,5.31,5.31,5.50,,5.31,,,2072,10997.00,11,F1,1,,,,,
2026-09-04,2026-09-04,CM,BSE,STK,530585,INE691C01022,SWASTIKA,XT,,,,,SWASTIKA INVESTMART LIMITED,163.00,171.10,163.00,169.60,169.65,163.00,,169.60,,,14721,2491665.00,78,F1,1,,,,,
2026-09-04,2026-09-04,CM,BSE,STK,530589,INE573B01016,PRIMAPLA,XT,,,,,PRIMA PLASTICS LTD.,134.85,139.90,130.00,137.80,137.85,134.80,,137.80,,,8902,1197075.00,68,F1,1,,,,,
2026-09-04,2026-09-04,CM,BSE,STK,530595,INE381G01013,TELECANOR,XT,,,,,TELECANOR GLOBAL LTD.,20.78,21.77,19.84,19.85,19.84,20.88,,19.85,,,29476,592987.00,104,F1,1,,,,,
2026-09-04,2026-09-04,CM,BSE,STK,530601,INE582C01015,JAGSONSER,X,,,,,JAGSONPAL SERVICES LIMITED,50.90,53.10,50.90,53.10,53.10,53.50,,53.10,,,510,25981.00,2,F1,1,,,,,
2026-09-04,2026-09-04,CM,BSE,STK,530615,INE194E01015,GARGFUR,X,,,,,GARG FURNACE LTD.,174.50,174.50,156.60,160.20,159.20,168.05,,160.20,,,11277,1825295.00,202,F1,1,,,,,
2026-09-04,2026-09-04,CM,BSE,STK,530617,INE375C01022,SAMPRE,X,,,,,SAMPRE NUTRITIONS LTD.,6.63,6.63,6.63,6.63,6.63,6.32,,6.63,,,161714,1072163.00,48,F1,1,,,,,
2026-09-04,2026-09-04,CM,BSE,STK,530621,INE864E01021,AAIL,XT,,,,,Akar Auto Industries Limited,91.50,92.25,90.26,91.67,92.00,92.28,,91.67,,,2533,231828.00,32,F1,1,,,,,
2026-09-04,2026-09-04,CM,BSE,STK,530627,INE834D01018,VIPULORG,X,,,,,Vipul Organics Limited,270.00,275.75,265.10,269.20,269.00,269.15,,269.20,,,5099,1386526.00,91,F1,1,,,,,
2026-09-04,2026-09-04,CM,BSE,STK,530643,INE316A01038,ECORECO,B,,,,,ECO RECYCLING LTD.,454.05,466.95,454.05,459.70,460.00,458.00,,459.39,,,7645,3531338.00,301,F1,1,,,,,
2026-09-04,2026-09-04,CM,BSE,STK,530655,INE127I01024,GOODLUCK,B,,,,,Goodluck India Limited,466.50,479.70,466.50,474.35,473.20,469.80,,472.94,,,43163,20470786.00,1005,F1,1,,,,,
2026-09-04,2026-09-04,CM,BSE,STK,530663,INE912B01032,GOYALASS,X,,,,,GOYAL ASSOCIATES LTD.,1.05,1.10,1.05,1.08,1.08,1.05,,1.08,,,71350,77488.00,32,F1,1,,,,,
2026-09-04,2026-09-04,CM,BSE,STK,530665,INE812B01026,ZENITHHE,X,,,,,ZENITH HEALTH CARE LTD.,3.23,3.23,3.16,3.18,3.20,3.25,,3.18,,,11184,35895.00,121,F1,1,,,,,
2026-09-04,2026-09-04,CM,BSE,STK,530669,INE035401020,ACEENGITEC,XT,,,,,ACE ENGITECH LIMITED,95.30,95.30,95.30,95.30,95.30,90.77,,95.30,,,9,857.00,1,F1,1,,,,,
2026-09-04,2026-09-04,CM,BSE,STK,530675,INE057Q01018,YORKEXP,X,,,,,YORK EXPORTS LTD.,51.07,53.80,51.07,51.08,51.08,53.75,,51.08,,,534,27283.00,16,F1,1,,,,,
2026-09-04,2026-09-04,CM,BSE,STK,530677,INE822E01011,SUPREME,B,,,,,SUPREME HOLDINGS & HOSPITALITY,37.00,37.37,36.00,37.03,37.03,37.00,,36.27,,,1266,46738.00,13,F1,1,,,,,
2026-09-04,2026-09-04,CM,BSE,STK,530689,INE624M01014,LYKISLTD,X,,,,,LYKIS LIMITED,51.46,52.50,51.04,51.50,51.50,51.75,,51.50,,,19213,990245.00,78,F1,1,,,,,
2026-09-04,2026-09-04,CM,BSE,STK,530695,INE233C01023,PRIMEPRO,XT,,,,,PRIME PROPERTY DEVELOPMENT COR,25.19,26.43,24.75,25.99,25.99,25.19,,25.99,,,5371,135049.00,13,F1,1,,,,,
2026-09-04,2026-09-04,CM,BSE,STK,530697,INE546F01013,ZENLABS,X,,,,,Zenlabs Ethica Limited,27.05,32.68,27.05,31.89,31.89,29.00,,31.89,,,688,22055.00,27,F1,1,,,,,
2026-09-04,2026-09-04,CM,BSE,STK,530699,INE533D01032,RAJRILTD,T,,,,,RAJ RAYON INDUSTRIES LIMITED,22.00,22.00,21.77,21.90,21.90,22.18,,22.01,,,5938,130074.00,32,F1,1,,,,,
2026-09-04,2026-09-04,CM,BSE,STK,530705,INE161F01011,ANIRIT,XT,,,,,ANIRIT VENTURES LIMITED,43.57,43.57,42.00,42.00,42.00,41.50,,42.00,,,2242,95911.00,8,F1,1,,,,,
2026-09-04,2026-09-04,CM,BSE,STK,530709,INE225G01012,GOWRALE,XT,,,,,GOWRA LEASING & FINANCE LTD.,89.20,89.20,86.00,89.20,89.20,89.20,,89.20,,,1796,157364.00,25,F1,1,,,,,
2026-09-04,2026-09-04,CM,BSE,STK,530711,INE144C01014,JAGANLAM,X,,,,,JAGAN LAMPS LTD.,63.00,63.00,60.00,61.15,61.98,60.75,,61.15,,,803,49005.00,21,F1,1,,,,,
2026-09-04,2026-09-04,CM,BSE,STK,530723,INE041B01014,ASITCFIN,X,,,,,ASIT C.MEHTA FINANCIAL SERVICE,110.00,110.75,105.50,108.00,108.00,107.70,,108.00,,,852,93367.00,11,F1,1,,,,,
2026-09-04,2026-09-04,CM,BSE,STK,530735,INE897A01011,SUPERBAK,X,,,,,SUPER BAKERS (INDIA) LTD.,35.61,38.00,35.61,38.00,38.00,37.48,,38.00,,,102,3637.00,3,F1,1,,,,,
2026-09-04,2026-09-04,CM,BSE,STK,530741,INE812S01012,OVOBELE,XT,,,,,OVOBEL FOODS LTD.,278.00,278.00,262.00,269.30,272.00,271.20,,269.30,,,7753,2083281.00,141,F1,1,,,,,
2026-09-04,2026-09-04,CM,BSE,STK,530745,INE366C01021,ACSTECH,T,,,,,ACS TECHNOLOGIES LIMITED,51.89,52.00,50.30,51.90,51.90,51.89,,51.84,,,25763,1327873.00,54,F1,1,,,,,
2026-09-04,2026-09-04,CM,BSE,STK,530747,INE807A01010,CHALLANI,X,,,,,CHALLANI CAPITAL LIMITED,17.94,17.94,16.85,17.80,17.79,17.99,,17.80,,,315,5388.00,12,F1,1,,,,,
2026-09-04,2026-09-04,CM,BSE,STK,530755,INE715D01019,CORNE,X,,,,,CORAL NEWSPRINTS LTD.,8.94,8.94,8.94,8.94,8.94,8.90,,8.94,,,1,8.00,1,F1,1,,,,,
2026-09-04,2026-09-04,CM,BSE,STK,530759,INE334A01023,STERTOOLS,T,,,,,STERLING TOOLS LTD.,222.95,227.95,220.10,222.00,222.00,224.00,,221.31,,,1377,307406.00,47,F1,1,,,,,
2026-09-04,2026-09-04,CM,BSE,STK,530787,INE055O01033,INLANPR,XT,,,,,INLAND PRINTERS LTD.,77.91,79.50,77.91,77.91,77.91,79.50,,77.91,,,257,20027.00,5,F1,1,,,,,
2026-09-04,2026-09-04,CM,BSE,STK,530789,INE358C01010,CEEJAY,X,,,,,CEEJAY FINANCE LTD.,160.50,167.85,151.80,159.85,159.85,162.15,,159.85,,,1296,202877.00,49,F1,1,,,,,
2026-09-04,2026-09-04,CM,BSE,STK,530795,INE584D01019,SUNCITYSY,X,,,,,SUNCITY SYNTHETICS LTD.,10.02,10.52,10.02,10.52,10.52,10.02,,10.52,,,751,7525.00,3,F1,1,,,,,
2026-09-04,2026-09-04,CM,BSE,STK,530797,INE400N01017,SHGANEL,X,,,,,SHREE GANESH ELASTOPLAST LTD.,17.00,17.00,17.00,17.00,17.00,17.00,,17.00,,,206,3502.00,3,F1,1,,,,,
2026-09-04,2026-09-04,CM,BSE,STK,530799,INE336D01014,ANNAINFRA,X,,,,,ANNA INFRASTRUCTURES LTD.,27.50,29.42,27.00,28.99,28.99,27.05,,28.99,,,65,1761.00,7,F1,1,,,,,
2026-09-04,2026-09-04,CM,BSE,STK,530803,INE354C01027,BHAGERIA,T,,,,,Bhageria Industries Limited,294.00,303.05,288.65,303.05,303.05,288.65,,304.65,,,10120,3050709.00,168,F1,1,,,,,
2026-09-04,2026-09-04,CM,BSE,STK,530805,INE125F01032,OIVL,X,,,,,ONESOURCE INDUSTRIES AND VENTU,5.49,5.49,4.70,5.12,5.14,5.37,,5.12,,,158904,790038.00,234,F1,1,,,,,
2026-09-04,2026-09-04,CM,BSE,STK,530809,INE355C01016,BNRUDY,X,,,,,BNR UDYOG LTD.,38.02,39.94,37.11,38.97,38.97,37.78,,38.97,,,2045,78368.00,24,F1,1,,,,,
2026-09-04,2026-09-04,CM,BSE,STK,530813,INE001B01026,KRBL,A,,,,,KRBL LTD.,428.30,429.40,417.05,421.80,421.00,424.45,,421.94,,,23785,10021305.00,624,F1,1,,,,,
2026-09-04,2026-09-04,CM,BSE,STK,530821,INE838C01011,SSPDL,X,,,,,SSPDL LTD.,14.99,14.99,14.00,14.00,14.00,13.96,,14.00,,,2222,31390.00,19,F1,1,,,,,
2026-09-04,2026-09-04,CM,BSE,STK,530825,INE789B01018,DAIKAFFI,XT,,,,,DAIKAFFIL CHEMICALS INDIA LTD.,47.04,47.60,47.04,47.60,47.60,47.99,,47.60,,,918,43487.00,12,F1,1,,,,,
2026-09-04,2026-09-04,CM,BSE,STK,530829,INE830A01012,CILSEC,X,,,,,CIL SECURITIES LIMITED,38.00,40.46,37.06,37.81,39.98,38.60,,37.81,,,422,15914.00,8,F1,1,,,,,
2026-09-04,2026-09-04,CM,BSE,STK,530839,INE011B01017,CLIOINFO,XT,,,,,CLIO INFOTECH LTD.,14.67,14.68,14.33,14.68,14.68,13.99,,14.68,,,28049,411493.00,72,F1,1,,,,,
2026-09-04,2026-09-04,CM,BSE,STK,530843,INE509F01029,CUPID,A,,,,,CUPID LTD.,280.35,287.00,280.35,283.25,283.25,279.70,,283.15,,,1061025,300825147.00,7966,F1,1,,,,,
2026-09-04,2026-09-04,CM,BSE,STK,530845,INE199E01014,SUNSHIEL,B,,,,,SUNSHIELD CHEMICALS LTD.,1145.00,1155.00,1140.00,1142.75,1140.00,1140.00,,1144.21,,,415,476216.00,36,F1,1,,,,,
2026-09-04,2026-09-04,CM,BSE,STK,530853,INE963A01011,HIPOLIN,XT,,,,,HIPOLIN LTD.,74.00,76.96,73.12,76.69,76.70,76.96,,76.69,,,8916,656752.00,65,F1,1,,,,,
2026-09-04,2026-09-04,CM,BSE,STK,530855,INE545E01018,GDLLEAS,XT,,,,,GDL LEASING & FINANCE LTD.,59.03,65.23,59.03,65.23,65.23,62.13,,65.23,,,15,972.00,7,F1,1,,,,,
2026-09-04,2026-09-04,CM,BSE,STK,530871,INE995D01025,CHEMBOND,B,,,,,Chembond Material Technologies,173.60,174.80,169.45,170.70,170.50,172.75,,170.79,,,1856,317324.00,31,F1,1,,,,,
2026-09-04,2026-09-04,CM,BSE,STK,530879,INE345H01024,CIFL,B,,,,,CAPITAL INDIA FINANCE LIMITED,20.20,21.47,19.60,20.13,20.30,20.19,,19.98,,,5127,103188.00,116,F1,1,,,,,
2026-09-04,2026-09-04,CM,BSE,STK,530881,INE485K01022,ABVL,X,,,,,Arunjyoti Bio Ventures Limited,4.78,4.78,4.74,4.76,4.74,4.73,,4.76,,,62855,299800.00,165,F1,1,,,,,
2026-09-04,2026-09-04,CM,BSE,STK,530883,INE366G01022,SUCROSA,XT,,,,,SUPER CROP SAFE LTD.,14.60,14.60,13.70,13.72,13.72,14.19,,13.72,,,90516,1263615.00,117,F1,1,,,,,
2026-09-04,2026-09-04,CM,BSE,STK,530889,INE061B01038,AUDROC,XT,,,,,AUDROC Limited,15.93,15.93,15.93,15.93,15.93,15.62,,15.93,,,80,1274.00,10,F1,1,,,,,
2026-09-04,2026-09-04,CM,BSE,STK,530897,INE825C01018,NGIND,X,,,,,N.G.INDUSTRIES LTD.,115.90,115.95,113.15,115.80,115.50,115.00,,115.80,,,731,84106.00,29,F1,1,,,,,
2026-09-04,2026-09-04,CM,BSE,STK,530899,INE784M01016,ASIAPAK,X,,,,,ASIA PACK LTD.,55.00,55.00,55.00,55.00,55.00,55.00,,55.00,,,1,55.00,1,F1,1,,,,,
2026-09-04,2026-09-04,CM,BSE,STK,530907,INE417F01017,SICAPIT,XT,,,,,SI CAPITAL & FINANCIAL SERVICE,15.18,15.18,14.15,14.97,14.98,14.88,,14.97,,,3104,46452.00,8,F1,1,,,,,
2026-09-04,2026-09-04,CM,BSE,STK,530909,INE308B01017,ERPSOFT,X,,,,,ERP SOFT SYSTEMS LTD.,68.56,68.56,66.00,66.00,66.00,65.30,,66.00,,,31,2086.00,3,F1,1,,,,,
2026-09-04,2026-09-04,CM,BSE,STK,530919,INE474C01023,REMSONSIND,B,,,,,REMSONS INDUSTRIES LTD.,93.30,99.85,93.30,99.05,99.85,95.19,,99.32,,,12391,1212931.00,755,F1,1,,,,,
2026-09-04,2026-09-04,CM,BSE,STK,530925,INE609D01014,RAMSONS,X,,,,,RAMSONS PROJECTS LTD.,83.00,86.94,79.00,84.00,84.00,83.00,,84.00,,,1370,114562.00,23,F1,1,,,,,
2026-09-04,2026-09-04,CM,BSE,STK,530931,INE457D01018,STANPACK,X,,,,,STANPACKS (INDIA) LTD.,12.80,12.80,12.80,12.80,12.80,13.00,,12.80,,,703,8998.00,3,F1,1,,,,,
2026-09-04,2026-09-04,CM,BSE,STK,530943,INE416A01051,AQYLON,B,,,,,Aqylon Nexus Limited,21.81,22.61,21.80,22.28,22.61,21.54,,22.45,,,32509,720013.00,296,F1,1,,,,,
2026-09-04,2026-09-04,CM,BSE,STK,530951,INE357B01022,RAMINFO,X,,,,,RAMINFO LIMITED,43.99,43.99,42.12,42.69,42.69,43.08,,42.69,,,3848,165288.00,42,F1,1,,,,,
2026-09-04,2026-09-04,CM,BSE,STK,530953,INE224D01012,SUNILAGR,X,,,,,SUNIL AGRO FOODS LTD.,83.50,83.50,83.50,83.50,83.50,81.50,,83.50,,,3,250.00,2,F1,1,,,,,
2026-09-04,2026-09-04,CM,BSE,STK,530959,INE012E01035,DIANATEA,X,,,,,DIANA TEA CO.LTD.,29.10,31.14,29.10,30.82,30.37,29.03,,30.82,,,15281,462162.00,107,F1,1,,,,,
2026-09-04,2026-09-04,CM,BSE,STK,530961,INE806A01020,VIKASECO,B,,,,,Vikas EcoTech Limited,1.09,1.09,1.07,1.07,1.07,1.08,,1.07,,,310125,335403.00,214,F1,1,,,,,
2026-09-04,2026-09-04,CM,BSE,STK,530965,INE242A01010,IOC,A,,,,,INDIAN OIL CORPORATION LTD.,137.15,137.75,136.75,137.30,137.30,136.60,,137.60,,,261639,35908669.00,2491,F1,1,,,,,
2026-09-04,2026-09-04,CM,BSE,STK,530973,INE042C01010,ALFAICA,X,,,,,ALFA ICA (INDIA) LTD.,89.00,89.00,89.00,89.00,89.00,89.00,,89.00,,,1,89.00,1,F1,1,,,,,
2026-09-04,2026-09-04,CM,BSE,STK,530977,INE260E01014,SKCIL,X,,,,,Shri Keshav Cements and Infra,97.50,101.00,95.51,97.13,95.51,97.50,,97.13,,,686,67924.00,86,F1,1,,,,,
2026-09-04,2026-09-04,CM,BSE,STK,530979,INE274E01015,INDIAHOME,X,,,,,INDIA HOME LOAN LTD.,31.88,32.45,30.00,30.41,31.40,31.88,,30.41,,,5458,166674.00,62,F1,1,,,,,
2026-09-04,2026-09-04,CM,BSE,STK,530991,INE443C01010,ROOPAIND,X,,,,,ROOPA INDUSTRIES LTD.,49.75,49.75,49.45,49.45,49.45,49.75,,49.45,,,3,148.00,3,F1,1,,,,,
2026-09-04,2026-09-04,CM,BSE,STK,530993,INE075H01019,SARTHAKGL,XT,,,,,SARTHAK GLOBAL LTD.,39.17,39.17,35.45,36.10,36.10,37.31,,36.10,,,3317,119900.00,14,F1,1,,,,,
2026-09-04,2026-09-04,CM,BSE,STK,530997,INE333E01019,UNIQUEO,X,,,,,UNIQUE ORGANICS LTD.,90.90,92.40,88.05,89.07,89.00,90.90,,89.07,,,2484,224440.00,39,F1,1,,,,,
2026-09-04,2026-09-04,CM,BSE,STK,530999,INE050E01027,BALAMINES,B,,,,,BALAJI AMINES LTD.,2432.00,2548.90,2432.00,2527.15,2527.15,2417.55,,2525.27,,,25365,63826145.00,2501,F1,1,,,,,
2026-09-04,2026-09-04,CM,BSE,STK,531003,INE595G01018,SWRNASE,X,,,,,SWARNA SECURITIES LTD.,89.55,89.99,89.55,89.99,89.99,90.00,,89.99,,,2,179.00,2,F1,1,,,,,
2026-09-04,2026-09-04,CM,BSE,STK,531015,INE154G01022,VENMAX,X,,,,,VENMAX DRUGS AND PHARMACEUTICA,14.99,15.30,13.60,14.75,15.29,14.12,,14.75,,,12037,180055.00,49,F1,1,,,,,
2026-09-04,2026-09-04,CM,BSE,STK,531017,INE190D01015,ARISE,X,,,,,ARIHANTS SECURITIES LTD.,22.50,22.50,18.60,19.53,19.51,19.58,,19.53,,,11201,220064.00,63,F1,1,,,,,
2026-09-04,2026-09-04,CM,BSE,STK,531025,INE309H01038,VISAGAR,X,,,,,VISAGAR FINANCIAL SERVICES LTD,0.29,0.30,0.29,0.30,0.30,0.30,,0.30,,,725828,215277.00,231,F1,1,,,,,
2026-09-04,2026-09-04,CM,BSE,STK,531027,INE267E01019,LIBORD,X,,,,,LIBORD SECURITIES LTD.,20.30,20.30,20.30,20.30,20.30,21.33,,20.30,,,301,6110.00,3,F1,1,,,,,
2026-09-04,2026-09-04,CM,BSE,STK,531033,INE101E01010,REGAL,X,,,,,REGAL ENTERTAINMENT & CONSULTA,17.70,17.80,16.24,17.67,17.67,17.00,,17.67,,,2865,50753.00,13,F1,1,,,,,
2026-09-04,2026-09-04,CM,BSE,STK,531035,INE432F01032,EBIX,T,,,,,EBIX LIMITED,19.44,21.10,19.44,20.38,20.40,20.18,,20.35,,,11019,220731.00,94,F1,1,,,,,
2026-09-04,2026-09-04,CM,BSE,STK,531041,INE823B01015,COMPEAU,B,,,,,COMPETENT AUTOMOBILES CO.LTD.,351.15,376.30,351.15,375.00,375.00,360.05,,372.11,,,3540,1311739.00,121,F1,1,,,,,
2026-09-04,2026-09-04,CM,BSE,STK,531043,INE239F01015,ZDHJERK,X,,,,,DHANVANTRI JEEVAN REKHA LTD.,27.85,27.85,27.69,27.69,27.69,26.65,,27.69,,,2,55.00,2,F1,1,,,,,
2026-09-04,2026-09-04,CM,BSE,STK,531049,INE741D01015,NEELKAN,Z,,,,,NEELKANTH ROCKMINERALS LTD.,58.47,58.47,58.00,58.00,58.00,57.33,,58.00,,,2100,122434.00,11,F1,1,,,,,
2026-09-04,2026-09-04,CM,BSE,STK,531051,INE153C01015,VINTAGES,X,,,,,VINTAGE SECURITIES LTD.,14.39,14.39,14.39,14.39,14.39,15.14,,14.39,,,850,12231.00,10,F1,1,,,,,
2026-09-04,2026-09-04,CM,BSE,STK,531067,INE080G01029,CONTILI,X,,,,,CONTIL INDIA LTD.,22.88,22.88,19.80,19.91,19.91,19.61,,19.91,,,8075,167996.00,61,F1,1,,,,,
2026-09-04,2026-09-04,CM,BSE,STK,531080,INE997I01012,SHRIKRISH,B,,,,,SHRI KRISHNA DEVCON LTD.,40.80,40.80,40.56,40.57,40.57,40.89,,39.79,,,22,893.00,3,F1,1,,,,,
2026-09-04,2026-09-04,CM,BSE,STK,531082,INE914E01040,ALANKIT,B,,,,,ALANKIT,7.82,8.18,7.82,8.14,8.16,8.04,,8.14,,,27630,224128.00,208,F1,1,,,,,
2026-09-04,2026-09-04,CM,BSE,STK,531083,INE876E01033,NIHARINF,X,,,,,NIHAR INFO GLOBAL LTD.,7.29,7.29,6.62,6.62,6.62,6.96,,6.62,,,1660,11016.00,10,F1,1,,,,,
2026-09-04,2026-09-04,CM,BSE,STK,531091,INE858C01027,UNITDCR,X,,,,,UNITED CREDIT LTD.,22.55,22.60,22.55,22.60,22.60,22.59,,22.60,,,167,3770.00,3,F1,1,,,,,
2026-09-04,2026-09-04,CM,BSE,STK,531092,INE239D01028,OMINFRAL,B,,,,,OM INFRA LIMITED,81.61,86.10,81.52,84.31,84.50,82.83,,84.42,,,13643,1140437.00,272,F1,1,,,,,
2026-09-04,2026-09-04,CM,BSE,STK,531099,INE396H01019,CENTUPLE,XT,,,,,CENTUPLE GLOBAL LIMITED,37.21,37.41,35.72,35.72,35.72,37.59,,35.72,,,1457,52208.00,21,F1,1,,,,,
2026-09-04,2026-09-04,CM,BSE,STK,531109,INE561M01018,ISHANCH,B,,,,,Ishan Dyes and Chemicals Limit,45.12,46.04,43.91,44.15,44.40,45.34,,44.28,,,3400,152805.00,216,F1,1,,,,,
2026-09-04,2026-09-04,CM,BSE,STK,531112,INE011E01029,BALUFORGE,A,,,,,BALU FORGE INDUSTRIES LIMITED,574.00,585.25,564.00,574.40,574.40,570.00,,574.11,,,39593,22749866.00,1023,F1,1,,,,,
2026-09-04,2026-09-04,CM,BSE,STK,531119,INE418D01010,CEENIK,XT,,,,,CEENIK EXPORTS (INDIA) LTD.,225.20,225.20,225.20,225.20,225.20,234.90,,225.20,,,59,13286.00,2,F1,1,,,,,
2026-09-04,2026-09-04,CM,BSE,STK,531120,INE244B01030,PATELENG,A,,,,,PATEL ENGINEERING LTD.,27.02,27.50,27.02,27.29,27.29,27.12,,27.28,,,223505,6105714.00,1434,F1,1,,,,,
2026-09-04,2026-09-04,CM,BSE,STK,531126,INE237C01016,KATIPATANG,X,,,,,KATI PATANG LIFESTYLE LIMITED,14.24,14.25,13.22,13.28,13.28,13.69,,13.28,,,489015,6690666.00,125,F1,1,,,,,
2026-09-04,2026-09-04,CM,BSE,STK,531127,INE148B01033,MENAMANI,XT,,,,,MENA MANI INDUSTRIES LIMITED,15.09,15.49,15.09,15.09,15.09,15.39,,15.09,,,528629,7997555.00,128,F1,1,,,,,
2026-09-04,2026-09-04,CM,BSE,STK,531129,INE635D01027,INANI,X,,,,,INANI MARBLES & INDUSTRIES LTD,8.85,9.30,8.82,9.30,9.30,8.91,,9.30,,,7305,66149.00,21,F1,1,,,,,
2026-09-04,2026-09-04,CM,BSE,STK,531137,INE503D01027,GEMSI,X,,,,,GEMSTONE INVESTMENTS LTD.,1.33,1.40,1.33,1.35,1.35,1.35,,1.35,,,19966,27248.00,125,F1,1,,,,,
2026-09-04,2026-09-04,CM,BSE,STK,531144,INE158F01017,ELFORGE,X,,,,,EL FORGE LTD.,18.19,18.49,18.01,18.26,18.44,18.19,,18.26,,,9999,182919.00,51,F1,1,,,,,
2026-09-04,2026-09-04,CM,BSE,STK,531146,INE646B01010,MEDICAMEQ,B,,,,,MEDICAMEN BIOTECH LTD.,261.00,277.00,261.00,270.55,272.00,260.35,,270.27,,,11446,3109735.00,670,F1,1,,,,,
2026-09-04,2026-09-04,CM,BSE,STK,531147,INE062D01024,ALICON,B,,,,,ALICON CASTALLOY LIMITED,681.75,685.60,671.00,680.75,683.35,682.05,,683.99,,,8322,5643267.00,57,F1,1,,,,,
2026-09-04,2026-09-04,CM,BSE,STK,531153,INE650C01036,DILIGENT,X,,,,,DILIGENT INDUSTRIES LTD.,2.14,2.18,2.01,2.07,2.09,2.11,,2.07,,,132913,277804.00,169,F1,1,,,,,
2026-09-04,2026-09-04,CM,BSE,STK,531155,INE601F01016,EPSOMPRO,XT,,,,,EPSOM PROPERTIES LTD.,8.61,8.61,8.36,8.36,8.36,8.20,,8.36,,,428,3635.00,7,F1,1,,,,,
2026-09-04,2026-09-04,CM,BSE,STK,531156,INE883B01027,ALFAVIO,XT,,,,,ALFAVISION OVERSEAS (INDIA) LT,13.13,13.55,12.70,12.99,13.00,12.93,,12.99,,,20851,271310.00,61,F1,1,,,,,
2026-09-04,2026-09-04,CM,BSE,STK,531157,INE412E01011,ORGCOAT,X,,,,,ORGANIC COATINGS LTD.,14.51,15.23,13.80,15.23,15.23,14.51,,15.23,,,2774,40367.00,14,F1,1,,,,,
2026-09-04,2026-09-04,CM,BSE,STK,531158,INE660B01011,CATVISION,X,,,,,CATVISION  LIMITED,20.95,20.95,18.52,19.45,19.45,20.00,,19.45,,,16448,315437.00,82,F1,1,,,,,
2026-09-04,2026-09-04,CM,BSE,STK,531162,INE548C01032,EMAMILTD,A,,,,,EMAMI LTD.,368.25,372.95,362.00,366.45,367.00,368.55,,366.06,,,62350,22735302.00,1581,F1,1,,,,,
2026-09-04,2026-09-04,CM,BSE,STK,531163,INE971L01029,KEMISTAR,X,,,,,KEMISTAR CORPORATION LIMITED,57.20,57.20,52.00,54.53,54.00,53.39,,54.53,,,1538,82853.00,32,F1,1,,,,,
2026-09-04,2026-09-04,CM,BSE,STK,531168,INE771E01010,ASSOCER,X,,,,,ASSOCIATED CERAMICS LTD.,169.00,169.00,168.00,168.00,168.00,161.50,,168.00,,,2,337.00,2,F1,1,,,,,
2026-09-04,2026-09-04,CM,BSE,STK,531169,INE709B01016,SKPSEC,X,,,,,SKP SECURITIES LTD.,106.45,106.45,101.00,102.45,102.40,102.35,,102.45,,,1336,137033.00,34,F1,1,,,,,
2026-09-04,2026-09-04,CM,BSE,STK,531173,INE121D01036,SYSCHEM,X,,,,,SYSCHEM (INDIA) LTD.,31.28,33.00,30.68,31.94,32.10,30.68,,31.94,,,27199,856851.00,175,F1,1,,,,,
2026-09-04,2026-09-04,CM,BSE,STK,531176,INE186C01023,MEFCOMCAP,X,,,,,MEFCOM CAPITAL MARKETS LTD.,12.00,12.15,11.51,12.15,12.15,11.88,,12.15,,,26130,314419.00,55,F1,1,,,,,
2026-09-04,2026-09-04,CM,BSE,STK,531178,INE930A01010,HEMANG,X,,,,,HEMANG RESOURCES LIMITED,9.69,9.69,9.03,9.07,9.10,9.50,,9.07,,,7446,67640.00,37,F1,1,,,,,
2026-09-04,2026-09-04,CM,BSE,STK,531179,INE109C01017,ARMANFIN,B,,,,,ARMAN FINANCIAL SERVICES LTD.,1992.75,2085.00,1991.60,2069.60,2070.90,1998.95,,2069.31,,,2940,6035038.00,355,F1,1,,,,,
2026-09-04,2026-09-04,CM,BSE,STK,531191,INE589N01017,FILTRON,XT,,,,,FILTRON ENGINEERS LTD.,77.00,77.00,76.50,76.50,76.50,77.76,,76.50,,,3,230.00,2,F1,1,,,,,
2026-09-04,2026-09-04,CM,BSE,STK,531199,INE580D01017,GLANCE,X,,,,,GLANCE FINANCE LTD.,170.00,170.00,169.00,170.00,170.00,168.00,,170.00,,,211,35860.00,3,F1,1,,,,,
2026-09-04,2026-09-04,CM,BSE,STK,531201,INE024F01011,SHILCTECH,B,,,,,SHILCHAR TECHNOLOGIES LTD.,4099.95,4102.05,4030.70,4053.40,4059.20,4055.55,,4064.79,,,1401,5720240.00,275,F1,1,,,,,
2026-09-04,2026-09-04,CM,BSE,STK,531205,INE179O01031,SPRIGHT,X,,,,,SPRIGHT AGRO LIMITED,0.38,0.39,0.38,0.39,0.39,0.38,,0.39,,,3125787,1201803.00,781,F1,1,,,,,
2026-09-04,2026-09-04,CM,BSE,STK,531209,INE096B01018,NUCLEUS,B,,,,,NUCLEUS SOFTWARE EXPORTS LTD.,741.30,743.75,726.10,727.80,727.60,740.00,,729.01,,,1455,1065903.00,125,F1,1,,,,,
2026-09-04,2026-09-04,CM,BSE,STK,531210,INE923C01011,COLINZ,XT,,,,,COLINZ LABORATORIES LTD.,72.93,73.65,72.56,72.56,72.56,71.50,,72.56,,,47,3431.00,4,F1,1,,,,,
2026-09-04,2026-09-04,CM,BSE,STK,531212,INE606C01012,NLFL,X,,,,,NALIN LEASE FINANCE LTD.,37.56,41.84,37.56,40.54,41.00,39.49,,40.54,,,1284,49605.00,59,F1,1,,,,,
2026-09-04,2026-09-04,CM,BSE,STK,531213,INE522D01027,MANAPPURAM,A,,,,,Manappuram Finance Ltd,343.10,345.10,338.55,339.30,339.30,336.30,,339.70,,,135263,46131397.00,2877,F1,1,,,,,
2026-09-04,2026-09-04,CM,BSE,STK,531215,INE005C01017,RTSPOWR,B,,,,,RTS POWER CORPORATION LTD.,93.59,93.59,88.80,89.65,89.65,92.30,,88.96,,,5347,482343.00,50,F1,1,,,,,
2026-09-04,2026-09-04,CM,BSE,STK,531216,INE819A01049,COMFINTE,B,,,,,COMFORT INTECH LTD.,6.13,6.40,6.11,6.16,6.16,6.18,,6.20,,,31499,194003.00,90,F1,1,,,,,
2026-09-04,2026-09-04,CM,BSE,STK,531223,INE364D01032,ANJANI,X,,,,,ANJANI SYNTHETICS LTD.,26.50,27.90,26.25,27.35,27.35,27.20,,27.35,,,1630,43299.00,41,F1,1,,,,,
2026-09-04,2026-09-04,CM,BSE,STK,531225,INE547B01028,XTGLOBAL,B,,,,,XTGLOBAL INFOTECH LIMITED,33.88,33.88,31.05,31.45,31.35,31.54,,31.68,,,12202,386532.00,185,F1,1,,,,,
2026-09-04,2026-09-04,CM,BSE,STK,531227,INE907E01010,DECOMIC,X,,,,,DECO-MICA LTD.,60.91,60.91,56.81,56.81,56.81,58.01,,56.81,,,2,117.00,2,F1,1,,,,,
2026-09-04,2026-09-04,CM,BSE,STK,531228,INE821D01031,RANDER,XT,,,,,RANDER CORPORATION LTD.,13.87,13.87,13.00,13.40,13.40,13.60,,13.40,,,883,11548.00,7,F1,1,,,,,
2026-09-04,2026-09-04,CM,BSE,STK,531233,INE822D01021,RASIELEC,X,,,,,RASI ELECTRODES LTD.,12.16,12.50,12.00,12.37,12.30,12.23,,12.37,,,18530,227162.00,99,F1,1,,,,,
2026-09-04,2026-09-04,CM,BSE,STK,531234,INE962E01015,SCOOBEEDAY,X,,,,,SCOOBEE DAY GARMENTS (INDIA) L,65.98,65.98,65.89,65.89,65.89,63.05,,65.89,,,139,9164.00,8,F1,1,,,,,
2026-09-04,2026-09-04,CM,BSE,STK,531235,INE494D01011,CITIPOR,X,,,,,CITIPORT FINANCIAL SERVICES LT,48.00,48.00,48.00,48.00,48.00,48.00,,48.00,,,7,336.00,3,F1,1,,,,,
2026-09-04,2026-09-04,CM,BSE,STK,531237,INE972E01014,DHRUVCA,X,,,,,DHRUVA CAPITAL SERVICES LTD.,87.50,87.50,82.38,86.20,87.00,86.71,,86.20,,,13344,1151165.00,26,F1,1,,,,,
2026-09-04,2026-09-04,CM,BSE,STK,531241,INE802B01027,LINC,B,,,,,LINC LIMITED,99.85,99.85,94.05,95.21,95.21,94.31,,95.08,,,561,53113.00,20,F1,1,,,,,
2026-09-04,2026-09-04,CM,BSE,STK,531246,INE723N01012,PRIMAIN,X,,,,,PRIMA INDUSTRIES LTD.,17.42,17.42,17.42,17.42,17.42,17.34,,17.42,,,376,6549.00,3,F1,1,,,,,
2026-09-04,2026-09-04,CM,BSE,STK,531253,INE342D01012,INDGELA,X,,,,,INDIA GELATINE & CHEMICALS LTD,367.00,373.35,363.00,367.00,367.00,364.90,,367.00,,,1827,669998.00,31,F1,1,,,,,
2026-09-04,2026-09-04,CM,BSE,STK,531254,INE031G01022,OPTIFIN,B,,,,,Optimus Finance Limited,15.48,15.80,14.26,14.77,14.77,14.99,,14.79,,,94691,1442354.00,347,F1,1,,,,,
2026-09-04,2026-09-04,CM,BSE,STK,531255,INE015E01012,PARAGONF,X,,,,,PARAGON FINANCE LTD.,50.73,56.66,50.73,53.69,53.69,50.72,,53.69,,,965,50352.00,15,F1,1,,,,,
2026-09-04,2026-09-04,CM,BSE,STK,531257,INE530D01012,VELLORA,X,,,,,VELLORA IMPACT LIMITED,12.72,12.99,12.09,12.43,12.50,12.72,,12.43,,,68728,843007.00,178,F1,1,,,,,
2026-09-04,2026-09-04,CM,BSE,STK,531259,INE328F01016,ESHAMEDIA,XT,,,,,ESHA MEDIA RESEARCH LIMITED,41.00,41.00,40.87,40.87,40.87,41.70,,40.87,,,76,3112.00,3,F1,1,,,,,
2026-09-04,2026-09-04,CM,BSE,STK,531262,INE060N01019,EQUILATERA,X,,,,,EQUILATERAL ENTERPRISES LIMITE,11.47,12.67,11.47,11.47,11.47,12.07,,11.47,,,73849,847342.00,83,F1,1,,,,,
2026-09-04,2026-09-04,CM,BSE,STK,531266,INE764D01017,VSTTILLERS,B,,,,,V.S.T.TILLERS TRACTORS LTD.,4190.00,4225.00,4173.90,4192.50,4173.90,4174.85,,4187.87,,,221,927453.00,68,F1,1,,,,,
2026-09-04,2026-09-04,CM,BSE,STK,531268,INE151B01011,B2BSOFT,X,,,,,B2B SOFTWARE TECHNOLOGIES LTD.,22.92,23.49,22.30,22.46,22.93,22.92,,22.46,,,9393,214141.00,146,F1,1,,,,,
2026-09-04,2026-09-04,CM,BSE,STK,531273,INE986B01044,RADHEDE,X,,,,,RADHE DEVELOPERS (INDIA) LTD.,1.40,1.45,1.40,1.45,1.45,1.40,,1.45,,,192671,276105.00,143,F1,1,,,,,
2026-09-04,2026-09-04,CM,BSE,STK,531274,INE674M01019,KINETRU,XT,,,,,KINETIC TRUST LTD.,55.78,55.78,55.78,55.78,55.78,58.71,,55.78,,,46,2565.00,2,F1,1,,,,,
2026-09-04,2026-09-04,CM,BSE,STK,531278,INE785D01012,ELIXIR,X,,,,,Elixir Capital Limited,101.90,106.00,101.00,102.00,102.00,101.90,,102.00,,,2347,243370.00,21,F1,1,,,,,
2026-09-04,2026-09-04,CM,BSE,STK,531279,INE238C01022,TRISHAKT,XT,,,,,Trishakti Industries Limited,245.80,245.80,234.65,237.45,239.35,246.95,,237.45,,,65718,15513015.00,424,F1,1,,,,,
2026-09-04,2026-09-04,CM,BSE,STK,531280,INE698B01011,PANKAJPO,XT,,,,,PANKAJ POLYMERS LTD.,162.40,162.45,162.40,162.45,162.45,154.75,,162.45,,,16627,2701051.00,54,F1,1,,,,,
2026-09-04,2026-09-04,CM,BSE,STK,531281,INE807H01023,MARBLE,X,,,,,MARBLE CITY INDIA LIMITED,113.90,113.90,101.05,102.50,103.00,106.05,,102.50,,,427810,43922143.00,146,F1,1,,,,,
2026-09-04,2026-09-04,CM,BSE,STK,531283,INE897D01015,CINDRELL,X,,,,,CINDRELLA FINANCIAL SERVICES L,10.00,10.00,10.00,10.00,10.00,10.00,,10.00,,,150,1500.00,3,F1,1,,,,,
2026-09-04,2026-09-04,CM,BSE,STK,531287,INE896D01017,NATPLASTI,X,,,,,NATIONAL PLASTIC TECHNOLOGIES,229.95,229.95,215.50,217.15,217.00,223.00,,217.15,,,585,128896.00,40,F1,1,,,,,
2026-09-04,2026-09-04,CM,BSE,STK,531288,INE531D01010,LEADFIN,X,,,,,LEAD FINANCIAL SERVICES LTD.,16.80,16.80,16.20,16.20,16.20,17.00,,16.20,,,138,2311.00,5,F1,1,,,,,
2026-09-04,2026-09-04,CM,BSE,STK,531289,INE643C01015,NATFIT,X,,,,,NATIONAL FITTINGS LIMITED,224.00,234.65,224.00,234.65,234.65,223.50,,234.65,,,13078,3036104.00,71,F1,1,,,,,
2026-09-04,2026-09-04,CM,BSE,STK,531297,INE885B01014,ARTEFACT,X,,,,,ARTEFACT PROJECTS LTD.,55.00,55.79,53.65,54.50,54.50,55.00,,54.50,,,973,53307.00,19,F1,1,,,,,
2026-09-04,2026-09-04,CM,BSE,STK,531301,INE319M01011,TUSALDAH,X,,,,,TUSALDAH LIMITED,115.00,124.75,114.00,115.00,115.00,120.00,,115.00,,,1039,119207.00,37,F1,1,,,,,
2026-09-04,2026-09-04,CM,BSE,STK,531304,INE960H01012,NUTECGLOB,X,,,,,NUTECH GLOBAL LTD.,25.22,25.22,25.22,25.22,25.22,25.34,,25.22,,,25,630.00,1,F1,1,,,,,
2026-09-04,2026-09-04,CM,BSE,STK,531306,INE590D01016,DHPIND,X,,,,,DHP INDIA LTD.,503.00,519.95,503.00,512.05,512.05,512.20,,512.05,,,1513,776458.00,42,F1,1,,,,,
2026-09-04,2026-09-04,CM,BSE,STK,531307,INE951M01037,RRIL,B,,,,,RRIL LIMITED,17.43,17.43,16.51,16.60,16.60,16.58,,16.65,,,4724,78812.00,21,F1,1,,,,,
2026-09-04,2026-09-04,CM,BSE,STK,531310,INE325G01010,AVAILFC,B,,,,,AVAILABLE FINANCE LTD.,144.00,148.20,143.10,144.10,145.80,145.35,,144.10,,,3254,471714.00,58,F1,1,,,,,
2026-09-04,2026-09-04,CM,BSE,STK,531319,INE368C01019,MGIL,X,,,,,MARUTI GLOBAL INDUSTRIES LIMIT,38.40,38.40,35.40,36.10,36.45,35.61,,36.10,,,5469,197683.00,83,F1,1,,,,,
2026-09-04,2026-09-04,CM,BSE,STK,531322,INE293B01029,HAVISHA,B,,,,,SRI HAVISHA HOSPITALITY INFRAS,1.62,1.62,1.40,1.43,1.43,1.35,,1.41,,,9672,15255.00,31,F1,1,,,,,
2026-09-04,2026-09-04,CM,BSE,STK,531323,INE250D01017,JAYIND,X,,,,,JAYATMA INDUSTRIES LIMITED,13.27,13.27,13.27,13.27,13.27,12.64,,13.27,,,13,172.00,4,F1,1,,,,,
2026-09-04,2026-09-04,CM,BSE,STK,531324,INE475C01012,ROSELABS,X,,,,,ROSELABS FINANCE LTD.,21.85,23.75,21.85,21.85,21.85,23.00,,21.85,,,1246,27304.00,22,F1,1,,,,,
2026-09-04,2026-09-04,CM,BSE,STK,531328,INE128R01023,KRETTOSYS,X,,,,,KRETTO SYSCON LIMITED,0.45,0.45,0.43,0.44,0.44,0.45,,0.44,,,1714475,750705.00,530,F1,1,,,,,
2026-09-04,2026-09-04,CM,BSE,STK,531335,INE768C01028,ZYDUSWELL,A,,,,,ZYDUS WELLNESS LTD.,538.25,546.50,526.70,529.85,527.40,538.50,,531.62,,,24828,13423705.00,1254,F1,1,,,,,
2026-09-04,2026-09-04,CM,BSE,STK,531338,INE151H01018,MILESTONE,X,,,,,MILESTONE GLOBAL LTD.,17.30,17.31,17.30,17.31,17.31,18.14,,17.31,,,26,449.00,3,F1,1,,,,,
2026-09-04,2026-09-04,CM,BSE,STK,531340,INE348I01018,BERVINL,X,,,,,BERVIN INVESTMENT & LEASING LT,55.50,55.50,55.23,55.23,55.23,52.99,,55.23,,,152,8435.00,7,F1,1,,,,,
2026-09-04,2026-09-04,CM,BSE,STK,531341,INE373D01017,GUJINV,X,,,,,GUJARAT INVESTA LTD.,13.65,13.65,13.65,13.65,13.65,14.00,,13.65,,,119,1624.00,4,F1,1,,,,,
2026-09-04,2026-09-04,CM,BSE,STK,531344,INE111A01025,CONCOR,A,,,,,CONTAINER CORPORATION OF INDIA,508.55,509.50,502.20,506.00,506.00,507.50,,507.93,,,32867,16612618.00,1317,F1,1,,,,,
2026-09-04,2026-09-04,CM,BSE,STK,531346,INE500D01015,EASTRED,X,,,,,EASTERN TREADS LTD.,30.00,32.00,26.51,30.68,30.68,30.00,,30.68,,,1505,43570.00,15,F1,1,,,,,
2026-09-04,2026-09-04,CM,BSE,STK,531349,INE922B01023,PANACEABIO,B,,,,,PANACEA BIOTEC LTD.,390.05,392.00,380.10,381.20,381.25,389.35,,381.25,,,1799,691386.00,126,F1,1,,,,,
2026-09-04,2026-09-04,CM,BSE,STK,531357,INE763M01028,MERCURYEV,B,,,,,MERCURY EV-TECH LIMITED,36.58,37.74,36.12,36.69,37.04,37.14,,36.72,,,19174,706529.00,480,F1,1,,,,,
2026-09-04,2026-09-04,CM,BSE,STK,531358,INE102B01014,CHOICEIN,A,,,,,CHOICE INTERNATIONAL LTD.,768.50,780.45,757.50,760.75,761.50,767.40,,760.95,,,10410,7967876.00,398,F1,1,,,,,
2026-09-04,2026-09-04,CM,BSE,STK,531359,INE777G01012,SRAMSET,X,,,,,SHRIRAM ASSET MANAGEMENT CO.LT,272.05,278.50,269.00,270.15,274.85,274.10,,270.15,,,1006,272612.00,77,F1,1,,,,,
2026-09-04,2026-09-04,CM,BSE,STK,531364,INE005E01013,EKANSH,X,,,,,Ekansh Concepts Limited,208.00,211.50,205.00,209.00,209.00,209.00,,209.00,,,574,119423.00,14,F1,1,,,,,
2026-09-04,2026-09-04,CM,BSE,STK,531370,INE960B01015,SPAR,X,,,,,SPARC ELECTREX LIMITED,4.88,4.88,4.30,4.46,4.48,4.55,,4.46,,,24530,109498.00,78,F1,1,,,,,
2026-09-04,2026-09-04,CM,BSE,STK,531373,INE319B01014,BYKE,T,,,,,THE BYKE HOSPITALITY LTD.,31.03,32.48,31.03,31.52,31.52,32.00,,32.11,,,79,2483.00,7,F1,1,,,,,
2026-09-04,2026-09-04,CM,BSE,STK,531380,INE405H01018,CSURGSU,X,,,,,CENTENIAL SURGICAL SUTURE LTD.,92.73,92.73,92.50,92.50,92.50,92.73,,92.50,,,21,1944.00,6,F1,1,,,,,
2026-09-04,2026-09-04,CM,BSE,STK,531381,INE413D01011,ARIHANT,B,,,,,ARIHANT FOUNDATIONS & HOUSING,949.30,999.00,920.50,957.90,999.00,922.35,,954.42,,,324,310068.00,56,F1,1,,,,,
2026-09-04,2026-09-04,CM,BSE,STK,531387,INE671D01014,HASTIFIN,XT,,,,,HASTI FINANCE LTD.,8.00,8.00,8.00,8.00,8.00,8.00,,8.00,,,105,840.00,3,F1,1,,,,,
2026-09-04,2026-09-04,CM,BSE,STK,531390,INE890B01014,UPSURGE,X,,,,,UPSURGE INVESTMENT & FINANCE L,66.50,69.00,66.50,66.81,66.56,67.29,,66.81,,,4443,299732.00,45,F1,1,,,,,
2026-09-04,2026-09-04,CM,BSE,STK,531395,INE448D01025,PADAMCO,XT,,,,,PADAM COTTON YARNS LTD.,1.03,1.03,1.00,1.03,1.03,1.02,,1.03,,,258364,263829.00,441,F1,1,,,,,
2026-09-04,2026-09-04,CM,BSE,STK,531396,INE905B01010,WOMENNET,X,,,,,WOMEN NETWORKS LTD.,8.40,8.40,7.98,8.40,8.40,8.40,,8.40,,,948,7615.00,9,F1,1,,,,,
2026-09-04,2026-09-04,CM,BSE,STK,531398,INE679C01027,SOURCENTRL,X,,,,,SOURCE NATURAL FOODS & HERBAL,105.00,109.75,105.00,106.55,109.70,107.05,,106.55,,,13895,1470611.00,102,F1,1,,,,,
2026-09-04,2026-09-04,CM,BSE,STK,531399,INE493B01017,GGAUTO,X,,,,,G.G.AUTOMOTIVE GEARS LTD.,165.00,168.00,162.50,163.50,163.05,163.40,,163.50,,,4625,755504.00,72,F1,1,,,,,
2026-09-04,2026-09-04,CM,BSE,STK,531400,INE326B01035,ALMONDZ,B,,,,,ALMONDZ GLOBAL SECURITIES LTD.,17.80,18.05,17.41,17.76,17.99,17.64,,17.88,,,40112,713927.00,127,F1,1,,,,,
2026-09-04,2026-09-04,CM,BSE,STK,531402,INE281M01013,LWSKNIT,X,,,,,LWS KNITWEAR LTD.,18.99,19.00,17.05,17.83,17.78,18.44,,17.83,,,47245,855714.00,274,F1,1,,,,,
2026-09-04,2026-09-04,CM,BSE,STK,531406,INE234J01018,ANSINDUS,XT,,,,,ANS INDUSTRIES LTD,31.63,31.63,31.63,31.63,31.63,30.13,,31.63,,,963,30459.00,7,F1,1,,,,,
2026-09-04,2026-09-04,CM,BSE,STK,531411,INE560D01027,TUNITEX,X,,,,,TUNI TEXTILE MILLS LTD.,0.99,1.04,0.97,0.99,1.00,0.98,,0.99,,,208954,206604.00,144,F1,1,,,,,
2026-09-04,2026-09-04,CM,BSE,STK,531412,INE576N01014,RADIXIND,X,,,,,RADIX INDUSTRIES (INDIA) LIMIT,152.45,152.45,152.00,152.30,152.35,154.00,,152.30,,,40,6091.00,4,F1,1,,,,,
2026-09-04,2026-09-04,CM,BSE,STK,531416,INE603F01012,NARPROP,X,,,,,NARENDRA PROPERTIES LTD.,39.47,39.47,38.49,38.55,38.55,38.79,,38.55,,,3500,135866.00,30,F1,1,,,,,
2026-09-04,2026-09-04,CM,BSE,STK,531417,INE804B01023,MEGACOR,X,,,,,MEGA CORPORATION LTD.,2.67,2.73,2.43,2.67,2.60,2.66,,2.67,,,71536,188850.00,108,F1,1,,,,,
2026-09-04,2026-09-04,CM,BSE,STK,531420,INE644K01016,BMBMUMG,XT,,,,,BMB MUSIC & MAGNETICS LTD.,7.35,7.35,7.30,7.30,7.30,7.00,,7.30,,,178,1305.00,13,F1,1,,,,,
2026-09-04,2026-09-04,CM,BSE,STK,531426,INE107A01015,TNPL,B,,,,,TAMIL NADU NEWSPRINT & PAPERS,154.45,158.65,152.45,155.65,156.10,154.45,,155.74,,,25016,3891407.00,480,F1,1,,,,,
2026-09-04,2026-09-04,CM,BSE,STK,531431,INE908D01010,SHAKTIPUMP,A,,,,,SHAKTI PUMPS (INDIA) LTD.,468.25,482.35,468.25,472.90,472.90,472.35,,472.99,,,49808,23662080.00,1467,F1,1,,,,,
2026-09-04,2026-09-04,CM,BSE,STK,531433,INE271D01013,SUNGOLD,X,,,,,SUNGOLD CAPITAL LTD.,2.62,2.88,2.62,2.84,2.84,2.90,,2.84,,,10144,28791.00,13,F1,1,,,,,
2026-09-04,2026-09-04,CM,BSE,STK,531436,INE474D01013,SAFFRON,X,,,,,SAFFRON INDUSTRIES LIMITED,24.01,26.08,24.01,26.04,26.04,26.08,,26.04,,,2402,59950.00,38,F1,1,,,,,
2026-09-04,2026-09-04,CM,BSE,STK,531437,INE523I01016,PWASML,X,,,,,Prakash Woollen & Synthetic Mi,22.44,22.44,21.17,22.08,22.00,22.48,,22.08,,,3057,66674.00,34,F1,1,,,,,
2026-09-04,2026-09-04,CM,BSE,STK,531439,INE805A01014,GOLDTECH,T,,,,,AION TECH SOLUTIONS LIMITED,47.00,47.99,46.79,47.62,47.70,47.02,,47.09,,,1072,50383.00,11,F1,1,,,,,
2026-09-04,2026-09-04,CM,BSE,STK,531441,INE100F01019,LYONSCO,X,,,,,LYONS CORPORATE MARKET LTD.,21.20,21.20,21.20,21.20,21.20,21.20,,21.20,,,2,42.00,2,F1,1,,,,,
2026-09-04,2026-09-04,CM,BSE,STK,531449,INE192H01020,GRMOVER,B,,,,,GRM OVERSEAS LTD.,85.41,88.08,85.41,87.41,87.89,85.92,,87.52,,,289760,24983138.00,1414,F1,1,,,,,
2026-09-04,2026-09-04,CM,BSE,STK,531453,INE954E01012,MOHITIND,B,,,,,MOHIT INDUSTRIES LTD.,24.35,24.59,23.90,23.90,23.90,24.45,,23.78,,,945,22877.00,18,F1,1,,,,,
2026-09-04,2026-09-04,CM,BSE,STK,531454,INE323D01020,POLYLINK,X,,,,,POLYLINK POLYMERS (INDIA) LTD.,22.00,23.45,21.90,23.00,23.00,22.53,,23.00,,,20701,472884.00,37,F1,1,,,,,
2026-09-04,2026-09-04,CM,BSE,STK,531456,INE952C01028,MINAXI,X,,,,,MINAXI TEXTILES LTD.,1.35,1.39,1.35,1.38,1.38,1.35,,1.38,,,13130,18225.00,15,F1,1,,,,,
2026-09-04,2026-09-04,CM,BSE,STK,531458,INE109B01019,BOSTON,X,,,,,BOSTON COMMERCE LIMITED,5.20,5.20,5.20,5.20,5.20,5.20,,5.20,,,27,140.00,3,F1,1,,,,,
2026-09-04,2026-09-04,CM,BSE,STK,531460,INE545B01022,CONTICON,XT,,,,,CONTINENTAL CONTROLS LTD.,16.48,16.48,15.70,15.70,15.70,15.70,,15.70,,,1560,25277.00,16,F1,1,,,,,
2026-09-04,2026-09-04,CM,BSE,STK,531463,INE377M01043,GBLINFRA,XT,,,,,GLOBAL INFRATECH & FINANCE LIM,90.61,90.61,90.61,90.61,90.61,88.84,,90.61,,,29,2627.00,6,F1,1,,,,,
2026-09-04,2026-09-04,CM,BSE,STK,531465,INE317B01042,NOUVEAU,XT,,,,,NOUVEAU GLOBAL VENTURES LTD.,0.36,0.36,0.35,0.35,0.35,0.36,,0.35,,,93029,32736.00,44,F1,1,,,,,
2026-09-04,2026-09-04,CM,BSE,STK,531471,INE397G01019,DUKEOFS,XT,,,,,DUKE OFFSHORE LTD.,62.54,62.54,62.54,62.54,62.54,61.32,,62.54,,,1462,91433.00,12,F1,1,,,,,
2026-09-04,2026-09-04,CM,BSE,STK,531472,INE183D01010,CYBELEIND,X,,,,,CYBELE INDUSTRIES LTD.,41.00,41.00,38.00,40.89,41.00,39.16,,40.89,,,7727,307814.00,59,F1,1,,,,,
2026-09-04,2026-09-04,CM,BSE,STK,531486,INE600B01033,FILME,X,,,,,FILMCITY MEDIA LTD.,1.14,1.14,1.14,1.14,1.14,1.09,,1.14,,,7101,8095.00,18,F1,1,,,,,
2026-09-04,2026-09-04,CM,BSE,STK,531489,INE084D01010,CGVAK,B,,,,,CG-VAK SOFTWARE & EXPORTS LTD.,144.00,156.25,144.00,147.90,147.50,152.45,,148.18,,,248,36855.00,24,F1,1,,,,,
2026-09-04,2026-09-04,CM,BSE,STK,531494,INE268H01044,NAVKARURB,T,,,,,NAVKAR URBANSTRUCTURE LIMITED,0.88,0.91,0.88,0.91,0.91,0.90,,0.90,,,18931,16890.00,49,F1,1,,,,,
2026-09-04,2026-09-04,CM,BSE,STK,531495,INE472B01011,BLUECOAST,T,,,,,BLUE COAST HOTELS LTD.,20.24,22.36,20.24,20.66,20.66,21.30,,22.08,,,104,2149.00,5,F1,1,,,,,
2026-09-04,2026-09-04,CM,BSE,STK,531497,INE378D01032,MADHUCON,T,,,,,MADHUCON PROJECTS LTD.,4.88,4.90,4.70,4.70,4.70,4.78,,4.63,,,677,3204.00,9,F1,1,,,,,
2026-09-04,2026-09-04,CM,BSE,STK,531500,INE343B01030,RAJESHEXPO,Z,,,,,RAJESH EXPORTS LTD.,87.49,87.49,82.20,82.93,82.97,83.39,,83.02,,,39224,3332947.00,462,F1,1,,,,,
2026-09-04,2026-09-04,CM,BSE,STK,531502,INE404L01039,ESARIND,X,,,,,ESAAR (INDIA) LTD.,13.49,13.53,13.20,13.53,13.53,12.89,,13.53,,,485785,6557462.00,373,F1,1,,,,,
2026-09-04,2026-09-04,CM,BSE,STK,531503,INE866D01010,MARIS,X,,,,,MARIS SPINNERS LTD.,44.75,44.75,41.85,42.26,42.19,43.22,,42.26,,,3278,141977.00,47,F1,1,,,,,
2026-09-04,2026-09-04,CM,BSE,STK,531505,INE628F01019,INDERGR,XT,,,,,INDERGIRI FINANCE LTD.,25.00,25.00,23.02,23.02,23.02,24.23,,23.02,,,1020,23500.00,13,F1,1,,,,,
2026-09-04,2026-09-04,CM,BSE,STK,531506,INE561E01015,SKRABUL,X,,,,,SHUKRA BULLIONS LTD.,23.28,23.28,23.28,23.28,23.28,23.16,,23.28,,,1,23.00,1,F1,1,,,,,
2026-09-04,2026-09-04,CM,BSE,STK,531508,INE128A01029,EVEREADY,B,,,,,EVEREADY INDUSTRIES INDIA LTD.,321.95,321.95,317.00,317.20,317.00,319.35,,317.89,,,1879,597021.00,107,F1,1,,,,,
2026-09-04,2026-09-04,CM,BSE,STK,531509,INE623D01015,STEP2COR,XT,,,,,STEP TWO CORPORATION LTD.,31.45,31.45,28.50,30.80,30.80,30.00,,30.80,,,1109,31872.00,5,F1,1,,,,,
2026-09-04,2026-09-04,CM,BSE,STK,531512,INE681D01039,ORIENTTR,X,,,,,ORIENT TRADELINK LTD.,4.23,4.23,3.92,4.16,4.17,4.09,,4.16,,,535578,2222489.00,261,F1,1,,,,,
2026-09-04,2026-09-04,CM,BSE,STK,531518,INE767B01022,VIKASPROP,Z,,,,,VIKAS PROPPANT & GRANITE LTD.,0.26,0.27,0.25,0.26,0.27,0.26,,0.26,,,118361,31068.00,71,F1,1,,,,,
2026-09-04,2026-09-04,CM,BSE,STK,531525,INE849B01010,ACESOFT,XT,,,,,ACE SOFTWARE EXPORTS LTD.,199.00,203.00,192.50,202.65,202.70,199.85,,202.65,,,14559,2901488.00,100,F1,1,,,,,
2026-09-04,2026-09-04,CM,BSE,STK,531529,INE562E01021,SOFTRAKV,XT,,,,,SOFTRAK VENTURE INVESTMENT LTD,1.50,1.50,1.40,1.48,1.48,1.46,,1.48,,,15295,22178.00,42,F1,1,,,,,
2026-09-04,2026-09-04,CM,BSE,STK,531530,INE658E01027,BETALA,XT,,,,,BETALA GLOBAL SECURITIES LTD.,35.75,35.75,35.75,35.75,35.75,34.05,,35.75,,,15664,559988.00,26,F1,1,,,,,
2026-09-04,2026-09-04,CM,BSE,STK,531531,INE473B01035,HATSUN,A,,,,,HATSUN AGRO PRODUCT LTD.,1165.00,1183.85,1124.45,1169.25,1159.00,1162.80,,1168.83,,,7745,8921071.00,712,F1,1,,,,,
2026-09-04,2026-09-04,CM,BSE,STK,531533,INE578B01015,ACCEDERE,XT,,,,,ACCEDERE LIMITED,47.10,47.10,47.10,47.10,47.10,49.57,,47.10,,,1717,80870.00,17,F1,1,,,,,
2026-09-04,2026-09-04,CM,BSE,STK,531537,INE681K01026,MIZVEN,XT,,,,,MIZZEN VENTURES LIMITED,38.00,38.00,37.25,38.00,38.00,39.21,,38.00,,,8425,318117.00,36,F1,1,,,,,
2026-09-04,2026-09-04,CM,BSE,STK,531539,INE864D01015,RISHDIGA,X,,,,,RISHABH DIGHA STEEL & ALLIED P,34.20,37.47,34.20,34.20,34.20,35.99,,34.20,,,35,1204.00,8,F1,1,,,,,
2026-09-04,2026-09-04,CM,BSE,STK,531540,INE392G01028,MAINFRA,X,,,,,MARUTI INFRASTRUCTURE LTD.,11.08,11.08,10.64,10.76,10.73,10.86,,10.76,,,8794,95236.00,88,F1,1,,,,,
2026-09-04,2026-09-04,CM,BSE,STK,531541,INE881A01015,KOBO,Z,,,,,KOBO BIOTECH LIMITED,5.09,5.10,5.09,5.10,5.10,5.19,,5.10,,,9818,49994.00,19,F1,1,,,,,
2026-09-04,2026-09-04,CM,BSE,STK,531543,INE247D01039,JINDWORLD,B,,,,,JINDAL WORLDWIDE LTD.,49.50,57.06,49.01,57.01,57.01,47.55,,57.51,,,13806912,737716309.00,23601,F1,1,,,,,
2026-09-04,2026-09-04,CM,BSE,STK,531548,INE355A01028,SOMANYCERA,B,,,,,SOMANY CERAMICS LTD.,569.25,572.70,552.30,556.55,556.95,569.25,,557.33,,,3293,1851144.00,175,F1,1,,,,,
2026-09-04,2026-09-04,CM,BSE,STK,531550,INE865D01012,JHACC,X,,,,,JHAVERI CREDITS & CAPITAL LTD.,171.00,173.90,165.00,170.85,173.10,173.90,,170.85,,,2498,425751.00,70,F1,1,,,,,
2026-09-04,2026-09-04,CM,BSE,STK,531552,INE754B01012,RAGHUTOB,X,,,,,RAGHUNATH TOBACCO CO.LTD.,13.20,13.65,12.22,13.03,13.65,12.97,,13.03,,,985,12411.00,19,F1,1,,,,,
2026-09-04,2026-09-04,CM,BSE,STK,531553,INE193D01019,DRL,XT,,,,,DISHA RESOURCES LIMITED,38.36,38.36,35.00,37.76,37.76,36.83,,37.76,,,1659,60335.00,10,F1,1,,,,,
2026-09-04,2026-09-04,CM,BSE,STK,531556,INE558D01021,CORALFINAC,B,,,,,CORAL INDIA FINANCE & HOUSING,34.00,34.00,32.95,33.12,33.12,32.95,,33.47,,,427,14390.00,31,F1,1,,,,,
2026-09-04,2026-09-04,CM,BSE,STK,531557,INE137E01014,AMITSEC,X,,,,,AMIT SECURITIES LTD.,46.20,46.20,41.80,41.80,41.80,44.00,,41.80,,,64,2683.00,6,F1,1,,,,,
2026-09-04,2026-09-04,CM,BSE,STK,531569,INE860D01013,SANJIVIN,X,,,,,SANJIVANI PARANTERAL LTD.,189.50,197.85,187.50,189.60,187.50,190.45,,189.60,,,6850,1301722.00,79,F1,1,,,,,
2026-09-04,2026-09-04,CM,BSE,STK,531572,INE863D01017,RANJITSE,XT,,,,,RANJIT SECURITIES LTD.,59.78,59.78,59.78,59.78,59.78,60.30,,59.78,,,2,119.00,2,F1,1,,,,,
2026-09-04,2026-09-04,CM,BSE,STK,531574,INE192C01013,VASINFRA,XT,,,,,VAS INFRASTRUCTURE LTD.,8.14,8.14,7.59,7.59,7.59,7.98,,7.59,,,123,939.00,7,F1,1,,,,,
2026-09-04,2026-09-04,CM,BSE,STK,531578,INE580H01026,KMFBLDR,X,,,,,KMF BUILDERS & DEVELOPERS LTD.,7.21,7.21,7.21,7.21,7.21,7.58,,7.21,,,1605,11572.00,5,F1,1,,,,,
2026-09-04,2026-09-04,CM,BSE,STK,531582,INE508J01015,BERYLSE,X,,,,,BERYL SECURITIES LTD.,31.19,31.19,28.26,28.26,28.26,29.74,,28.26,,,4077,117127.00,25,F1,1,,,,,
2026-09-04,2026-09-04,CM,BSE,STK,531583,INE483D01014,RAP,X,,,,,RAP CORP LIMITED,33.40,34.50,30.46,33.61,33.60,33.08,,33.61,,,2921,96732.00,55,F1,1,,,,,
2026-09-04,2026-09-04,CM,BSE,STK,531591,INE802A01037,BAMPSL,X,,,,,BAMPSL SECURITIES LTD.,19.00,19.00,18.00,18.19,18.00,18.30,,18.19,,,18257,336486.00,56,F1,1,,,,,
2026-09-04,2026-09-04,CM,BSE,STK,531592,INE861N01036,GENPHARMA,X,,,,,GENPHARMASEC LIMITED,1.26,1.33,1.23,1.25,1.26,1.24,,1.25,,,1191433,1525223.00,416,F1,1,,,,,
2026-09-04,2026-09-04,CM,BSE,STK,531594,INE507D01010,INCON,XT,,,,,INCON ENGINEERS LTD.,27.31,27.31,27.31,27.31,27.31,27.31,,27.31,,,270,7373.00,8,F1,1,,,,,
2026-09-04,2026-09-04,CM,BSE,STK,531595,INE180C01042,CGCL,A,,,,,CAPRI GLOBAL CAPITAL LIMITED,274.45,284.75,271.60,280.50,280.50,271.75,,279.93,,,539911,149158361.00,7755,F1,1,,,,,
2026-09-04,2026-09-04,CM,BSE,STK,531599,INE258B01022,FDC,B,,,,,FDC LTD.,344.90,352.15,341.50,342.65,342.50,341.60,,342.80,,,5674,1968201.00,292,F1,1,,,,,
2026-09-04,2026-09-04,CM,BSE,STK,531600,INE832C01014,GOGIACAPGL,X,,,,,GOGIA CAPITAL GROWTH LIMITED,50.00,50.00,50.00,50.00,50.00,50.00,,50.00,,,16484,824200.00,16,F1,1,,,,,
2026-09-04,2026-09-04,CM,BSE,STK,531608,INE792J01015,GORANIN,X,,,,,GORANI INDUSTRIES LTD.,48.50,48.50,45.70,48.20,48.20,48.75,,48.20,,,29,1389.00,10,F1,1,,,,,
2026-09-04,2026-09-04,CM,BSE,STK,531609,INE902G01016,KGPETRO,X,,,,,KG PETROCHEM LTD.,156.00,168.35,156.00,156.00,156.00,160.35,,156.00,,,1634,255248.00,6,F1,1,,,,,
2026-09-04,2026-09-04,CM,BSE,STK,531613,INE100C01024,MAL,XT,,,,,Meyer Apparel Limited,2.47,2.49,2.47,2.49,2.49,2.52,,2.49,,,5724,14145.00,9,F1,1,,,,,
2026-09-04,2026-09-04,CM,BSE,STK,531624,INE695B01025,COUNCODOS,T,,,,,COUNTRY CONDOS LTD.,6.56,6.65,6.51,6.59,6.52,6.69,,6.51,,,5923,38896.00,24,F1,1,,,,,
2026-09-04,2026-09-04,CM,BSE,STK,531626,INE628B01034,OROSMITHS,XT,,,,,OROSIL SMITHS INDIA LTD.,6.30,6.50,6.30,6.35,6.37,6.49,,6.35,,,17625,112539.00,122,F1,1,,,,,
2026-09-04,2026-09-04,CM,BSE,STK,531628,INE173E01019,TEJASSVI,XT,,,,,TEJASSVI AAHARAM LIMITED,65.28,65.28,62.65,65.00,65.00,65.94,,65.00,,,2180,137010.00,24,F1,1,,,,,
2026-09-04,2026-09-04,CM,BSE,STK,531633,INE405C01035,LINCOLN,B,,,,,LINCOLN PHARMACEUTICALS LTD.,622.05,626.00,616.65,618.75,619.00,622.90,,620.53,,,3608,2238548.00,178,F1,1,,,,,
2026-09-04,2026-09-04,CM,BSE,STK,531635,INE870J01019,SILVOAK,X,,,,,SILVER OAK (INDIA) LTD.,68.59,80.00,68.59,75.99,75.99,69.99,,75.99,,,205,15789.00,19,F1,1,,,,,
2026-09-04,2026-09-04,CM,BSE,STK,531637,INE722B01019,PRAVEG,B,,,,,PRAVEG LIMITED,261.00,271.70,260.00,266.30,266.00,262.10,,266.16,,,14234,3783122.00,794,F1,1,,,,,
2026-09-04,2026-09-04,CM,BSE,STK,531638,INE713C01016,SURAJLTD,B,,,,,SURAJ LTD.,201.30,203.00,201.30,202.50,201.30,203.05,,201.88,,,200,40430.00,11,F1,1,,,,,
2026-09-04,2026-09-04,CM,BSE,STK,531642,INE196A01026,MARICO,A,,,,,MARICO LTD.,837.60,837.60,814.40,814.40,814.40,821.20,,815.15,,,11754,9613996.00,858,F1,1,,,,,
2026-09-04,2026-09-04,CM,BSE,STK,531644,INE546D01018,TOKYOFIN,X,,,,,TOKYO FINANCE LTD.,17.20,18.89,17.16,17.51,18.43,17.72,,17.51,,,3427,60530.00,39,F1,1,,,,,
2026-09-04,2026-09-04,CM,BSE,STK,531651,INE654H01011,NATGENI,X,,,,,NATIONAL GENERAL INDUSTRIES LT,59.77,59.77,58.50,58.50,58.50,58.00,,58.50,,,24,1408.00,4,F1,1,,,,,
2026-09-04,2026-09-04,CM,BSE,STK,531652,INE528C01018,UVS,X,,,,,UVS HOSPITALITY AND SERVICES L,82.98,82.98,79.02,79.85,80.29,81.13,,79.85,,,2815,223979.00,42,F1,1,,,,,
2026-09-04,2026-09-04,CM,BSE,STK,531658,INE454E01013,ABATEAS,X,,,,,ABATE AS INDUSTRIES LIMITED,9.20,9.20,8.80,8.94,8.94,9.08,,8.94,,,34458,307067.00,56,F1,1,,,,,
2026-09-04,2026-09-04,CM,BSE,STK,531661,INE863C01019,HITTCO,XT,,,,,HITTCO TOOLS LTD.,18.11,18.11,18.11,18.11,18.11,17.25,,18.11,,,56349,1020480.00,63,F1,1,,,,,
2026-09-04,2026-09-04,CM,BSE,STK,531663,INE139D01020,YUVRAAJHPL,X,,,,,YUVRAAJ HYGIENE PRODUCTS LTD.,9.25,10.00,8.99,9.87,9.99,9.28,,9.87,,,716065,6617864.00,265,F1,1,,,,,
2026-09-04,2026-09-04,CM,BSE,STK,531667,INE117K01013,RRMETAL,XT,,,,,RR METALMAKERS INDIA LIMITED,49.15,49.15,49.15,49.15,49.15,50.15,,49.15,,,1605,78885.00,6,F1,1,,,,,
2026-09-04,2026-09-04,CM,BSE,STK,531668,INE661D01015,VISIONCO,XT,,,,,VISION CORPORATION LTD.,3.29,3.29,3.20,3.20,3.20,3.29,,3.20,,,5416,17572.00,11,F1,1,,,,,
2026-09-04,2026-09-04,CM,BSE,STK,531671,INE214D01021,KARNAWATI,X,,,,,Karnawati Innovation Limited,1.27,1.28,1.15,1.21,1.26,1.26,,1.21,,,87422,107810.00,140,F1,1,,,,,
2026-09-04,2026-09-04,CM,BSE,STK,531673,INE067C01025,ANKIN,X,,,,,ANKA INDIA LTD.,20.44,20.95,19.31,19.55,19.52,20.32,,19.55,,,16938,333112.00,73,F1,1,,,,,
2026-09-04,2026-09-04,CM,BSE,STK,531676,INE554H01021,EMROCK,XT,,,,,EMROCK CORPORATION LIMITED,251.90,255.00,251.90,255.00,255.00,257.00,,255.00,,,4003,1011455.00,7,F1,1,,,,,
2026-09-04,2026-09-04,CM,BSE,STK,531680,INE799E01011,MAYUR,XT,,,,,MAYUR LEATHER PRODUCTS LTD.,35.02,35.02,35.02,35.02,35.02,33.36,,35.02,,,5870,205567.00,35,F1,1,,,,,
2026-09-04,2026-09-04,CM,BSE,STK,531681,INE673C01020,AMERISE,XT,,,,,AMERISE BIOSCIENCES LIMITED,0.82,0.86,0.82,0.86,0.86,0.82,,0.86,,,8869,7463.00,13,F1,1,,,,,
2026-09-04,2026-09-04,CM,BSE,STK,531688,INE621B01021,PRITHVIEXCH,X,,,,,Prithvi Exchange (India) Limit,105.95,105.95,98.70,102.50,102.50,101.00,,102.50,,,757,75906.00,28,F1,1,,,,,
2026-09-04,2026-09-04,CM,BSE,STK,531692,INE593B01030,KHYATI,XT,,,,,KHYATI MULTIMEDIA-ENTERTAINMEN,2.84,3.03,2.78,2.78,2.78,2.90,,2.78,,,4878,13872.00,17,F1,1,,,,,
2026-09-04,2026-09-04,CM,BSE,STK,531694,INE230F01014,RAINBOWF,X,,,,,RAINBOW FOUNDATIONS LTD.,36.80,36.80,34.04,34.78,35.18,34.94,,34.78,,,5607,195456.00,38,F1,1,,,,,
2026-09-04,2026-09-04,CM,BSE,STK,531716,INE843F01014,TRICOMFRU,XT,,,,,TRICOM FRUIT PRODUCTS LIMITED,1.27,1.27,1.17,1.21,1.24,1.23,,1.21,,,20323,24472.00,31,F1,1,,,,,
2026-09-04,2026-09-04,CM,BSE,STK,531717,INE632C01026,VIDHIING,B,,,,,Vidhi Specialty Food Ingredien,344.75,346.80,342.10,345.75,345.75,345.60,,347.75,,,775,267211.00,80,F1,1,,,,,
2026-09-04,2026-09-04,CM,BSE,STK,531719,INE414D01027,BHAGCHEM,B,,,,,BHAGIRADHA CHEMICALS & INDUSTR,268.35,269.10,262.90,265.05,265.90,267.00,,264.61,,,2046,546570.00,136,F1,1,,,,,
2026-09-04,2026-09-04,CM,BSE,STK,531723,INE224E01028,GATECH,T,,,,,GACM Technologies Limited,0.94,0.94,0.94,0.94,0.94,0.98,,0.91,,,409316,384757.00,327,F1,1,,,,,
2026-09-04,2026-09-04,CM,BSE,STK,531726,INE316G01019,PANCHSHEEL,X,,,,,PANCHSHEEL ORGANICS LTD.,111.00,118.00,101.00,106.00,105.40,110.25,,106.00,,,86752,9280910.00,702,F1,1,,,,,
2026-09-04,2026-09-04,CM,BSE,STK,531727,INE650G01029,MENNPIS,B,,,,,MENON PISTONS LTD.,76.00,79.43,74.58,77.52,77.85,74.61,,77.63,,,25210,1963543.00,433,F1,1,,,,,
2026-09-04,2026-09-04,CM,BSE,STK,531737,INE414C01045,GREENCREST,X,,,,,GREENCREST FINANCIAL SERVICES,0.55,0.56,0.54,0.56,0.56,0.55,,0.56,,,108955,60092.00,118,F1,1,,,,,
2026-09-04,2026-09-04,CM,BSE,STK,531739,INE509C01026,GENNEX,X,,,,,GENNEX LABORATORIES LTD.,11.75,12.38,11.75,12.12,12.08,11.80,,12.12,,,320497,3859876.00,404,F1,1,,,,,
2026-09-04,2026-09-04,CM,BSE,STK,531744,INE548B01018,GINISILK,X,,,,,GINI SILK MILLS LTD.,62.00,64.50,60.05,60.27,60.27,62.00,,60.27,,,1734,108926.00,17,F1,1,,,,,
2026-09-04,2026-09-04,CM,BSE,STK,531746,INE505C01016,PRAENG,B,,,,,PRAJAY ENGINEERS SYNDICATE LTD,27.75,27.75,24.50,24.52,24.50,25.53,,24.61,,,42854,1071556.00,128,F1,1,,,,,
2026-09-04,2026-09-04,CM,BSE,STK,531752,INE703D01023,BIOGEN,X,,,,,BIOGEN PHARMACHEM INDUSTRIES L,0.28,0.28,0.27,0.28,0.28,0.28,,0.28,,,3334667,918062.00,850,F1,1,,,,,
2026-09-04,2026-09-04,CM,BSE,STK,531758,INE131D01019,GKCONS,X,,,,,G.K.CONSULTANTS LTD.,11.00,12.00,10.95,11.85,11.85,11.00,,11.85,,,66,736.00,6,F1,1,,,,,
2026-09-04,2026-09-04,CM,BSE,STK,531761,INE126J01016,APOLLOPIPE,B,,,,,APOLLO PIPES LIMITED,610.50,611.35,600.90,605.05,603.00,612.85,,605.10,,,6107,3696291.00,186,F1,1,,,,,
2026-09-04,2026-09-04,CM,BSE,STK,531762,INE576D01015,UNJHAFOR,XT,,,,,UNJHA FORMULATIONS LTD.,30.50,30.64,30.50,30.64,30.64,29.19,,30.64,,,15131,463166.00,44,F1,1,,,,,
2026-09-04,2026-09-04,CM,BSE,STK,531768,INE205C01021,POLYMED,A,,,,,POLY MEDICURE LTD.,1758.40,1775.05,1696.00,1701.95,1701.95,1768.95,,1702.48,,,14864,25711408.00,1742,F1,1,,,,,
2026-09-04,2026-09-04,CM,BSE,STK,531769,INE600F01018,PFLINFOTC,X,,,,,PFL INFOTECH LTD.,4.20,4.20,3.81,3.81,3.81,4.20,,3.81,,,583,2312.00,9,F1,1,,,,,
2026-09-04,2026-09-04,CM,BSE,STK,531771,INE311M01018,SHRADDHA,B,,,,,SHRADDHA PRIME PROJECTS LTD,158.55,158.55,152.05,155.90,155.90,153.40,,156.43,,,781,120534.00,79,F1,1,,,,,
2026-09-04,2026-09-04,CM,BSE,STK,531778,INE059E01010,KACHCHH,X,,,,,KACHCHH MINERALS LTD.,28.00,29.57,27.01,29.09,29.09,28.34,,29.09,,,1536,42604.00,9,F1,1,,,,,
2026-09-04,2026-09-04,CM,BSE,STK,531779,INE630U01014,PADALPO,X,,,,,PADMANABH ALLOYS & POLYMERS LT,18.63,18.63,18.00,18.45,18.45,17.75,,18.45,,,1142,20783.00,15,F1,1,,,,,
2026-09-04,2026-09-04,CM,BSE,STK,531780,INE229G01022,KACL,X,,,,,KAISER CORPORATION LIMITED,6.34,6.34,5.80,5.98,5.97,6.02,,5.98,,,165512,989613.00,246,F1,1,,,,,
2026-09-04,2026-09-04,CM,BSE,STK,531784,INE469F01026,KCLINFRA,X,,,,,KCL Infra Projects Limited,1.06,1.09,1.05,1.09,1.09,1.05,,1.09,,,124585,134072.00,111,F1,1,,,,,
2026-09-04,2026-09-04,CM,BSE,STK,531795,INE951D01028,ATULAUTO,B,,,,,ATUL AUTO LTD.,460.20,467.10,458.95,465.50,465.90,462.55,,465.16,,,7474,3452339.00,286,F1,1,,,,,
2026-09-04,2026-09-04,CM,BSE,STK,531797,INE393D01015,SCANPRO,X,,,,,SCAN PROJECTS LTD.,124.90,124.90,113.55,124.80,124.80,119.45,,124.80,,,39,4827.00,12,F1,1,,,,,
2026-09-04,2026-09-04,CM,BSE,STK,531802,INE426H01014,PRERINFRA,X,,,,,PRERNA INFRABUILD LTD.,23.91,24.71,23.81,24.15,24.00,23.90,,24.15,,,7273,174862.00,37,F1,1,,,,,
2026-09-04,2026-09-04,CM,BSE,STK,531810,INE161E01014,METALCO,X,,,,,METAL COATINGS (INDIA) LTD.,53.00,53.00,51.06,52.94,52.99,52.91,,52.94,,,157,8122.00,15,F1,1,,,,,
2026-09-04,2026-09-04,CM,BSE,STK,531812,INE266C01023,SGNTE,X,,,,,SGN TELECOMS LTD.,0.60,0.60,0.57,0.57,0.57,0.60,,0.57,,,9034,5401.00,27,F1,1,,,,,
2026-09-04,2026-09-04,CM,BSE,STK,531813,INE278O01015,GANGAPA,XT,,,,,GANGA PAPERS INDIA LTD.,95.00,95.00,95.00,95.00,95.00,95.00,,95.00,,,9,855.00,1,F1,1,,,,,
2026-09-04,2026-09-04,CM,BSE,STK,531814,INE297J01023,TIRSARJ,X,,,,,TIRUPATI SARJAN LTD.,8.38,8.38,8.17,8.30,8.18,8.16,,8.30,,,2835,23392.00,17,F1,1,,,,,
2026-09-04,2026-09-04,CM,BSE,STK,531821,INE348D01019,MUNOTHFI,XT,,,,,MUNOTH FINANCIAL SERVICES LTD.,57.70,57.70,57.70,57.70,57.70,56.62,,57.70,,,2,115.00,2,F1,1,,,,,
2026-09-04,2026-09-04,CM,BSE,STK,531822,INE513E01024,RODIUM,X,,,,,RODIUM REALTY LIMITED,149.00,149.00,138.00,148.00,148.00,149.25,,148.00,,,894,126356.00,18,F1,1,,,,,
2026-09-04,2026-09-04,CM,BSE,STK,531832,INE793H01017,NAGTECH,X,,,,,NAGARJUNA AGRI TECH LTD.,42.23,42.23,40.50,40.50,40.50,41.40,,40.50,,,1737,71324.00,16,F1,1,,,,,
2026-09-04,2026-09-04,CM,BSE,STK,531834,INE487B01019,NATHUEC,XT,,,,,NATURA HUE CHEM LTD.,38.74,38.74,38.74,38.74,38.74,38.74,,38.74,,,91,3525.00,3,F1,1,,,,,
2026-09-04,2026-09-04,CM,BSE,STK,531840,INE172B01017,IECEDU,X,,,,,IEC EDUCATION LTD.,33.40,35.67,28.99,30.51,30.51,30.36,,30.51,,,218265,6967111.00,641,F1,1,,,,,
2026-09-04,2026-09-04,CM,BSE,STK,531841,INE935D01013,INDUSFINL,XT,,,,,Indus Finance Limited,258.35,258.35,258.35,258.35,258.35,253.30,,258.35,,,6587,1701751.00,34,F1,1,,,,,
2026-09-04,2026-09-04,CM,BSE,STK,531842,INE515C01023,LAHOTIOV,B,,,,,LAHOTI OVERSEAS LTD.,47.89,47.89,43.13,43.15,43.14,45.01,,43.12,,,1222,53512.00,21,F1,1,,,,,
2026-09-04,2026-09-04,CM,BSE,STK,531845,INE318D01020,ZENITHSTL,B,,,,,ZENITH STEEL PIPES AND  INDUST,5.31,6.47,5.27,5.98,5.83,5.42,,5.91,,,196173,1199000.00,253,F1,1,,,,,
2026-09-04,2026-09-04,CM,BSE,STK,531846,INE884X01011,TRINITYLEA,X,,,,,TRINITY LEAGUE INDIA LTD.,8.92,8.92,8.92,8.92,8.92,8.50,,8.92,,,1,8.00,1,F1,1,,,,,
2026-09-04,2026-09-04,CM,BSE,STK,531859,INE457G01029,ORIRAIL,B,,,,,ORIENTAL RAIL INFRASTRUCTURE L,123.00,133.50,123.00,130.35,130.50,126.00,,130.69,,,54205,7079456.00,643,F1,1,,,,,
2026-09-04,2026-09-04,CM,BSE,STK,531861,INE024B01010,JOINDRE,X,,,,,JOINDRE CAPITAL SERVICES LTD.,49.50,50.00,48.51,49.87,49.99,48.98,,49.87,,,2008,99469.00,34,F1,1,,,,,
2026-09-04,2026-09-04,CM,BSE,STK,531862,INE842D01029,BHARATAGRI,X,,,,,BHARAT AGRI FERT & REALTY LTD.,23.18,23.32,22.10,22.19,22.19,22.52,,22.19,,,11989,267268.00,63,F1,1,,,,,
2026-09-04,2026-09-04,CM,BSE,STK,531867,INE929K01011,UNITINT,Z,,,,,UNITECH INTERNATIONAL LTD.,3.27,3.27,3.12,3.27,3.27,3.12,,3.27,,,11124,34926.00,20,F1,1,,,,,
2026-09-04,2026-09-04,CM,BSE,STK,531869,INE433G01020,SACHEMT,X,,,,,SACHETA METALS LTD.,3.67,3.80,3.58,3.77,3.80,3.64,,3.77,,,34124,127378.00,99,F1,1,,,,,
2026-09-04,2026-09-04,CM,BSE,STK,531870,INE370C01015,POPULARES,X,,,,,POPULAR ESTATE MANAGEMENT LTD.,14.56,14.56,14.01,14.01,14.01,14.56,,14.01,,,203,2855.00,5,F1,1,,,,,
2026-09-04,2026-09-04,CM,BSE,STK,531878,INE283D01018,ANJANIFIN,X,,,,,ANJANI FINANCE LTD.,8.75,8.75,8.70,8.72,8.72,8.10,,8.72,,,9415,82278.00,12,F1,1,,,,,
2026-09-04,2026-09-04,CM,BSE,STK,531888,INE687C01012,REXNORD,XT,,,,,REXNORD ELECTRONICS & CONTROLS,83.41,87.00,80.38,80.38,80.38,83.00,,80.38,,,1737,144547.00,33,F1,1,,,,,
2026-09-04,2026-09-04,CM,BSE,STK,531889,INE882B01037,NWIL,X,,,,,NURTURE WELL INDUSTRIES LIMITE,21.40,21.78,20.60,20.99,21.08,21.25,,20.99,,,263410,5581530.00,805,F1,1,,,,,
2026-09-04,2026-09-04,CM,BSE,STK,531892,INE060B01014,KHANDSE,B,,,,,KHANDWALA SECURITIES LTD.,19.00,19.00,19.00,19.00,19.00,18.24,,18.69,,,10,190.00,1,F1,1,,,,,
2026-09-04,2026-09-04,CM,BSE,STK,531893,INE248B01023,SAWACA,X,,,,,SAWACA ENTERPRISES LIMITED,0.28,0.29,0.28,0.29,0.29,0.28,,0.29,,,485797,138008.00,232,F1,1,,,,,
2026-09-04,2026-09-04,CM,BSE,STK,531900,INE778E01031,CCLINTER,X,,,,,CCL INTERNATIONAL LTD.,22.25,23.40,21.54,21.72,21.54,22.13,,21.72,,,2495,54732.00,29,F1,1,,,,,
2026-09-04,2026-09-04,CM,BSE,STK,531902,INE755J01012,GALLOPENT,XT,,,,,GALLOPS ENTERPRISE LTD.,39.15,39.15,39.00,39.00,39.00,38.39,,39.00,,,351,13741.00,4,F1,1,,,,,
2026-09-04,2026-09-04,CM,BSE,STK,531909,INE587J01027,CROISSANCE,XT,,,,,CROISSANCE LIMITED,1.19,1.19,1.12,1.19,1.19,1.17,,1.19,,,59297,67591.00,80,F1,1,,,,,
2026-09-04,2026-09-04,CM,BSE,STK,531910,INE312M01024,JOJO,XT,,,,,JOJO LIMITED,200.00,201.25,193.60,201.25,201.25,191.70,,201.25,,,58745,11809442.00,238,F1,1,,,,,
2026-09-04,2026-09-04,CM,BSE,STK,531911,INE803L01016,GALAGEX,XT,,,,,GALAXY AGRICO EXPORTS LTD.,97.12,99.90,95.00,97.00,97.00,97.12,,97.00,,,37845,3629604.00,36,F1,1,,,,,
2026-09-04,2026-09-04,CM,BSE,STK,531918,INE02XD01011,HINDAPL,X,,,,,HINDUSTAN APPLIANCES LTD.,89.78,99.00,89.78,99.00,99.00,94.50,,99.00,,,4,378.00,4,F1,1,,,,,
2026-09-04,2026-09-04,CM,BSE,STK,531921,INE204E01012,AGARIND,B,,,,,AGARWAL INDUSTRIAL CORPORATION,443.35,454.80,439.00,452.90,453.15,440.15,,451.21,,,7968,3557595.00,285,F1,1,,,,,
2026-09-04,2026-09-04,CM,BSE,STK,531923,INE956B01013,DHAMPURE,X,,,,,DHAMPURE SPECIALITY SUGARS LTD,142.00,142.00,137.00,137.55,137.05,141.55,,137.55,,,13865,1924407.00,152,F1,1,,,,,
2026-09-04,2026-09-04,CM,BSE,STK,531925,INE545N01019,SHAQUAK,X,,,,,SHANTANU SHEOREY AQUAKULT LTD.,1.07,1.16,1.07,1.16,1.16,1.19,,1.16,,,1742,1908.00,7,F1,1,,,,,
2026-09-04,2026-09-04,CM,BSE,STK,531928,INE595D01015,GOLCA,X,,,,,GOLDEN CARPETS LTD.,10.55,10.55,10.55,10.55,10.55,10.55,,10.55,,,1,10.00,1,F1,1,,,,,
2026-09-04,2026-09-04,CM,BSE,STK,531930,INE074H01012,SARTHAKIND,X,,,,,SARTHAK INDUSTRIES LTD.,26.61,26.61,26.00,26.00,26.00,26.48,,26.00,,,128,3341.00,6,F1,1,,,,,
2026-09-04,2026-09-04,CM,BSE,STK,531931,INE531X01018,SAICAPI,B,,,,,SAI CAPITAL LTD.,161.50,161.50,160.00,160.00,160.00,161.00,,157.61,,,203,32780.00,7,F1,1,,,,,
2026-09-04,2026-09-04,CM,BSE,STK,531944,INE185D01015,LEXORAA,X,,,,,LEXORAA INDUSTRIES LIMITED,17.06,17.93,17.06,17.93,17.93,17.95,,17.93,,,1805,30794.00,5,F1,1,,,,,
2026-09-04,2026-09-04,CM,BSE,STK,531950,INE316D01024,VERTEX,XT,,,,,VERTEX SECURITIES LTD.,3.20,3.30,3.15,3.18,3.15,3.20,,3.18,,,18989,60952.00,41,F1,1,,,,,
2026-09-04,2026-09-04,CM,BSE,STK,531952,INE811H01017,RIBATEX,XT,,,,,RIBA TEXTILES LTD.,68.90,68.90,64.10,66.00,66.00,65.71,,66.00,,,32120,2187826.00,41,F1,1,,,,,
2026-09-04,2026-09-04,CM,BSE,STK,531959,INE997D01021,NEWINFRA,X,,,,,NEWTIME INFRASTRUCTURE LIMITED,1.94,1.96,1.87,1.93,1.95,1.94,,1.93,,,81252,156140.00,194,F1,1,,,,,
2026-09-04,2026-09-04,CM,BSE,STK,531962,INE914B01012,SHREMETAL,X,,,,,SHREE METALLOYS LTD.,34.20,44.79,34.20,39.31,39.61,37.40,,39.31,,,4974,186834.00,91,F1,1,,,,,
2026-09-04,2026-09-04,CM,BSE,STK,531968,INE786E01018,IITLPROJ,XT,,,,,IITL PROJECTS LIMITED,50.66,50.66,49.70,49.70,49.70,50.66,,49.70,,,1001,49750.00,2,F1,1,,,,,
2026-09-04,2026-09-04,CM,BSE,STK,531977,INE558F01026,CHLOGIST,XT,,,,,CHARTERED LOGISTICS LTD.,9.95,9.95,9.95,9.95,9.95,9.76,,9.95,,,56491,562085.00,61,F1,1,,,,,
2026-09-04,2026-09-04,CM,BSE,STK,531978,INE540G01014,AMBIKCO,B,,,,,AMBIKA COTTON MILLS LTD.,1640.90,1650.00,1630.00,1632.25,1650.00,1635.35,,1636.92,,,1350,2206771.00,144,F1,1,,,,,
2026-09-04,2026-09-04,CM,BSE,STK,531979,INE227B01019,HINDALUMI,B,,,,,HIND ALUMINIUM INDUSTRIES LTD.,98.80,99.85,95.30,98.41,99.85,98.72,,97.79,,,1371,133584.00,63,F1,1,,,,,
2026-09-04,2026-09-04,CM,BSE,STK,531982,INE547C01018,SPECFOOD,X,,,,,SPECTRUM FOODS LTD.,16.87,17.22,16.43,17.11,17.11,16.79,,17.11,,,2638,44246.00,24,F1,1,,,,,
2026-09-04,2026-09-04,CM,BSE,STK,531989,INE132E01015,DECPO,X,,,,,DECCAN POLYPACKS LTD.,22.00,22.00,22.00,22.00,22.00,22.00,,22.00,,,4,88.00,1,F1,1,,,,,
2026-09-04,2026-09-04,CM,BSE,STK,531991,INE735C01027,AMRAAGRI,X,,,,,AMRAWORLD AGRICO LTD.,0.52,0.52,0.52,0.52,0.52,0.52,,0.52,,,97736,50822.00,32,F1,1,,,,,
2026-09-04,2026-09-04,CM,BSE,STK,531994,INE706C01028,AUTOPINS,X,,,,,AUTO PINS (INDIA) LTD.,113.00,116.25,105.30,116.25,116.25,110.75,,116.25,,,19,2054.00,10,F1,1,,,,,
2026-09-04,2026-09-04,CM,BSE,STK,531996,INE839E01023,ODYCORP,B,,,,,ODYSSEY CORPORATION LTD.,7.40,8.10,6.91,7.51,7.52,6.75,,7.47,,,60269,469406.00,389,F1,1,,,,,
2026-09-04,2026-09-04,CM,BSE,STK,531997,INE164D01010,IKOMA,XT,,,,,IKOMA TECHNOLOGIES LIMITED,64.00,64.45,60.55,63.95,64.45,61.39,,63.95,,,105326,6714080.00,168,F1,1,,,,,
2026-09-04,2026-09-04,CM,BSE,STK,532001,INE146H01018,INDCTST,X,,,,,INDUCTO STEEL LTD.,63.00,67.49,63.00,66.44,66.44,62.91,,66.44,,,304,19886.00,9,F1,1,,,,,
2026-09-04,2026-09-04,CM,BSE,STK,532005,INE653D01012,SAMINDUS,X,,,,,SAM INDUSTRIES LTD.,45.85,45.85,38.00,39.24,39.24,41.70,,39.24,,,1200,46498.00,19,F1,1,,,,,
2026-09-04,2026-09-04,CM,BSE,STK,532011,INE147C01017,POOJAENT,X,,,,,VASHU BHAGNANI INDUSTRIES LIMI,67.99,76.80,67.49,72.57,72.00,64.00,,72.57,,,14881,1088695.00,130,F1,1,,,,,
2026-09-04,2026-09-04,CM,BSE,STK,532015,INE995A01013,GRAVITY,X,,,,,GRAVITY (INDIA) LTD.,16.49,16.49,16.49,16.49,16.49,15.71,,16.49,,,18729,308841.00,58,F1,1,,,,,
2026-09-04,2026-09-04,CM,BSE,STK,532016,INE176O01011,ESPIRE,X,,,,,ESPIRE HOSPITALITY LIMITED,150.00,159.00,144.00,158.55,158.95,151.80,,158.55,,,725,111165.00,47,F1,1,,,,,
2026-09-04,2026-09-04,CM,BSE,STK,532019,INE938A01021,LCCINFOTEC,B,,,,,LCC INFOTECH LTD.,3.60,4.20,3.60,3.96,3.89,3.88,,3.86,,,9925,38988.00,41,F1,1,,,,,
2026-09-04,2026-09-04,CM,BSE,STK,532022,INE185E01021,FILATFASH,B,,,,,FILATEX FASHIONS LTD.,0.19,0.19,0.19,0.19,0.19,0.19,,0.18,,,349660,66435.00,152,F1,1,,,,,
2026-09-04,2026-09-04,CM,BSE,STK,532029,INE325D01025,SINDHUTRAD,B,,,,,SINDHU TRADE LINKS LIMITED,23.76,25.82,23.76,25.24,25.05,24.01,,25.28,,,147230,3712722.00,248,F1,1,,,,,
2026-09-04,2026-09-04,CM,BSE,STK,532039,INE486F01012,ZENOTECH,X,,,,,ZENOTECH LABORATORIES LTD.,46.44,46.44,45.11,45.60,45.60,45.59,,45.60,,,8227,374975.00,58,F1,1,,,,,
2026-09-04,2026-09-04,CM,BSE,STK,532041,INE597C01021,HINDBIO,XT,,,,,HINDUSTAN BIO SCIENCES LTD.,7.50,7.50,6.99,7.45,7.45,7.35,,7.45,,,5930,41795.00,58,F1,1,,,,,
2026-09-04,2026-09-04,CM,BSE,STK,532051,INE409B01013,SWELECTES,B,,,,,SWELECT ENERGY SYSTEMS LIMITED,576.40,579.95,570.05,572.50,571.70,578.85,,572.50,,,1437,823733.00,130,F1,1,,,,,
2026-09-04,2026-09-04,CM,BSE,STK,532053,INE121B01014,WALLFORT,X,,,,,WALLFORT FINANCIAL SERVICES LT,85.00,85.00,79.00,80.38,83.00,82.09,,80.38,,,2290,185964.00,35,F1,1,,,,,
2026-09-04,2026-09-04,CM,BSE,STK,532054,INE291D01011,KDDL,B,,,,,KDDL LTD.,3886.10,3960.00,3882.05,3908.70,3909.80,3845.25,,3910.96,,,772,3021819.00,178,F1,1,,,,,
2026-09-04,2026-09-04,CM,BSE,STK,532056,INE398H01015,TRUSTEDGE,X,,,,,Trustedge Capital Limited,131.25,140.00,131.00,140.00,140.00,133.90,,140.00,,,1846,254155.00,22,F1,1,,,,,
2026-09-04,2026-09-04,CM,BSE,STK,532057,INE516F01016,ABHICAP,X,,,,,ABHINAV CAPITAL SERVICES LTD.,110.50,110.50,101.20,107.00,107.00,105.60,,107.00,,,217,23425.00,15,F1,1,,,,,
2026-09-04,2026-09-04,CM,BSE,STK,532067,INE994E01018,3BBLACKBIO,B,,,,,3B BlackBio Dx Limited,1513.90,1521.55,1414.15,1464.85,1473.95,1481.70,,1460.39,,,3328,4860182.00,366,F1,1,,,,,
2026-09-04,2026-09-04,CM,BSE,STK,532070,INE311N01016,GUJJUBHAI,X,,,,,GUJJUBHAI INDUSTRIES LIMITED,100.00,102.90,98.00,99.30,99.30,99.95,,99.30,,,29725,2992352.00,182,F1,1,,,,,
2026-09-04,2026-09-04,CM,BSE,STK,532090,INE219M01021,ATVOENT,X,,,,,Atvo Enterprises Limited,37.63,39.51,36.20,39.51,39.51,37.63,,39.51,,,53862,2061793.00,191,F1,1,,,,,
2026-09-04,2026-09-04,CM,BSE,STK,532092,INE807D01030,EPUJA,X,,,,,EPUJA SPIRITECH LIMITED,1.06,1.06,0.99,1.00,0.99,1.04,,1.00,,,565667,571008.00,142,F1,1,,,,,
2026-09-04,2026-09-04,CM,BSE,STK,532100,INE456B01014,INDOCITY,X,,,,,INDO-CITY INFOTECH LTD.,13.13,13.13,12.70,12.70,12.70,13.13,,12.70,,,781,9942.00,7,F1,1,,,,,
2026-09-04,2026-09-04,CM,BSE,STK,532102,INE948G01019,SBECSUG,XT,,,,,SBEC SUGAR LTD.,63.49,63.49,60.00,61.99,61.99,61.83,,61.99,,,3908,238840.00,35,F1,1,,,,,
2026-09-04,2026-09-04,CM,BSE,STK,532113,INE957E01031,BRIJLEAS,X,,,,,BRIJLAXMI LEASING & FINANCE LT,7.52,8.50,7.52,8.10,8.10,8.39,,8.10,,,6278,51633.00,19,F1,1,,,,,
2026-09-04,2026-09-04,CM,BSE,STK,532123,INE395A01016,BSELALGO,X,,,,,BSEL ALGO LIMITED,4.10,4.16,3.90,4.03,4.01,4.07,,4.03,,,154289,618643.00,252,F1,1,,,,,
2026-09-04,2026-09-04,CM,BSE,STK,532124,INE419H01019,RELIABVEN,XT,,,,,RELIABLE VENTURES INDIA LTD.,26.52,26.52,26.00,26.00,26.00,26.00,,26.00,,,573,15158.00,8,F1,1,,,,,
2026-09-04,2026-09-04,CM,BSE,STK,532131,INE382B01012,TRIUMPIN,X,,,,,TRIUMPH INTERNATIONAL FINANCE,17.28,17.28,15.81,17.22,17.22,16.50,,17.22,,,986,16572.00,15,F1,1,,,,,
2026-09-04,2026-09-04,CM,BSE,STK,532134,INE028A01039,BANKBARODA,A,,,,,BANK OF BARODA,242.00,242.00,239.00,239.20,239.20,240.40,,239.00,,,199581,47943972.00,2005,F1,1,,,,,
2026-09-04,2026-09-04,CM,BSE,STK,532140,INE154B01023,MOHITE,B,,,,,MOHITE INDUSTRIES LIMITED,2.99,2.99,2.71,2.82,2.82,2.83,,2.79,,,21192,59009.00,61,F1,1,,,,,
2026-09-04,2026-09-04,CM,BSE,STK,532141,INE666E01020,ACL,B,,,,,ANDHRA CEMENTS LTD.,44.23,44.23,43.01,43.24,43.34,43.21,,43.36,,,244,10638.00,21,F1,1,,,,,
2026-09-04,2026-09-04,CM,BSE,STK,532143,INE411D01023,SKMEGGPROD,B,,,,,SKM EGG PRODUCTS EXPORT (INDIA,260.55,263.50,256.00,257.10,257.60,262.50,,257.10,,,39055,10129701.00,821,F1,1,,,,,
2026-09-04,2026-09-04,CM,BSE,STK,532144,INE191B01025,WELCORP,A,,,,,WELSPUN CORP LIMITED,2646.15,2664.65,2570.00,2591.20,2591.20,2646.15,,2590.64,,,93273,243847294.00,8535,F1,1,,,,,
2026-09-04,2026-09-04,CM,BSE,STK,532145,INE731B01010,HOTLSILV,X,,,,,H.S.INDIA LTD.,11.15,11.15,10.50,10.94,10.97,10.87,,10.94,,,59,624.00,9,F1,1,,,,,
2026-09-04,2026-09-04,CM,BSE,STK,532149,INE084A01016,BANKINDIA,A,,,,,BANK OF INDIA,144.95,145.80,144.10,145.00,145.00,145.00,,145.00,,,245477,35634066.00,15397,F1,1,,,,,
2026-09-04,2026-09-04,CM,BSE,STK,532150,INE681B01017,INDRAMEDCO,A,,,,,INDRAPRASTHA MEDICAL CORP.LTD.,361.55,361.55,349.20,350.15,350.00,355.90,,349.71,,,12139,4293283.00,305,F1,1,,,,,
2026-09-04,2026-09-04,CM,BSE,STK,532154,INE560F01022,JOHNPHARMA,X,,,,,JOHNSON PHARMACARE LIMITED,0.46,0.47,0.46,0.47,0.47,0.47,,0.47,,,547569,254164.00,286,F1,1,,,,,
2026-09-04,2026-09-04,CM,BSE,STK,532155,INE129A01019,GAIL,A,,,,,GAIL (INDIA) LTD.,174.55,174.55,171.90,173.30,173.30,173.90,,173.40,,,104284,18057460.00,1359,F1,1,,,,,
2026-09-04,2026-09-04,CM,BSE,STK,532156,INE884A01027,VAIBHAVGBL,B,,,,,VAIBHAV GLOBAL LTD,215.10,224.00,215.10,218.65,217.30,214.90,,218.74,,,24221,5324365.00,482,F1,1,,,,,
2026-09-04,2026-09-04,CM,BSE,STK,532159,INE088D01011,TRESCON,X,,,,,TRESCON LIMITED,7.82,7.82,6.37,7.52,7.50,7.65,,7.52,,,30392,218648.00,109,F1,1,,,,,
2026-09-04,2026-09-04,CM,BSE,STK,532160,INE944A01011,GUJSTATFIN,B,,,,,GUJARAT STATE FINANCIAL CORPOR,9.65,10.08,9.65,9.82,9.81,9.87,,9.82,,,3015,29934.00,53,F1,1,,,,,
2026-09-04,2026-09-04,CM,BSE,STK,532162,INE789E01012,JKPAPER,A,,,,,JK PAPER LTD.,412.45,413.10,401.40,405.55,405.50,410.30,,405.80,,,29599,12034017.00,813,F1,1,,,,,
2026-09-04,2026-09-04,CM,BSE,STK,532163,INE979A01025,SAREGAMA,A,,,,,SAREGAMA INDIA LTD.,495.05,499.90,488.60,492.95,491.65,493.65,,492.76,,,11534,5697597.00,1037,F1,1,,,,,
2026-09-04,2026-09-04,CM,BSE,STK,532167,INE501C01015,OMKARPH,X,,,,,OMKAR PHARMACHEM LTD.,10.21,10.21,9.26,9.26,9.26,9.74,,9.26,,,6303,58380.00,23,F1,1,,,,,
2026-09-04,2026-09-04,CM,BSE,STK,532172,INE737B01033,ADROITINFO,B,,,,,Adroit Infotech Limited,10.30,10.30,10.30,10.30,10.30,10.30,,10.31,,,5,51.00,4,F1,1,,,,,
2026-09-04,2026-09-04,CM,BSE,STK,532173,INE214A01019,CYBERTECH,T,,,,,CYBERTECH SYSTEMS AND SOFTWARE,132.55,133.70,132.05,133.05,133.60,132.55,,133.33,,,2288,303033.00,48,F1,1,,,,,
2026-09-04,2026-09-04,CM,BSE,STK,532174,INE090A01021,ICICIBANK,A,,,,,ICICI BANK LTD.,1430.00,1437.00,1423.00,1423.00,1423.00,1425.00,,1423.20,,,262182,375035956.00,7255,F1,1,,,,,
2026-09-04,2026-09-04,CM,BSE,STK,532175,INE136B01020,CYIENT,A,,,,,CYIENT LIMITED,1124.00,1130.55,1097.70,1101.55,1101.00,1110.50,,1101.79,,,20971,23370099.00,849,F1,1,,,,,
2026-09-04,2026-09-04,CM,BSE,STK,532178,INE510A01028,ENGINERSIN,A,,,,,ENGINEERS INDIA LTD.,283.30,284.60,278.80,279.45,279.45,281.90,,279.45,,,105209,29670886.00,2287,F1,1,,,,,
2026-09-04,2026-09-04,CM,BSE,STK,532180,INE680A01011,DHANBANK,B,,,,,DHANLAXMI BANK LIMITED,32.24,32.24,31.69,31.81,32.00,31.61,,31.86,,,11294,359925.00,127,F1,1,,,,,
2026-09-04,2026-09-04,CM,BSE,STK,532181,INE131A01031,GMDCLTD,A,,,,,GUJARAT MINERAL DEVELOPMENT CO,565.55,570.95,561.00,562.75,563.70,565.90,,562.95,,,73648,41621703.00,1820,F1,1,,,,,
2026-09-04,2026-09-04,CM,BSE,STK,532183,INE622E01023,GAYATRI,X,,,,,GAYATRI SUGARS LTD.,8.03,8.48,8.03,8.29,8.29,8.17,,8.29,,,22351,185678.00,170,F1,1,,,,,
2026-09-04,2026-09-04,CM,BSE,STK,532187,INE095A01012,INDUSINDBK,A,,,,,INDUSIND BANK LTD.,1007.85,1008.50,998.00,1006.00,1006.00,1001.00,,1008.49,,,31609,31694654.00,2012,F1,1,,,,,
2026-09-04,2026-09-04,CM,BSE,STK,532189,INE353K01014,ITDC,B,,,,,INDIA TOURISM DEVELOPMENT CORP,645.00,649.90,639.25,644.20,642.05,642.50,,644.35,,,3142,2020847.00,141,F1,1,,,,,
2026-09-04,2026-09-04,CM,BSE,STK,532209,INE168A01041,J&KBANK,A,,,,,JAMMU & KASHMIR BANK LTD.,151.05,152.65,149.00,150.05,149.70,149.65,,150.02,,,119725,18121635.00,1080,F1,1,,,,,
2026-09-04,2026-09-04,CM,BSE,STK,532210,INE491A01021,CUB,A,,,,,CITY UNION BANK LIMITED,234.65,242.90,234.45,236.15,236.15,234.65,,236.02,,,201205,48246073.00,3637,F1,1,,,,,
2026-09-04,2026-09-04,CM,BSE,STK,532212,INE731A01020,ARCHIES,B,,,,,ARCHIES LTD.,13.16,13.40,12.86,13.00,13.00,12.86,,12.90,,,1365,17610.00,16,F1,1,,,,,
2026-09-04,2026-09-04,CM,BSE,STK,532215,INE238A01034,AXISBANK,A,,,,,AXIS BANK LTD.,1268.10,1280.50,1262.05,1273.00,1273.00,1266.15,,1273.00,,,168502,214771517.00,4003,F1,1,,,,,
2026-09-04,2026-09-04,CM,BSE,STK,532216,INE550B01022,HBSL,B,,,,,HB STOCKHOLDINGS LTD.,53.74,55.99,52.65,55.78,55.78,53.00,,55.36,,,458,25031.00,7,F1,1,,,,,
2026-09-04,2026-09-04,CM,BSE,STK,532217,INE027F01014,CMXLTD,XT,,,,,CMX HOLDINGS LIMITED,24.15,24.15,21.85,21.85,21.85,23.00,,21.85,,,8140,177901.00,27,F1,1,,,,,
2026-09-04,2026-09-04,CM,BSE,STK,532218,INE683A01023,SOUTHBANK,A,,,,,SOUTH INDIAN BANK LTD.,48.08,48.35,47.17,47.32,47.35,47.69,,47.29,,,352177,16803320.00,1941,F1,1,,,,,
2026-09-04,2026-09-04,CM,BSE,STK,532219,INE306C01019,ENERGYDEV,B,,,,,ENERGY DEVELOPMENT COMPANY LTD,15.99,15.99,15.18,15.69,15.69,15.52,,15.52,,,2801,44176.00,62,F1,1,,,,,
2026-09-04,2026-09-04,CM,BSE,STK,532221,INE269A01021,SONATSOFTW,A,,,,,SONATA SOFTWARE LTD.,286.00,290.00,282.20,285.15,285.00,284.15,,285.24,,,105000,29881050.00,1497,F1,1,,,,,
2026-09-04,2026-09-04,CM,BSE,STK,532230,INE665D01016,BENGALT,X,,,,,BENGAL TEA & FABRICS LTD.,142.00,142.00,139.00,139.25,142.00,142.40,,139.25,,,12,1674.00,3,F1,1,,,,,
2026-09-04,2026-09-04,CM,BSE,STK,532234,INE139A01034,NATIONALUM,A,,,,,NATIONAL ALUMINIUM CO.LTD.,374.55,378.85,372.95,376.50,376.50,373.50,,374.11,,,227506,85256861.00,2965,F1,1,,,,,
2026-09-04,2026-09-04,CM,BSE,STK,532240,INE092B01025,INDNIPPON,B,,,,,INDIA NIPPON ELECTRICALS LTD.,1123.20,1170.00,1100.95,1158.50,1170.00,1110.20,,1158.21,,,2754,3128057.00,301,F1,1,,,,,
2026-09-04,2026-09-04,CM,BSE,STK,532256,INE023A01030,NSIL,B,,,,,NALWA SONS INVESTMENTS LTD.,5180.05,5758.65,5180.05,5744.35,5758.65,5690.00,,5721.52,,,118,666477.00,43,F1,1,,,,,
2026-09-04,2026-09-04,CM,BSE,STK,532259,INE372A01015,APARINDS,A,,,,,APAR INDUSTRIES LTD.,17937.95,17937.95,17364.30,17412.20,17478.50,17701.75,,17420.85,,,3927,69284816.00,864,F1,1,,,,,
2026-09-04,2026-09-04,CM,BSE,STK,532262,INE920B01019,TCIIND,X,,,,,TCI INDUSTRIES LTD.,1136.30,1200.00,1136.00,1200.00,1200.00,1190.00,,1200.00,,,453,524398.00,6,F1,1,,,,,
2026-09-04,2026-09-04,CM,BSE,STK,532268,INE793A01012,ACCELYA,B,,,,,ACCELYA SOLUTIONS INDIA LIMITE,1136.15,1138.15,1128.05,1129.85,1130.00,1130.50,,1130.78,,,555,628772.00,70,F1,1,,,,,
2026-09-04,2026-09-04,CM,BSE,STK,532271,INE215B01022,ORCHASP,B,,,,,ORCHASP LIMITED,1.43,1.43,1.35,1.36,1.35,1.41,,1.38,,,22323,30906.00,41,F1,1,,,,,
2026-09-04,2026-09-04,CM,BSE,STK,532275,INE394C01023,LANDMARC,X,,,,,LANDMARC LEISURE CORPORATION L,2.08,2.10,1.84,2.05,2.02,2.03,,2.05,,,166615,334617.00,125,F1,1,,,,,
2026-09-04,2026-09-04,CM,BSE,STK,532281,INE860A01027,HCLTECH,A,,,,,HCL TECHNOLOGIES LTD.,1340.30,1340.30,1291.10,1294.00,1294.00,1310.25,,1293.40,,,72005,94403112.00,3692,F1,1,,,,,
2026-09-04,2026-09-04,CM,BSE,STK,532284,INE389D01013,TCFCFINQ,X,,,,,TCFC FINANCE LTD.,25.60,25.98,25.00,25.04,25.00,26.42,,25.04,,,95,2399.00,16,F1,1,,,,,
2026-09-04,2026-09-04,CM,BSE,STK,532285,INE007B01023,GEOJITFSL,B,,,,,Geojit Financial Services Limi,83.90,83.94,82.27,82.64,82.91,82.68,,82.72,,,13234,1100578.00,201,F1,1,,,,,
2026-09-04,2026-09-04,CM,BSE,STK,532286,INE749A01030,JINDALSTEL,A,,,,,JINDAL STEEL LIMITED,1159.25,1170.00,1138.55,1163.00,1163.00,1137.50,,1164.99,,,21863,25326115.00,1670,F1,1,,,,,
2026-09-04,2026-09-04,CM,BSE,STK,532290,INE791A01024,BLBLIMITED,B,,,,,BLB LTD.,16.90,17.17,16.50,16.89,17.00,17.32,,16.69,,,4493,74766.00,43,F1,1,,,,,
2026-09-04,2026-09-04,CM,BSE,STK,532296,INE935A01035,GLENMARK,A,,,,,GLENMARK PHARMACEUTICALS LTD.,2459.00,2459.00,2424.60,2427.00,2427.00,2458.80,,2437.19,,,11035,26880568.00,1708,F1,1,,,,,
2026-09-04,2026-09-04,CM,BSE,STK,532300,INE049B01025,WOCKPHARMA,A,,,,,WOCKHARDT LTD.,1977.05,2107.95,1975.25,2086.75,2086.75,1951.05,,2088.47,,,428232,881908286.00,22372,F1,1,,,,,
2026-09-04,2026-09-04,CM,BSE,STK,532303,INE934A01012,INTEGHIT,X,,,,,INTEGRATED HITECH LTD.,3.50,3.50,3.34,3.50,3.50,3.50,,3.50,,,1506,5040.00,7,F1,1,,,,,
2026-09-04,2026-09-04,CM,BSE,STK,532304,INE602C01011,KJMCCORP,X,,,,,KJMC CORPORATE ADVISORS (INDIA,62.00,64.00,61.25,63.30,63.30,62.00,,63.30,,,68,4313.00,10,F1,1,,,,,
2026-09-04,2026-09-04,CM,BSE,STK,532305,INE915B01019,INDSWFTLAB,B,,,,,IND-SWIFT LABORATORIES LTD.,373.50,375.85,350.15,354.90,350.50,372.30,,355.90,,,35722,12842982.00,688,F1,1,,,,,
2026-09-04,2026-09-04,CM,BSE,STK,532309,INE878A01011,GVPIL,B,,,,,GE Power India Ltd,678.45,678.45,645.00,650.35,649.75,664.15,,649.63,,,14121,9241979.00,1316,F1,1,,,,,
2026-09-04,2026-09-04,CM,BSE,STK,532310,INE879A01019,SHREERAMA,B,,,,,SHREE RAMA MULTI-TECH LTD.,44.50,45.11,43.93,44.26,44.10,44.32,,44.14,,,8282,368177.00,70,F1,1,,,,,
2026-09-04,2026-09-04,CM,BSE,STK,532313,INE813A01018,MAHLIFE,A,,,,,MAHINDRA LIFESPACE DEVELOPERS,364.35,366.00,360.65,363.75,362.00,363.20,,362.45,,,2678,975794.00,134,F1,1,,,,,
2026-09-04,2026-09-04,CM,BSE,STK,532315,INE042B01012,GROARC,X,,,,,GROARC INDUSTRIES INDIA LIMITE,5.64,6.30,5.64,6.23,6.10,5.72,,6.23,,,27918,174544.00,50,F1,1,,,,,
2026-09-04,2026-09-04,CM,BSE,STK,532320,INE418B01048,VAARAD,X,,,,,VAARAD VENTURES LTD,9.22,10.13,9.22,9.42,9.42,9.21,,9.42,,,804,7763.00,10,F1,1,,,,,
2026-09-04,2026-09-04,CM,BSE,STK,532321,INE010B01027,ZYDUSLIFE,A,,,,,Zydus Lifesciences Limited,1139.05,1143.00,1121.00,1121.00,1121.00,1135.00,,1120.00,,,18896,21414171.00,1525,F1,1,,,,,
2026-09-04,2026-09-04,CM,BSE,STK,532323,INE555C01029,SHIVACEM,B,,,,,SHIVA CEMENT LTD.,15.42,16.58,15.42,16.02,15.92,15.81,,16.01,,,62365,998364.00,282,F1,1,,,,,
2026-09-04,2026-09-04,CM,BSE,STK,532324,INE039B01026,CINEVISTA,B,,,,,CINEVISTA LTD.,15.14,15.31,14.50,14.84,14.84,15.14,,14.42,,,3659,54968.00,20,F1,1,,,,,
2026-09-04,2026-09-04,CM,BSE,STK,532326,INE781A01025,INTENTECH,B,,,,,INTENSE TECHNOLOGIES LTD.,79.30,83.95,79.30,81.66,81.66,79.30,,82.25,,,808,65917.00,28,F1,1,,,,,
2026-09-04,2026-09-04,CM,BSE,STK,532329,INE310B01013,DANLAW,XT,,,,,DANLAW TECHNOLOGIES INDIA LTD.,1805.10,1805.10,1726.05,1805.10,1805.10,1719.15,,1805.10,,,10300,18539778.00,433,F1,1,,,,,
2026-09-04,2026-09-04,CM,BSE,STK,532331,INE031B01049,AJANTPHARM,A,,,,,AJANTA PHARMA LTD.,3516.30,3516.30,3453.45,3464.45,3464.45,3521.25,,3464.79,,,13259,45922072.00,596,F1,1,,,,,
2026-09-04,2026-09-04,CM,BSE,STK,532332,INE117B01020,CURAA,B,,,,,CURA TECHNOLOGIES LTD.,80.00,80.00,64.02,72.41,68.82,68.13,,72.46,,,986,71014.00,18,F1,1,,,,,
2026-09-04,2026-09-04,CM,BSE,STK,532333,INE638B01025,HBPOR,B,,,,,HB PORTFOLIO LTD.,60.25,60.25,58.00,60.00,60.00,61.40,,58.38,,,444,26015.00,10,F1,1,,,,,
2026-09-04,2026-09-04,CM,BSE,STK,532334,INE640B01021,HBESD,B,,,,,HB ESTATE DEVELOPERS LTD.,75.02,75.02,75.00,75.01,75.00,75.00,,75.10,,,27,2025.00,3,F1,1,,,,,
2026-09-04,2026-09-04,CM,BSE,STK,532335,INE792B01012,AMBICAAGAR,B,,,,,AMBICA AGARBATHIES & AROMA IND,27.98,28.48,26.50,26.90,26.50,25.65,,27.20,,,25180,689227.00,225,F1,1,,,,,
2026-09-04,2026-09-04,CM,BSE,STK,532339,INE453B01029,COMPUSOFT,B,,,,,COMPUCOM SOFTWARE LTD.,12.90,13.36,12.90,13.00,13.01,13.00,,13.02,,,2039,26601.00,48,F1,1,,,,,
2026-09-04,2026-09-04,CM,BSE,STK,532340,INE369B01019,OMNIAX,X,,,,,OMNI AXS SOFTWARE LTD.,3.01,3.10,3.01,3.10,3.10,3.40,,3.10,,,4184,12764.00,9,F1,1,,,,,
2026-09-04,2026-09-04,CM,BSE,STK,532341,INE848A01014,IZMO,B,,,,,IZMO Limited,910.00,923.30,899.65,902.80,902.00,920.30,,902.48,,,6425,5846454.00,451,F1,1,,,,,
2026-09-04,2026-09-04,CM,BSE,STK,532343,INE494B01023,TVSMOTOR,A,,,,,TVS MOTOR COMPANY LTD.,4152.25,4196.75,4126.50,4136.00,4136.00,4200.00,,4133.13,,,12359,51430773.00,2915,F1,1,,,,,
2026-09-04,2026-09-04,CM,BSE,STK,532344,INE002B01016,MADALA,X,,,,,MADALA HOLDINGS LIMITED,189.90,189.90,177.05,177.25,177.05,181.55,,177.25,,,83,15155.00,8,F1,1,,,,,
2026-09-04,2026-09-04,CM,BSE,STK,532348,INE754A01055,SUBEXLTD,B,,,,,SUBEX LTD.,17.61,17.91,17.25,17.30,17.30,17.66,,17.28,,,108375,1901156.00,315,F1,1,,,,,
2026-09-04,2026-09-04,CM,BSE,STK,532349,INE688A01022,TCI,B,,,,,TRANSPORT CORPORATION OF INDIA,875.00,876.05,865.00,869.10,870.65,875.00,,868.22,,,1155,1004684.00,180,F1,1,,,,,
2026-09-04,2026-09-04,CM,BSE,STK,532350,INE243B01016,PADMALAYAT,Z,,,,,PADMALAYA TELEFILMS LTD.,4.38,4.38,3.98,4.22,4.22,4.18,,4.22,,,2663,10715.00,19,F1,1,,,,,
2026-09-04,2026-09-04,CM,BSE,STK,532351,INE523B01011,AKSHOPTFBR,T,,,,,AKSH OPTIFIBRE LTD.,7.02,7.46,7.00,7.46,7.46,7.11,,7.44,,,171776,1274128.00,130,F1,1,,,,,
2026-09-04,2026-09-04,CM,BSE,STK,532354,INE400B01020,VIRGOGLOB,XT,,,,,Virgo Global Limited,3.41,3.41,3.11,3.41,3.41,3.25,,3.41,,,59313,202219.00,46,F1,1,,,,,
2026-09-04,2026-09-04,CM,BSE,STK,532355,INE448B01029,PICTUREHS,X,,,,,PICTUREHOUSE MEDIA LTD.,8.59,8.61,7.85,8.01,8.00,8.20,,8.01,,,3000,25458.00,77,F1,1,,,,,
2026-09-04,2026-09-04,CM,BSE,STK,532356,INE256C01024,TRIVENI,A,,,,,TRIVENI ENGINEERING & INDUSTRI,281.70,282.90,274.45,275.75,275.50,280.95,,275.66,,,55349,15390619.00,1048,F1,1,,,,,
2026-09-04,2026-09-04,CM,BSE,STK,532357,INE374B01019,MUKTAARTS,T,,,,,MUKTA ARTS LTD.,57.04,59.37,57.04,59.37,59.37,56.55,,59.14,,,460,26820.00,2,F1,1,,,,,
2026-09-04,2026-09-04,CM,BSE,STK,532359,INE309B01023,HITKITGLO,X,,,,,HIT KIT GLOBAL SOLUTIONS LTD.,2.55,2.55,2.38,2.44,2.43,2.44,,2.44,,,52258,127958.00,80,F1,1,,,,,
2026-09-04,2026-09-04,CM,BSE,STK,532362,INE099E01016,NAGPI,X,,,,,NAGPUR POWER & INDUSTRIES LTD.,200.00,203.50,199.05,203.00,203.00,200.50,,203.00,,,564,114164.00,25,F1,1,,,,,
2026-09-04,2026-09-04,CM,BSE,STK,532365,INE417B01040,DSSL,B,,,,,DYNACONS SYSTEMS & SOLUTIONS L,971.70,1054.60,971.70,1054.60,1054.60,1004.40,,1053.47,,,4462,4560841.00,355,F1,1,,,,,
2026-09-04,2026-09-04,CM,BSE,STK,532366,INE859A01011,PNBGILTS,B,,,,,PNB GILTS LTD.,79.90,85.58,79.51,83.13,83.13,78.60,,83.08,,,99055,8263768.00,1120,F1,1,,,,,
2026-09-04,2026-09-04,CM,BSE,STK,532368,INE425B01027,BCG,B,,,,,BRIGHTCOM GROUP LIMITED,9.01,9.07,8.94,8.98,8.98,9.00,,8.98,,,258911,2329387.00,555,F1,1,,,,,
2026-09-04,2026-09-04,CM,BSE,STK,532369,INE614A01028,RAMCOIND,B,,,,,RAMCO INDUSTRIES LTD.,327.00,329.10,320.45,322.65,322.45,323.55,,323.24,,,3416,1105055.00,99,F1,1,,,,,
2026-09-04,2026-09-04,CM,BSE,STK,532370,INE246B01019,RAMCOSYS,B,,,,,RAMCO SYSTEMS LTD.,598.05,615.65,597.00,611.35,611.00,586.35,,611.21,,,17573,10667071.00,771,F1,1,,,,,
2026-09-04,2026-09-04,CM,BSE,STK,532371,INE517B01013,TTML,A,,,,,TATA TELESERVICES (MAHARASHTRA,38.69,38.69,37.69,37.76,37.79,37.99,,37.74,,,160597,6092250.00,616,F1,1,,,,,
2026-09-04,2026-09-04,CM,BSE,STK,532372,INE539B01017,VIRINCHI,B,,,,,Virinchi Limited,14.95,14.95,14.45,14.80,14.65,14.95,,14.70,,,11942,175965.00,57,F1,1,,,,,
2026-09-04,2026-09-04,CM,BSE,STK,532373,INE434B01029,WEPSOLN,X,,,,,WEP SOLUTIONS LTD.,36.48,37.00,35.70,36.06,36.20,36.86,,36.06,,,11803,426656.00,90,F1,1,,,,,
2026-09-04,2026-09-04,CM,BSE,STK,532374,INE089C01029,STLTECH,T,,,,,STERLITE TECHNOLOGIES LTD.,750.15,750.15,750.15,750.15,750.15,714.45,,749.48,,,272735,204592160.00,2821,F1,1,,,,,
2026-09-04,2026-09-04,CM,BSE,STK,532375,INE716B01029,TIPSMUSIC,A,,,,,TIPS MUSIC LIMITED,650.00,656.90,642.60,649.75,651.75,652.80,,649.75,,,6222,4033621.00,492,F1,1,,,,,
2026-09-04,2026-09-04,CM,BSE,STK,532376,INE398B01018,UMIYA-MRO,B,,,,,UMIYA BUILDCON LIMITED,99.90,105.66,99.39,104.84,105.00,96.93,,104.54,,,20300,2103681.00,303,F1,1,,,,,
2026-09-04,2026-09-04,CM,BSE,STK,532378,INE464B01018,UNIVARTS,X,,,,,UNIVERSAL ARTS LTD.,5.70,5.70,5.10,5.66,5.66,5.70,,5.66,,,2031,10976.00,7,F1,1,,,,,
2026-09-04,2026-09-04,CM,BSE,STK,532379,INE683B01047,FIRSTFIN,X,,,,,FIRST FINTEC LIMITED,7.36,7.36,7.36,7.36,7.36,7.01,,7.36,,,2210,16265.00,10,F1,1,,,,,
2026-09-04,2026-09-04,CM,BSE,STK,532380,INE893A01036,BABA,X,,,,,BABA ARTS LTD.,14.45,14.45,13.66,13.83,13.97,14.00,,13.83,,,28978,404630.00,59,F1,1,,,,,
2026-09-04,2026-09-04,CM,BSE,STK,532382,INE794B01026,BALAJITELE,B,,,,,BALAJI TELEFILMS LTD.,92.02,95.00,88.57,93.45,93.90,91.24,,93.18,,,46641,4283390.00,423,F1,1,,,,,
2026-09-04,2026-09-04,CM,BSE,STK,532384,INE443B01012,TYCHE,X,,,,,TYCHE INDUSTRIES LTD.,109.95,112.00,107.50,109.45,109.10,107.05,,109.45,,,3477,381258.00,48,F1,1,,,,,
2026-09-04,2026-09-04,CM,BSE,STK,532386,INE526B01014,CALSOFT,T,,,,,CALIFORNIA SOFTWARE CO.LTD.,43.13,44.80,40.75,40.75,40.75,42.89,,40.85,,,72195,2987792.00,451,F1,1,,,,,
2026-09-04,2026-09-04,CM,BSE,STK,532387,INE392B01011,PNC,B,,,,,PRITISH NANDY COMMUNICATIONS L,16.35,17.11,16.26,16.30,16.30,16.77,,16.72,,,963,15987.00,16,F1,1,,,,,
2026-09-04,2026-09-04,CM,BSE,STK,532388,INE565A01014,IOB,A,,,,,INDIAN OVERSEAS BANK,33.30,33.60,33.02,33.52,33.50,33.21,,33.55,,,202116,6744935.00,644,F1,1,,,,,
2026-09-04,2026-09-04,CM,BSE,STK,532390,INE586B01026,TAJGVK,B,,,,,TAJGVK HOTELS & RESORTS LTD.,335.00,336.35,330.60,333.20,333.20,334.65,,332.58,,,12800,4271551.00,531,F1,1,,,,,
2026-09-04,2026-09-04,CM,BSE,STK,532395,INE555B01013,AXISCADES,B,,,,,AXISCADES TECHNOLOGIES LIMITED,1753.40,1763.90,1702.80,1711.80,1715.05,1728.50,,1711.60,,,7170,12430727.00,591,F1,1,,,,,
2026-09-04,2026-09-04,CM,BSE,STK,532397,INE971A01014,KONNDOR,XT,,,,,KONNDOR INDUSTRIES LIMITED,14.20,14.50,14.20,14.50,14.50,14.19,,14.50,,,201,2884.00,6,F1,1,,,,,
2026-09-04,2026-09-04,CM,BSE,STK,532398,INE240C01028,UMESLTD,B,,,,,USHA MARTIN EDUCATION & SOLUTI,5.34,5.34,4.92,5.12,5.12,4.88,,5.10,,,5795,29919.00,19,F1,1,,,,,
2026-09-04,2026-09-04,CM,BSE,STK,532400,INE836A01035,BSOFT,A,,,,,BIRLASOFT LIMITED,293.15,299.45,288.55,289.40,289.40,293.35,,289.35,,,96870,28299098.00,2452,F1,1,,,,,
2026-09-04,2026-09-04,CM,BSE,STK,532402,INE718B01017,USGTECH,XT,,,,,USG TECH SOLUTIONS LTD.,8.50,8.75,8.41,8.41,8.41,8.58,,8.41,,,9202,77460.00,20,F1,1,,,,,
2026-09-04,2026-09-04,CM,BSE,STK,532404,INE856B01023,7TEC,X,,,,,SAVEN TECHNOLOGIES LTD.,34.89,34.89,33.55,34.20,34.20,34.57,,34.20,,,5326,183116.00,138,F1,1,,,,,
2026-09-04,2026-09-04,CM,BSE,STK,532406,INE005B01027,AVANTEL,A,,,,,AVANTEL LTD.,157.30,158.20,154.55,154.85,154.85,156.50,,154.95,,,42986,6719278.00,763,F1,1,,,,,
2026-09-04,2026-09-04,CM,BSE,STK,532407,INE935B01025,MOSCHIP,A,,,,,MOSCHIP TECHNOLOGIES LIMITED,213.60,215.00,211.15,212.35,212.90,213.50,,212.23,,,100054,21317191.00,1283,F1,1,,,,,
2026-09-04,2026-09-04,CM,BSE,STK,532408,INE933B01012,SIGMAADV,T,,,,,SIGMA ADVANCED SYSTEMS LIMITED,763.00,779.95,751.00,766.20,768.00,752.80,,763.24,,,10143,7810724.00,334,F1,1,,,,,
2026-09-04,2026-09-04,CM,BSE,STK,532410,INE330E01023,TRANSCOR,B,,,,,TRANSCORP INTERNATIONAL LTD.,25.05,25.95,24.52,24.80,24.80,24.98,,25.49,,,2478,62708.00,22,F1,1,,,,,
2026-09-04,2026-09-04,CM,BSE,STK,532413,INE345B01019,CEREBRAINT,Z,,,,,CEREBRA INTEGRATED TECHNOLOGIE,2.70,2.70,2.69,2.69,2.69,2.60,,2.69,,,3562,9584.00,12,F1,1,,,,,
2026-09-04,2026-09-04,CM,BSE,STK,532416,INE747B01016,NEXTMEDIA,B,,,,,NEXT MEDIAWORKS LTD.,3.82,4.08,3.82,3.93,3.93,4.02,,3.89,,,10495,41592.00,47,F1,1,,,,,
2026-09-04,2026-09-04,CM,BSE,STK,532419,INE178C01020,SMARTLINK,T,,,,,Smartlink Holdings Limited,210.00,218.70,207.00,214.25,218.70,217.70,,213.81,,,1147,240170.00,26,F1,1,,,,,
2026-09-04,2026-09-04,CM,BSE,STK,532424,INE102D01028,GODREJCP,A,,,,,GODREJ CONSUMER PRODUCTS LTD.,879.95,880.00,866.50,880.00,880.00,875.00,,878.12,,,64275,56089756.00,1840,F1,1,,,,,
2026-09-04,2026-09-04,CM,BSE,STK,532425,INE256D01014,GENUSPRIME,X,,,,,GENUS PRIME INFRA LIMITED,49.23,49.23,49.23,49.23,49.23,46.89,,49.23,,,7100,349533.00,43,F1,1,,,,,
2026-09-04,2026-09-04,CM,BSE,STK,532430,INE243D01012,BFUTILITIE,B,,,,,BF UTILITIES LTD.,545.00,560.65,538.65,543.55,550.00,543.30,,542.49,,,21303,11675146.00,968,F1,1,,,,,
2026-09-04,2026-09-04,CM,BSE,STK,532432,INE854D01024,UNITDSPR,A,,,,,UNITED SPIRITS LTD.,1492.00,1492.55,1463.00,1475.00,1475.00,1483.75,,1471.72,,,11562,17056430.00,1435,F1,1,,,,,
2026-09-04,2026-09-04,CM,BSE,STK,532435,INE799C01049,SANINFRA,XT,,,,,SANMIT INFRA LIMITED,47.59,51.99,47.59,49.35,49.00,50.09,,49.35,,,2961,146938.00,76,F1,1,,,,,
2026-09-04,2026-09-04,CM,BSE,STK,532439,INE260D01016,OLECTRA,A,,,,,OLECTRA GREENTECH LIMITED,1247.00,1261.60,1224.00,1228.85,1228.85,1243.25,,1228.99,,,26786,33278044.00,995,F1,1,,,,,
2026-09-04,2026-09-04,CM,BSE,STK,532440,INE943D01017,MPSLTD,B,,,,,MPS LTD.,2632.85,2707.45,2632.10,2655.05,2645.75,2628.05,,2658.70,,,1520,4057699.00,306,F1,1,,,,,
2026-09-04,2026-09-04,CM,BSE,STK,532443,INE739E01017,CERA,A,,,,,CERA SANITARYWARE LTD.,5777.00,5890.25,5738.10,5766.80,5779.00,5672.30,,5786.01,,,1614,9361003.00,345,F1,1,,,,,
2026-09-04,2026-09-04,CM,BSE,STK,532444,INE541C01037,TSPIRITUAL,X,,,,,T.SPIRITUAL WORLD LTD.,1.96,1.96,1.81,1.94,1.94,1.88,,1.94,,,469,885.00,11,F1,1,,,,,
2026-09-04,2026-09-04,CM,BSE,STK,532454,INE397D01024,BHARTIARTL,A,,,,,BHARTI AIRTEL LTD.,1867.95,1870.35,1842.00,1842.00,1842.00,1865.20,,1840.00,,,338583,630868592.00,3657,F1,1,,,,,
2026-09-04,2026-09-04,CM,BSE,STK,532455,INE655D01025,SHALIWIR,X,,,,,SHALIMAR WIRES INDUSTRIES LTD.,18.35,19.35,18.07,19.20,19.20,18.35,,19.20,,,8671,164957.00,98,F1,1,,,,,
2026-09-04,2026-09-04,CM,BSE,STK,532456,INE070C01037,COMPINFO,Z,,,,,COMPUAGE INFOCOM LTD.,1.05,1.09,1.03,1.06,1.09,1.07,,1.08,,,9756,10371.00,16,F1,1,,,,,
2026-09-04,2026-09-04,CM,BSE,STK,532457,INE255D01024,GULPOLY,B,,,,,GULSHAN POLYOLS LTD.,188.65,188.65,184.40,186.00,188.15,186.10,,186.01,,,7687,1428376.00,226,F1,1,,,,,
2026-09-04,2026-09-04,CM,BSE,STK,532460,INE838E01017,PONNIERODE,B,,,,,PONNI SUGARS (ERODE) LTD.,400.00,400.00,380.20,382.50,389.15,395.50,,382.45,,,2636,1019244.00,187,F1,1,,,,,
2026-09-04,2026-09-04,CM,BSE,STK,532461,INE160A01022,PNB,A,,,,,PUNJAB NATIONAL BANK,117.35,118.00,116.50,116.80,116.80,116.50,,116.99,,,529090,62105374.00,5157,F1,1,,,,,
2026-09-04,2026-09-04,CM,BSE,STK,532466,INE881D01027,OFSS,A,,,,,ORACLE FINANCIAL SERVICES SOFT,12300.00,12347.65,12042.60,12067.35,12067.35,12050.00,,12058.00,,,5260,64037206.00,881,F1,1,,,,,
2026-09-04,2026-09-04,CM,BSE,STK,532467,INE550F01049,HAZOOR,B,,,,,HAZOOR MULTI PROJECTS LTD.,19.58,19.80,18.60,19.19,19.29,19.28,,19.14,,,120120,2312900.00,292,F1,1,,,,,
2026-09-04,2026-09-04,CM,BSE,STK,532468,INE411F01010,KAMAHOLD,B,,,,,KAMA HOLDINGS LIMITED,2362.05,2362.05,2340.95,2349.00,2346.40,2344.15,,2348.26,,,503,1181565.00,78,F1,1,,,,,
2026-09-04,2026-09-04,CM,BSE,STK,532470,INE095E01022,MPFSL,XT,,,,,MPF Systems Limited,6.04,6.04,6.04,6.04,6.04,5.76,,6.04,,,7,42.00,4,F1,1,,,,,
2026-09-04,2026-09-04,CM,BSE,STK,532475,INE266F01018,APTECHT,T,,,,,APTECH LTD.,90.60,91.65,89.00,89.84,89.84,90.35,,89.14,,,2861,258757.00,67,F1,1,,,,,
2026-09-04,2026-09-04,CM,BSE,STK,532477,INE692A01016,UNIONBANK,A,,,,,UNION BANK OF INDIA,189.95,189.95,186.55,186.55,186.55,188.50,,187.22,,,266025,49993777.00,1632,F1,1,,,,,
2026-09-04,2026-09-04,CM,BSE,STK,532478,INE686F01025,UBL,A,,,,,UNITED BREWERIES LTD.,1299.85,1324.00,1278.00,1279.80,1281.50,1283.85,,1279.40,,,15432,20140527.00,1040,F1,1,,,,,
2026-09-04,2026-09-04,CM,BSE,STK,532481,INE781B01015,NOIDATOLL,B,,,,,NOIDA TOLL BRIDGE COMPANY LTD.,4.32,4.34,4.10,4.16,4.16,4.24,,4.14,,,8191,34232.00,70,F1,1,,,,,
2026-09-04,2026-09-04,CM,BSE,STK,532482,INE101D01020,GRANULES,A,,,,,GRANULES INDIA LTD.,859.20,863.75,838.55,847.60,850.40,853.95,,848.29,,,47511,40375035.00,1665,F1,1,,,,,
2026-09-04,2026-09-04,CM,BSE,STK,532483,INE476A01022,CANBK,A,,,,,CANARA BANK,126.15,127.25,126.00,126.00,126.00,126.15,,125.50,,,692480,87662776.00,5775,F1,1,,,,,
2026-09-04,2026-09-04,CM,BSE,STK,532485,INE525F01025,BLIL,B,,,,,BALMER LAWRIE INVESTMENTS LTD.,73.99,73.99,72.43,72.57,72.61,72.44,,72.53,,,32478,2358250.00,285,F1,1,,,,,
2026-09-04,2026-09-04,CM,BSE,STK,532486,INE637C01025,POKARNA,B,,,,,POKARNA LTD.,835.00,838.80,813.50,817.15,813.50,832.35,,817.15,,,4896,4071169.00,226,F1,1,,,,,
2026-09-04,2026-09-04,CM,BSE,STK,532488,INE361B01024,DIVISLAB,A,,,,,DIVIS LABORATORIES LTD.,9245.00,9277.00,9100.00,9100.00,9100.00,9245.00,,9100.00,,,8346,76493779.00,2008,F1,1,,,,,
2026-09-04,2026-09-04,CM,BSE,STK,532493,INE386C01029,ASTRAMICRO,A,,,,,ASTRA MICROWAVE PRODUCTS LTD.,1648.45,1740.00,1648.45,1727.85,1733.00,1666.20,,1728.95,,,31416,54065926.00,1912,F1,1,,,,,
2026-09-04,2026-09-04,CM,BSE,STK,532497,INE944F01028,RADICO,A,,,,,RADICO KHAITAN LTD.,4587.95,4587.95,4444.40,4500.00,4500.00,4549.00,,4494.07,,,4600,20631787.00,1214,F1,1,,,,,
2026-09-04,2026-09-04,CM,BSE,STK,532500,INE585B01010,MARUTI,A,,,,,MARUTI SUZUKI INDIA LTD.,12924.80,12924.80,12655.65,12700.00,12700.00,12705.00,,12694.24,,,18510,235690008.00,3898,F1,1,,,,,
2026-09-04,2026-09-04,CM,BSE,STK,532503,INE296E01026,RAJPALAYAM,B,,,,,RAJAPALAYAM MILLS LTD.,802.05,802.05,794.05,794.95,794.05,795.20,,795.28,,,53,42254.00,8,F1,1,,,,,
2026-09-04,2026-09-04,CM,BSE,STK,532504,INE048G01026,NAVINFLUOR,A,,,,,NAVIN FLUORINE INTERNATIONAL L,8660.50,8696.90,8515.00,8563.50,8559.95,8697.20,,8557.65,,,3755,32251397.00,977,F1,1,,,,,
2026-09-04,2026-09-04,CM,BSE,STK,532505,INE691A01018,UCOBANK,A,,,,,UCO BANK,24.93,25.02,24.55,24.80,24.80,24.65,,24.78,,,395554,9809781.00,1602,F1,1,,,,,
2026-09-04,2026-09-04,CM,BSE,STK,532507,INE116D01028,BAGFILMS,B,,,,,B.A.G.FILMS & MEDIA LTD.,4.35,4.62,4.31,4.53,4.53,4.35,,4.51,,,22722,103059.00,52,F1,1,,,,,
2026-09-04,2026-09-04,CM,BSE,STK,532508,INE220G01021,JSL,A,,,,,JINDAL STAINLESS LTD.,737.80,741.15,732.95,737.70,737.70,737.80,,737.85,,,7682,5668419.00,593,F1,1,,,,,
2026-09-04,2026-09-04,CM,BSE,STK,532509,INE399C01030,SUPRAJIT,A,,,,,SUPRAJIT ENGINEERING LTD.,486.65,487.45,477.40,480.45,479.20,489.35,,479.56,,,3776,1817861.00,303,F1,1,,,,,
2026-09-04,2026-09-04,CM,BSE,STK,532513,INE236G01019,TVSELECT,B,,,,,TVS ELECTRONICS LTD.,422.00,424.00,419.05,421.75,420.80,421.05,,420.93,,,1091,460389.00,74,F1,1,,,,,
2026-09-04,2026-09-04,CM,BSE,STK,532514,INE203G01027,IGL,A,,,,,INDRAPRASTHA GAS LTD.,149.95,159.40,149.95,158.05,158.05,149.45,,158.04,,,957798,149477336.00,13424,F1,1,,,,,
2026-09-04,2026-09-04,CM,BSE,STK,532515,INE038F01029,TVTODAY,B,,,,,TV TODAY NETWORK LTD.,111.80,113.35,110.00,110.75,110.75,111.80,,110.95,,,667,74122.00,34,F1,1,,,,,
2026-09-04,2026-09-04,CM,BSE,STK,532522,INE347G01014,PETRONET,A,,,,,PETRONET LNG LTD.,285.75,292.00,285.75,289.30,289.30,290.80,,288.10,,,26133,7585579.00,913,F1,1,,,,,
2026-09-04,2026-09-04,CM,BSE,STK,532523,INE376G01013,BIOCON,A,,,,,BIOCON LTD.,402.00,404.80,396.50,397.25,397.25,402.00,,397.39,,,74901,30039495.00,2268,F1,1,,,,,
2026-09-04,2026-09-04,CM,BSE,STK,532524,INE877F01012,PTC,A,,,,,PTC INDIA LTD.,155.05,156.60,155.05,156.30,156.50,155.30,,156.29,,,64328,10033760.00,926,F1,1,,,,,
2026-09-04,2026-09-04,CM,BSE,STK,532525,INE457A01014,MAHABANK,A,,,,,BANK OF MAHARASHTRA,86.38,86.96,85.70,85.75,85.75,86.33,,85.92,,,1310450,113255459.00,4804,F1,1,,,,,
2026-09-04,2026-09-04,CM,BSE,STK,532527,INE399G01023,RKFORGE,A,,,,,RAMKRISHNA FORGINGS LTD.,736.50,736.50,690.00,700.60,702.00,726.50,,700.85,,,32552,23000410.00,1130,F1,1,,,,,
2026-09-04,2026-09-04,CM,BSE,STK,532528,INE365B01017,DATAMATICS,A,,,,,DATAMATICS GLOBAL SERVICES LTD,775.65,783.75,763.15,765.50,766.10,775.70,,764.91,,,4766,3690877.00,281,F1,1,,,,,
2026-09-04,2026-09-04,CM,BSE,STK,532529,INE155G01029,NDTV,B,,,,,NEW DELHI TELEVISION LTD.,70.85,75.00,70.85,74.61,75.00,70.64,,74.28,,,13130,955331.00,211,F1,1,,,,,
2026-09-04,2026-09-04,CM,BSE,STK,532531,INE939A01011,STAR,A,,,,,STRIDES PHARMA SCIENCE LIMITED,1058.60,1065.95,1040.25,1058.35,1058.20,1053.35,,1059.56,,,11778,12443399.00,655,F1,1,,,,,
2026-09-04,2026-09-04,CM,BSE,STK,532538,INE481G01011,ULTRACEMCO,A,,,,,ULTRATECH CEMENT LTD.,11421.95,11438.80,11282.70,11348.00,11348.00,11223.45,,11407.27,,,31287,354817729.00,2866,F1,1,,,,,
2026-09-04,2026-09-04,CM,BSE,STK,532539,INE405E01023,UNOMINDA,A,,,,,UNO Minda Limited,1220.50,1259.95,1220.50,1250.00,1250.00,1243.20,,1249.73,,,321392,399445914.00,1484,F1,1,,,,,
2026-09-04,2026-09-04,CM,BSE,STK,532540,INE467B01029,TCS,A,,,,,TATA CONSULTANCY SERVICES LTD.,2323.20,2363.80,2300.90,2300.90,2300.90,2312.00,,2303.97,,,127590,296252349.00,5167,F1,1,,,,,
2026-09-04,2026-09-04,CM,BSE,STK,532541,INE591G01025,COFORGE,A,,,,,COFORGE LIMITED,1995.00,1995.00,1964.50,1967.45,1967.45,1963.70,,1972.76,,,37667,74523039.00,2927,F1,1,,,,,
2026-09-04,2026-09-04,CM,BSE,STK,532543,INE586G01017,GULFPETRO,T,,,,,GP PETROLEUMS LTD,67.00,67.00,65.70,65.80,65.80,66.58,,65.91,,,1847,121912.00,31,F1,1,,,,,
2026-09-04,2026-09-04,CM,BSE,STK,532548,INE348B01021,CENTURYPLY,A,,,,,CENTURY PLYBOARDS (I) LTD.,746.80,754.60,745.60,747.10,747.00,748.40,,748.43,,,1799,1349932.00,122,F1,1,,,,,
2026-09-04,2026-09-04,CM,BSE,STK,532553,INE625G01013,WELENT,A,,,,,WELSPUN ENTERPRISES LIMTED,764.40,824.80,762.00,813.00,813.00,765.35,,813.58,,,128347,102959205.00,3209,F1,1,,,,,
2026-09-04,2026-09-04,CM,BSE,STK,532555,INE733E01010,NTPC,A,,,,,NTPC LTD.,331.00,333.90,329.85,332.60,332.60,329.95,,332.50,,,704738,234318337.00,3304,F1,1,,,,,
2026-09-04,2026-09-04,CM,BSE,STK,532604,INE658G01014,SALSTEEL,B,,,,,S.A.L.STEEL LTD.,84.03,84.03,80.17,81.60,82.00,81.99,,81.40,,,21663,1779399.00,244,F1,1,,,,,
2026-09-04,2026-09-04,CM,BSE,STK,532605,INE927D01051,JBMA,A,,,,,JBM AUTO LTD.,628.75,632.90,621.80,625.55,626.15,628.70,,625.60,,,18615,11682151.00,662,F1,1,,,,,
2026-09-04,2026-09-04,CM,BSE,STK,532610,INE366A01041,DWARKESH,B,,,,,DWARIKESH SUGAR INDUSTRIES LTD,49.66,49.66,47.20,47.35,47.35,49.29,,47.31,,,140080,6667277.00,555,F1,1,,,,,
2026-09-04,2026-09-04,CM,BSE,STK,532612,INE873D01024,INDOCO,B,,,,,INDOCO REMEDIES LTD.,271.95,273.05,260.90,262.05,262.30,273.45,,262.50,,,11573,3081654.00,367,F1,1,,,,,
2026-09-04,2026-09-04,CM,BSE,STK,532613,INE450G01024,VIPCLOTHNG,B,,,,,VIP Clothing Limited,20.05,20.60,19.00,20.60,20.60,20.01,,20.15,,,6665,132526.00,24,F1,1,,,,,
2026-09-04,2026-09-04,CM,BSE,STK,532614,INE691G01015,IMPEXFERRO,Z,,,,,IMPEX FERRO TECH LTD.,4.86,4.86,4.86,4.86,4.86,4.77,,4.86,,,26504,128809.00,33,F1,1,,,,,
2026-09-04,2026-09-04,CM,BSE,STK,532616,INE692G01013,XCHANGING,B,,,,,XCHANGING SOLUTIONS LTD.,61.05,61.82,60.50,61.30,61.82,60.77,,61.39,,,1975,120621.00,84,F1,1,,,,,
2026-09-04,2026-09-04,CM,BSE,STK,532624,INE796G01012,JINDALPHOT,B,,,,,JINDAL PHOTO LTD.,1077.70,1077.70,1015.35,1028.30,1028.30,1019.00,,1021.20,,,50,51575.00,11,F1,1,,,,,
2026-09-04,2026-09-04,CM,BSE,STK,532626,INE063E01061,POCL,A,,,,,PONDY OXIDES & CHEMICALS LTD.,479.10,489.90,475.00,478.20,478.20,476.60,,477.82,,,50162,24191466.00,1559,F1,1,,,,,
2026-09-04,2026-09-04,CM,BSE,STK,532627,INE351F01018,JPPOWER,A,,,,,JAIPRAKASH POWER VENTURES LIMI,16.00,16.43,16.00,16.31,16.31,16.15,,16.29,,,4007721,64873302.00,5155,F1,1,,,,,
2026-09-04,2026-09-04,CM,BSE,STK,532628,INE748C01038,3IINFOLTD,T,,,,,3I INFOTECH LTD.,21.30,22.84,21.30,22.45,22.49,21.76,,22.37,,,23180,521789.00,127,F1,1,,,,,
2026-09-04,2026-09-04,CM,BSE,STK,532629,INE748A01024,MBECL,T,,,,,MCNALLY BHARAT ENGINEERING COM,258.83,258.83,258.83,258.83,258.83,246.51,,258.89,,,30,7764.00,6,F1,1,,,,,
2026-09-04,2026-09-04,CM,BSE,STK,532630,INE887G01027,GOKEX,A,,,,,GOKALDAS EXPORTS LTD.,770.00,801.10,770.00,789.70,792.00,767.30,,789.21,,,15110,11914411.00,579,F1,1,,,,,
2026-09-04,2026-09-04,CM,BSE,STK,532633,INE835G01018,ALLDIGI,B,,,,,Alldigi Tech Limited,804.10,811.80,798.85,806.90,806.90,805.70,,805.95,,,559,450827.00,74,F1,1,,,,,
2026-09-04,2026-09-04,CM,BSE,STK,532636,INE530B01024,IIFL,A,,,,,IIFL FINANCE LIMITED,643.95,662.80,641.25,651.50,651.50,644.20,,651.17,,,112625,73305539.00,2756,F1,1,,,,,
2026-09-04,2026-09-04,CM,BSE,STK,532637,INE584F01014,MANGALAM,B,,,,,MANGALAM DRUGS & ORGANICS LTD.,29.87,31.16,29.87,30.35,30.30,30.48,,30.03,,,3995,122317.00,52,F1,1,,,,,
2026-09-04,2026-09-04,CM,BSE,STK,532638,INE498B01024,SHOPERSTOP,B,,,,,SHOPPERS STOP LTD.,395.00,395.00,381.95,382.65,381.95,391.00,,381.79,,,526,203136.00,96,F1,1,,,,,
2026-09-04,2026-09-04,CM,BSE,STK,532640,INE278G01037,CYBERMEDIA,B,,,,,CYBER MEDIA (INDIA) LTD.,26.00,28.44,22.11,26.54,26.54,23.90,,26.41,,,146472,3892637.00,887,F1,1,,,,,
2026-09-04,2026-09-04,CM,BSE,STK,532641,INE875G01048,NDL,B,,,,,NANDAN DENIM LIMITED,2.89,2.89,2.81,2.83,2.85,2.83,,2.83,,,160995,455649.00,155,F1,1,,,,,
2026-09-04,2026-09-04,CM,BSE,STK,532642,INE824G01012,JSWHL,A,,,,,JSW HOLDINGS LIMITED,11781.00,11811.00,11438.85,11516.95,11650.00,11523.05,,11476.40,,,26509,306319361.00,167,F1,1,,,,,
2026-09-04,2026-09-04,CM,BSE,STK,532644,INE823G01014,JKCEMENT,A,,,,,J.K.CEMENT LTD.,5119.35,5120.00,5015.45,5066.10,5120.00,5038.10,,5082.28,,,1192,6037341.00,203,F1,1,,,,,
2026-09-04,2026-09-04,CM,BSE,STK,532645,INE052B01011,BEEYU,X,,,,,BEEYU OVERSEAS LTD.,2.99,2.99,2.84,2.84,2.84,3.00,,2.84,,,1155,3430.00,9,F1,1,,,,,
2026-09-04,2026-09-04,CM,BSE,STK,532648,INE528G01035,YESBANK,A,,,,,YES BANK LTD.,22.43,22.62,22.43,22.49,22.49,22.42,,22.50,,,1046530,23575289.00,18511,F1,1,,,,,
2026-09-04,2026-09-04,CM,BSE,STK,532649,INE023H01027,NECLIFE,B,,,,,NECTAR LIFESCIENCES LTD.,12.39,12.62,12.11,12.22,12.20,12.15,,12.19,,,15096,185610.00,73,F1,1,,,,,
2026-09-04,2026-09-04,CM,BSE,STK,532650,INE752G01015,MSPL,B,,,,,MSP STEEL & POWER LTD.,36.48,36.48,35.04,35.30,35.30,35.30,,35.39,,,23939,846537.00,164,F1,1,,,,,
2026-09-04,2026-09-04,CM,BSE,STK,532651,INE978G01016,SPLIL,B,,,,,SPL INDUSTRIES LTD.,36.00,36.00,29.45,30.21,30.21,31.08,,30.39,,,2864,89176.00,34,F1,1,,,,,
2026-09-04,2026-09-04,CM,BSE,STK,532652,INE614B01018,KTKBANK,A,,,,,KARNATAKA BANK LTD.,342.00,345.90,338.30,339.95,338.90,340.05,,340.10,,,82056,27964008.00,1170,F1,1,,,,,
2026-09-04,2026-09-04,CM,BSE,STK,532654,INE942G01012,MCLEODRUSS,B,,,,,MCLEOD RUSSEL INDIA LTD.,47.50,47.50,46.10,46.57,46.29,46.66,,46.31,,,11542,541385.00,333,F1,1,,,,,
2026-09-04,2026-09-04,CM,BSE,STK,532656,INE828G01013,FACORALL,XT,,,,,FACOR ALLOYS LTD.,2.85,3.00,2.82,2.93,2.93,2.90,,2.93,,,79245,231048.00,185,F1,1,,,,,
2026-09-04,2026-09-04,CM,BSE,STK,532660,INE526G01021,VIVIMEDLAB,T,,,,,VIVIMED LABS LTD.,6.41,6.67,6.41,6.67,6.67,6.54,,6.58,,,15813,103750.00,33,F1,1,,,,,
2026-09-04,2026-09-04,CM,BSE,STK,532661,INE050H01012,RML,B,,,,,RANE (MADRAS) LTD.,1121.75,1331.00,1121.75,1296.15,1296.15,1127.50,,1295.91,,,71758,92641031.00,3517,F1,1,,,,,
2026-09-04,2026-09-04,CM,BSE,STK,532662,INE501G01024,HTMEDIA,B,,,,,HT MEDIA LIMITED,26.67,26.67,26.11,26.14,26.12,26.25,,26.12,,,4775,125962.00,62,F1,1,,,,,
2026-09-04,2026-09-04,CM,BSE,STK,532663,INE231F01020,SASKEN,B,,,,,Sasken Technologies Limited,1900.00,1926.00,1870.05,1880.00,1880.00,1907.00,,1881.26,,,3827,7272961.00,215,F1,1,,,,,
2026-09-04,2026-09-04,CM,BSE,STK,532666,INE512B01022,FCSSOFT,B,,,,,FCS SOFTWARE SOLUTIONS LTD.,1.43,1.46,1.43,1.45,1.45,1.44,,1.45,,,236135,342079.00,179,F1,1,,,,,
2026-09-04,2026-09-04,CM,BSE,STK,532667,INE040H01021,SUZLON,A,,,,,SUZLON ENERGY LTD.,46.14,46.36,45.02,45.38,45.38,46.00,,45.35,,,6574307,299190294.00,21333,F1,1,,,,,
2026-09-04,2026-09-04,CM,BSE,STK,532668,INE132H01018,AURIONPRO,A,,,,,AURIONPRO SOLUTIONS LTD.,690.00,697.15,686.30,689.40,691.75,686.65,,689.69,,,6386,4424094.00,328,F1,1,,,,,
2026-09-04,2026-09-04,CM,BSE,STK,532670,INE087H01022,RENUKA,A,,,,,SHREE RENUKA SUGARS LTD.,24.38,24.38,23.46,23.99,24.15,24.34,,24.04,,,969513,23049967.00,2706,F1,1,,,,,
2026-09-04,2026-09-04,CM,BSE,STK,532673,INE157H01023,KMSUGAR,B,,,,,K.M.SUGAR MILLS LTD.,32.34,32.34,30.34,30.63,30.60,31.63,,30.68,,,44337,1355334.00,263,F1,1,,,,,
2026-09-04,2026-09-04,CM,BSE,STK,532674,INE186H01022,BASML,T,,,,,BANNARI AMMAN SPINNING MILLS L,25.99,25.99,24.77,25.02,25.00,24.81,,25.36,,,3904,100747.00,16,F1,1,,,,,
2026-09-04,2026-09-04,CM,BSE,STK,532676,INE160H01019,PBAINFRA,XT,,,,,PBA INFRASTRUCTURE LTD.,10.75,10.75,9.98,10.13,10.73,10.50,,10.13,,,2557,26172.00,33,F1,1,,,,,
2026-09-04,2026-09-04,CM,BSE,STK,532683,INE212H01026,AIAENG,A,,,,,AIA ENGINEERING LTD.,4262.70,4271.95,4209.00,4233.20,4211.00,4263.15,,4231.29,,,889,3766442.00,201,F1,1,,,,,
2026-09-04,2026-09-04,CM,BSE,STK,532684,INE184H01027,EKC,B,,,,,EVEREST KANTO CYLINDER LTD.,107.25,107.65,105.00,106.25,106.10,107.15,,106.41,,,15599,1654438.00,251,F1,1,,,,,
2026-09-04,2026-09-04,CM,BSE,STK,532686,INE202H01019,KERNEX,B,,,,,KERNEX MICROSYSTEMS (INDIA) LT,1757.80,1870.35,1754.65,1812.80,1830.00,1712.85,,1816.72,,,41501,75491878.00,3817,F1,1,,,,,
2026-09-04,2026-09-04,CM,BSE,STK,532687,INE461B01014,REPRO,B,,,,,REPRO INDIA LTD.,319.00,329.90,315.15,319.55,315.15,321.15,,319.47,,,477,153219.00,62,F1,1,,,,,
2026-09-04,2026-09-04,CM,BSE,STK,532689,INE191H01014,PVRINOX,A,,,,,PVR INOX LIMITED,1218.75,1231.85,1214.05,1227.10,1231.60,1246.80,,1227.19,,,15031,18385023.00,859,F1,1,,,,,
2026-09-04,2026-09-04,CM,BSE,STK,532694,INE855F01042,ASMS,T,,,,,Avio Smart Market Stack Limite,7.15,7.29,7.01,7.05,7.14,7.14,,7.07,,,28332,202522.00,106,F1,1,,,,,
2026-09-04,2026-09-04,CM,BSE,STK,532695,INE185H01016,CELEBRITY,B,,,,,CELEBRITY FASHIONS LTD.,6.70,6.70,6.55,6.63,6.63,7.00,,6.80,,,3180,21099.00,13,F1,1,,,,,
2026-09-04,2026-09-04,CM,BSE,STK,532698,INE229H01012,NITINSPIN,B,,,,,NITIN SPINNERS LTD.,646.75,646.75,632.75,639.30,636.00,639.45,,639.06,,,2031,1295674.00,149,F1,1,,,,,
2026-09-04,2026-09-04,CM,BSE,STK,532699,INE283H01019,ROHLTD,B,,,,,ROYAL ORCHID HOTELS LTD.,298.00,304.55,296.55,301.65,301.65,301.15,,298.56,,,1236,371100.00,64,F1,1,,,,,
2026-09-04,2026-09-04,CM,BSE,STK,532700,INE265F01028,ENIL,B,,,,,ENTERTAINMENT NETWORK (INDIA),101.60,103.30,100.00,103.30,103.30,99.70,,102.65,,,520,52622.00,24,F1,1,,,,,
2026-09-04,2026-09-04,CM,BSE,STK,532701,INE266H01014,CELLA,Z,,,,,CELLA SPACE LIMITED,34.62,38.26,34.62,38.26,38.26,36.44,,38.26,,,62521,2281482.00,219,F1,1,,,,,
2026-09-04,2026-09-04,CM,BSE,STK,532705,INE199G01027,JAGRAN,B,,,,,JAGRAN PRAKASHAN LTD.,61.46,61.60,60.95,60.97,61.07,61.25,,60.98,,,24775,1515331.00,356,F1,1,,,,,
2026-09-04,2026-09-04,CM,BSE,STK,532707,INE256H01015,DYNPRO,B,,,,,DYNEMIC PRODUCTS LTD.,238.80,248.00,235.30,236.00,235.70,238.75,,236.05,,,2719,659001.00,130,F1,1,,,,,
2026-09-04,2026-09-04,CM,BSE,STK,532708,INE251H01024,GVKPIL,T,,,,,GVK POWER & INFRASTRUCTURE LTD,2.08,2.11,2.05,2.10,2.11,2.08,,2.10,,,405363,847996.00,306,F1,1,,,,,
2026-09-04,2026-09-04,CM,BSE,STK,532710,INE226H01026,SADBHAV,B,,,,,SADBHAV ENGINEERING LTD.,8.04,8.20,7.86,8.17,8.20,8.04,,8.15,,,10709,86894.00,67,F1,1,,,,,
2026-09-04,2026-09-04,CM,BSE,STK,532712,INE330H01018,RCOM,T,,,,,RELIANCE COMMUNICATIONS LTD.,0.79,0.82,0.79,0.81,0.81,0.79,,0.81,,,336851,269816.00,222,F1,1,,,,,
2026-09-04,2026-09-04,CM,BSE,STK,532713,INE190H01024,SAKUMA,B,,,,,SAKUMA EXPORTS LTD.,1.60,1.64,1.51,1.61,1.64,1.58,,1.62,,,185882,296381.00,295,F1,1,,,,,
2026-09-04,2026-09-04,CM,BSE,STK,532714,INE389H01022,KEC,A,,,,,KEC INTERNATIONAL LTD.,406.00,410.80,403.35,408.35,408.35,406.15,,408.53,,,93374,37980529.00,2613,F1,1,,,,,
2026-09-04,2026-09-04,CM,BSE,STK,532716,INE047B01011,GILLANDERS,B,,,,,GILLANDERS ARBUTHNOT & CO.LTD.,102.90,102.90,102.65,102.65,102.65,103.40,,103.19,,,5,513.00,3,F1,1,,,,,
2026-09-04,2026-09-04,CM,BSE,STK,532717,INE332H01014,INDOTECH,B,,,,,INDO TECH TRANSFORMERS LTD.,3600.75,3706.10,3600.75,3656.25,3631.00,3615.95,,3662.89,,,875,3211596.00,186,F1,1,,,,,
2026-09-04,2026-09-04,CM,BSE,STK,532719,INE350H01032,BLKASHYAP,B,,,,,B.L.KASHYAP AND SONS LTD.,57.57,62.44,56.98,59.40,59.60,57.18,,59.34,,,64706,3920838.00,647,F1,1,,,,,
2026-09-04,2026-09-04,CM,BSE,STK,532720,INE774D01024,M&MFIN,A,,,,,MAHINDRA & MAHINDRA FINANCIAL,378.80,380.60,371.55,373.40,374.55,375.95,,373.65,,,51889,19549804.00,1516,F1,1,,,,,
2026-09-04,2026-09-04,CM,BSE,STK,532721,INE286H01012,VISACHROME,B,,,,,VISA Chrome Limited,38.76,39.50,38.40,38.40,38.40,38.54,,38.34,,,3676,143161.00,99,F1,1,,,,,
2026-09-04,2026-09-04,CM,BSE,STK,532722,INE858F01012,NITCO,B,,,,,NITCO LTD.,95.56,96.78,94.79,96.05,96.00,96.51,,96.10,,,37175,3558022.00,355,F1,1,,,,,
2026-09-04,2026-09-04,CM,BSE,STK,532723,INE493H01014,MPDL,T,,,,,MPDL LIMITED,36.00,36.00,33.73,33.73,33.73,35.50,,33.97,,,145,5067.00,6,F1,1,,,,,
2026-09-04,2026-09-04,CM,BSE,STK,532725,INE343H01029,SOLARINDS,A,,,,,SOLAR INDUSTRIES INDIA LTD.,21599.80,21699.85,21359.40,21460.00,21460.00,21410.70,,21445.44,,,13922,299744816.00,2785,F1,1,,,,,
2026-09-04,2026-09-04,CM,BSE,STK,532726,INE297H01019,GALLANTT,A,,,,,GALLANTT ISPAT LIMITED,589.95,595.45,568.10,573.20,574.90,571.15,,573.99,,,18649,10855550.00,1052,F1,1,,,,,
2026-09-04,2026-09-04,CM,BSE,STK,532728,INE383H01017,MALUPAPER,B,,,,,MALU PAPER MILLS LTD.,31.62,32.90,31.61,31.61,31.61,33.00,,31.65,,,504,15975.00,9,F1,1,,,,,
2026-09-04,2026-09-04,CM,BSE,STK,532729,INE786F01031,UTTAMSUGAR,B,,,,,UTTAM SUGAR MILLS LTD.,299.40,299.40,279.75,281.00,283.65,299.35,,281.19,,,24587,7020646.00,643,F1,1,,,,,
2026-09-04,2026-09-04,CM,BSE,STK,532730,INE353H01010,SGL,B,,,,,STL GLOBAL LTD.,10.26,10.26,10.00,10.00,10.00,10.26,,10.03,,,1028,10319.00,8,F1,1,,,,,
2026-09-04,2026-09-04,CM,BSE,STK,532732,INE401H01017,KKCL,B,,,,,KEWAL KIRAN CLOTHING LTD.,505.35,516.40,499.20,513.75,513.80,502.95,,514.30,,,1430,725202.00,129,F1,1,,,,,
2026-09-04,2026-09-04,CM,BSE,STK,532733,INE424H01027,SUNTV,A,,,,,SUN TV NETWORK LTD.,471.75,482.15,465.00,470.75,473.00,465.55,,470.90,,,48870,23291079.00,1967,F1,1,,,,,
2026-09-04,2026-09-04,CM,BSE,STK,532734,INE177H01039,GPIL,A,,,,,GODAWARI POWER & ISPAT LTD.,238.85,243.85,238.85,240.90,241.00,239.75,,240.68,,,56131,13558926.00,748,F1,1,,,,,
2026-09-04,2026-09-04,CM,BSE,STK,532735,INE411H01032,RSYSTEMS,B,,,,,R SYSTEMS INTERNATIONAL LTD.,252.05,257.00,250.80,255.60,256.60,252.55,,256.10,,,13305,3390042.00,338,F1,1,,,,,
2026-09-04,2026-09-04,CM,BSE,STK,532737,INE296H01011,EMKAY,B,,,,,EMKAY GLOBAL FINANCIAL SERVICE,257.60,270.00,253.10,266.20,270.00,252.55,,267.23,,,2212,582231.00,74,F1,1,,,,,
2026-09-04,2026-09-04,CM,BSE,STK,532738,INE388G01026,TICL,T,,,,,TwamevConstruction and Infrast,8.19,8.30,8.02,8.21,8.30,8.16,,8.14,,,6231,51196.00,23,F1,1,,,,,
2026-09-04,2026-09-04,CM,BSE,STK,532740,INE397H01017,LOKESHMACH,B,,,,,LOKESH MACHINES LTD.,379.95,379.95,362.10,364.20,362.10,360.30,,364.52,,,9808,3637704.00,282,F1,1,,,,,
2026-09-04,2026-09-04,CM,BSE,STK,532741,INE390H01020,KAMDHENU,T,,,,,Kamdhenu Limited,39.45,40.70,38.26,39.05,39.50,39.07,,39.23,,,140446,5563476.00,422,F1,1,,,,,
2026-09-04,2026-09-04,CM,BSE,STK,532742,INE111F01024,PAUSHAKLTD,B,,,,,PAUSHAK LTD.,816.95,817.00,781.55,784.95,783.00,804.45,,785.48,,,4384,3485376.00,411,F1,1,,,,,
2026-09-04,2026-09-04,CM,BSE,STK,532744,INE302H01017,GTNTEX,X,,,,,GTN TEXTILES LTD.,8.85,8.98,8.01,8.16,8.88,8.63,,8.16,,,2392,20000.00,28,F1,1,,,,,
2026-09-04,2026-09-04,CM,BSE,STK,532748,INE367G01038,PFOCUS,B,,,,,PRIME FOCUS LTD.,292.60,309.00,290.15,304.80,304.75,292.00,,306.84,,,99040,29851753.00,1949,F1,1,,,,,
2026-09-04,2026-09-04,CM,BSE,STK,532749,INE418H01029,ALLCARGO,B,,,,,ALLCARGO LOGISTICS LTD.,12.77,12.77,12.28,12.45,12.45,12.53,,12.44,,,1003891,12529162.00,1194,F1,1,,,,,
2026-09-04,2026-09-04,CM,BSE,STK,532754,INE776C01039,GMRAIRPORT,A,,,,,GMR Airports Limited,97.43,97.90,96.29,97.50,97.50,96.61,,97.45,,,362423,35241213.00,3087,F1,1,,,,,
2026-09-04,2026-09-04,CM,BSE,STK,532755,INE669C01036,TECHM,A,,,,,TECH MAHINDRA LTD.,1609.65,1622.25,1586.90,1592.00,1592.00,1597.00,,1596.90,,,43712,70039670.00,2088,F1,1,,,,,
2026-09-04,2026-09-04,CM,BSE,STK,532756,INE536H01010,CIEINDIA,A,,,,,CIE Automotive India Limited,387.95,387.95,381.90,385.35,383.65,384.70,,385.35,,,30559,11737747.00,895,F1,1,,,,,
2026-09-04,2026-09-04,CM,BSE,STK,532757,INE540H01012,VOLTAMP,A,,,,,VOLTAMP TRANSFORMERS LTD.,11215.50,11535.00,11215.50,11418.10,11466.90,11166.70,,11418.00,,,1626,18583229.00,604,F1,1,,,,,
2026-09-04,2026-09-04,CM,BSE,STK,532759,INE285H01022,ATLANTAA,B,,,,,ATLANTAA LIMITED,40.45,40.45,39.05,39.05,39.05,39.35,,39.15,,,1048,41688.00,24,F1,1,,,,,
2026-09-04,2026-09-04,CM,BSE,STK,532761,INE596H01014,HGM,B,,,,,HANDSON GLOBAL MANAGEMENT (HGM,51.60,53.15,50.77,52.14,53.15,52.22,,52.62,,,617,31946.00,73,F1,1,,,,,
2026-09-04,2026-09-04,CM,BSE,STK,532762,INE731H01025,ACE,A,,,,,ACTION CONSTRUCTION EQUIPMENT,1145.85,1188.00,1120.10,1126.55,1126.40,1145.80,,1125.47,,,60531,70128328.00,3561,F1,1,,,,,
2026-09-04,2026-09-04,CM,BSE,STK,532764,INE916G01016,GEECEE,T,,,,,GEECEE VENTURES LIMITED,378.85,378.85,378.85,378.85,378.85,380.65,,369.72,,,100,37885.00,2,F1,1,,,,,
2026-09-04,2026-09-04,CM,BSE,STK,532767,INE336H01023,GAYAPROJ,B,,,,,GAYATRI PROJECTS LTD.,22.29,22.41,21.61,21.95,21.62,22.24,,21.82,,,127237,2807676.00,1285,F1,1,,,,,
2026-09-04,2026-09-04,CM,BSE,STK,532768,INE737H01014,FIEMIND,B,,,,,FIEM INDUSTRIES LTD.,2061.25,2091.25,2035.00,2085.15,2086.00,2036.65,,2085.79,,,1964,4056187.00,301,F1,1,,,,,
2026-09-04,2026-09-04,CM,BSE,STK,532771,INE544H01014,JHS,B,,,,,JHS SVENDGAARD LABORATORIES LT,7.83,8.16,7.83,7.90,7.90,7.99,,7.89,,,13324,106356.00,129,F1,1,,,,,
2026-09-04,2026-09-04,CM,BSE,STK,532772,INE503A01015,DCBBANK,A,,,,,DCB BANK LIMITED,222.45,224.05,220.10,220.60,220.60,222.45,,220.73,,,62542,13865580.00,1193,F1,1,,,,,
2026-09-04,2026-09-04,CM,BSE,STK,532773,INE792H01019,GLOBALVECT,B,,,,,GLOBAL VECTRA HELICORP LTD.,141.50,144.00,141.00,142.15,141.50,143.00,,141.36,,,588,83860.00,29,F1,1,,,,,
2026-09-04,2026-09-04,CM,BSE,STK,532774,INE020G01017,INSPIRISYS,B,,,,,Inspirisys Solutions Limited,95.40,95.40,89.88,91.08,90.00,93.15,,89.62,,,504,45973.00,45,F1,1,,,,,
2026-09-04,2026-09-04,CM,BSE,STK,532775,INE221H01019,GTLINFRA,B,,,,,GTL INFRASTRUCTURE LTD.,1.17,1.17,1.14,1.16,1.16,1.16,,1.16,,,5491992,6356884.00,5694,F1,1,,,,,
2026-09-04,2026-09-04,CM,BSE,STK,532776,INE637H01024,SHIVAMAUTO,B,,,,,SHIVAM AUTOTECH LTD.,18.10,18.30,17.75,17.75,17.75,17.84,,18.01,,,4226,75768.00,25,F1,1,,,,,
2026-09-04,2026-09-04,CM,BSE,STK,532777,INE663F01032,NAUKRI,A,,,,,INFO EDGE (INDIA) LTD.,1308.05,1348.35,1308.05,1335.00,1335.00,1331.20,,1320.04,,,16681,22159052.00,1529,F1,1,,,,,
2026-09-04,2026-09-04,CM,BSE,STK,532779,INE813H01021,TORNTPOWER,A,,,,,TORRENT POWER LTD.,1285.95,1306.00,1261.00,1296.15,1296.55,1289.95,,1299.00,,,74370,95996924.00,4262,F1,1,,,,,
2026-09-04,2026-09-04,CM,BSE,STK,532780,INE561H01026,PARSVNATH,T,,,,,PARSVNATH DEVELOPERS LTD.,1.57,1.57,1.57,1.57,1.57,1.54,,1.57,,,2846,4468.00,9,F1,1,,,,,
2026-09-04,2026-09-04,CM,BSE,STK,532782,INE645H01027,SUTLEJTEX,T,,,,,SUTLEJ TEXTILES & INDUSTRIES L,39.50,41.98,39.50,41.49,41.98,40.09,,41.22,,,16861,696329.00,71,F1,1,,,,,
2026-09-04,2026-09-04,CM,BSE,STK,532783,INE818H01020,LTFOODS,A,,,,,LT FOODS LTD.,441.80,447.35,439.10,443.90,443.90,442.65,,444.72,,,43313,19165435.00,1160,F1,1,,,,,
2026-09-04,2026-09-04,CM,BSE,STK,532784,INE671H01015,SOBHA,A,,,,,SOBHA,1267.90,1276.80,1244.00,1259.40,1265.25,1254.70,,1263.76,,,1723,2173413.00,179,F1,1,,,,,
2026-09-04,2026-09-04,CM,BSE,STK,532785,INE803H01014,RUCHIRA,B,,,,,RUCHIRA PAPERS LTD.,105.00,107.05,105.00,106.85,107.05,105.05,,107.50,,,3092,327006.00,82,F1,1,,,,,
2026-09-04,2026-09-04,CM,BSE,STK,532790,INE483C01032,TANLA,A,,,,,TANLA PLATFORMS LIMITED,513.00,528.10,513.00,521.15,523.00,515.10,,521.15,,,43036,22454655.00,1190,F1,1,,,,,
2026-09-04,2026-09-04,CM,BSE,STK,532794,INE966H01019,ZEEMEDIA,B,,,,,ZEE MEDIA CORPORATION LIMITED,8.11,8.33,8.11,8.22,8.32,8.13,,8.22,,,112451,922382.00,292,F1,1,,,,,
2026-09-04,2026-09-04,CM,BSE,STK,532795,INE965H01011,SITINET,Z,,,,,Siti Networks Ltd.,0.49,0.49,0.49,0.49,0.49,0.49,,0.29,,,11328,5550.00,13,F1,1,,,,,
2026-09-04,2026-09-04,CM,BSE,STK,532796,INE872H01027,LUMAXTECH,A,,,,,LUMAX AUTO TECHNOLOGIES LTD.,2005.00,2005.00,1945.30,1953.30,1946.65,1984.30,,1951.99,,,5535,10915841.00,606,F1,1,,,,,
2026-09-04,2026-09-04,CM,BSE,STK,532797,INE718H01014,AUTOIND,B,,,,,AUTOLINE INDUSTRIES LTD.,94.05,95.00,86.00,86.66,86.44,92.95,,86.46,,,84836,7602591.00,1023,F1,1,,,,,
2026-09-04,2026-09-04,CM,BSE,STK,532798,INE870H01013,NETWORK18,A,,,,,NETWORK18 MEDIA & INVESTMENTS,27.50,28.50,27.49,28.38,28.36,27.59,,28.38,,,405608,11393300.00,1001,F1,1,,,,,
2026-09-04,2026-09-04,CM,BSE,STK,532799,INE703H01016,HUBTOWN,A,,,,,HUBTOWN LTD.,192.65,197.15,188.10,189.55,190.00,192.25,,189.27,,,20308,3876774.00,439,F1,1,,,,,
2026-09-04,2026-09-04,CM,BSE,STK,532801,INE627H01017,CTE,T,,,,,CAMBRIDGE TECHNOLOGY ENTERPRIS,41.61,42.95,41.00,42.05,42.50,41.61,,41.85,,,1322,55397.00,24,F1,1,,,,,
2026-09-04,2026-09-04,CM,BSE,STK,532804,INE545H01011,TIIL,B,,,,,TECHNOCRAFT INDUSTRIES (INDIA),3334.95,3335.00,3177.75,3200.55,3192.20,3270.80,,3194.76,,,1480,4801184.00,374,F1,1,,,,,
2026-09-04,2026-09-04,CM,BSE,STK,532805,INE891D01026,REDINGTON,A,,,,,Redington Limited,375.50,378.95,367.50,371.40,371.40,372.40,,371.30,,,116862,43371130.00,2213,F1,1,,,,,
2026-09-04,2026-09-04,CM,BSE,STK,532806,INE768E01024,AICHAMP,XT,,,,,AI CHAMPDANY INDUSTRIES LTD.,19.00,19.06,18.90,19.06,19.06,18.16,,19.06,,,6720,128051.00,45,F1,1,,,,,
2026-09-04,2026-09-04,CM,BSE,STK,532807,INE704H01022,CINELINE,B,,,,,CINELINE INDIA LIMITED,91.40,98.38,91.06,95.67,95.86,91.00,,95.23,,,6281,594962.00,127,F1,1,,,,,
2026-09-04,2026-09-04,CM,BSE,STK,532808,INE940H01022,PGIL,A,,,,,PEARL GLOBAL INDUSTRIES LIMITE,2363.05,2363.05,2270.00,2276.25,2281.35,2328.85,,2278.23,,,7952,18196329.00,1856,F1,1,,,,,
2026-09-04,2026-09-04,CM,BSE,STK,532809,INE684F01012,FSL,A,,,,,FIRSTSOURCE SOLUTIONS LTD.,267.90,273.90,264.00,264.35,265.25,264.15,,264.40,,,57512,15467277.00,1446,F1,1,,,,,
2026-09-04,2026-09-04,CM,BSE,STK,532810,INE134E01011,PFC,A,,,,,POWER FINANCE CORPORATION LTD.,344.90,357.70,344.40,355.85,355.85,345.90,,355.61,,,10640754,3775180954.00,9908,F1,1,,,,,
2026-09-04,2026-09-04,CM,BSE,STK,532811,INE758C01029,AHLUCONT,A,,,,,AHLUWALIA CONTRACTS (INDIA) LT,591.15,611.85,591.15,599.70,604.65,597.25,,599.07,,,96963,57740628.00,624,F1,1,,,,,
2026-09-04,2026-09-04,CM,BSE,STK,532812,INE804H01012,TFL,B,,,,,TRANSWARRANTY FINANCE LTD.,11.82,12.48,11.82,12.11,12.10,11.77,,12.36,,,203,2463.00,9,F1,1,,,,,
2026-09-04,2026-09-04,CM,BSE,STK,532814,INE562A01011,INDIANB,A,,,,,INDIAN BANK,894.85,894.85,879.30,882.00,882.00,886.60,,879.70,,,12611,11167587.00,785,F1,1,,,,,
2026-09-04,2026-09-04,CM,BSE,STK,532815,INE812G01025,SMSPHARMA,B,,,,,SMS PHARMACEUTICALS LTD.,372.95,398.30,372.90,392.70,392.70,374.25,,392.51,,,25470,9906191.00,798,F1,1,,,,,
2026-09-04,2026-09-04,CM,BSE,STK,532817,INE998H01012,ORIENTALTL,B,,,,,ORIENTAL TRIMEX LTD.,5.18,5.55,4.92,5.29,5.29,5.00,,5.31,,,35630,191258.00,111,F1,1,,,,,
2026-09-04,2026-09-04,CM,BSE,STK,532820,INE311H01018,ELAND,X,,,,,E-Land Apparel Limited,11.87,11.87,11.11,11.79,11.79,11.82,,11.79,,,1972,23121.00,16,F1,1,,,,,
2026-09-04,2026-09-04,CM,BSE,STK,532822,INE669E01016,IDEA,A,,,,,VODAFONE IDEA  LIMITED,14.52,15.18,14.49,15.01,15.01,14.48,,15.02,,,32699118,489060502.00,487794,F1,1,,,,,
2026-09-04,2026-09-04,CM,BSE,STK,532825,INE702H01018,JAGJANANI,XT,,,,,JAGJANANI TEXTILES LTD.,5.98,5.98,5.82,5.95,5.95,5.98,,5.95,,,7254,43171.00,11,F1,1,,,,,
2026-09-04,2026-09-04,CM,BSE,STK,532826,INE952H01027,RAJTV,B,,,,,RAJ TELEVISION NETWORK LTD.,8.54,8.54,8.12,8.12,8.12,8.54,,8.07,,,11569,94060.00,34,F1,1,,,,,
2026-09-04,2026-09-04,CM,BSE,STK,532827,INE761H01022,PAGEIND,A,,,,,PAGE INDUSTRIES LTD.,35829.35,36370.00,35689.35,36280.00,36280.00,35912.65,,36299.92,,,697,25166846.00,494,F1,1,,,,,
2026-09-04,2026-09-04,CM,BSE,STK,532828,INE005I01014,AMDIND,B,,,,,AMD INDUSTRIES LTD.,58.81,61.79,57.20,60.41,60.50,58.75,,60.32,,,8362,499053.00,328,F1,1,,,,,
2026-09-04,2026-09-04,CM,BSE,STK,532829,INE976H01018,LEHAR,X,,,,,LEHAR FOOTWEARS LIMITED,219.60,219.60,212.25,213.95,213.90,217.65,,213.95,,,10444,2257513.00,371,F1,1,,,,,
2026-09-04,2026-09-04,CM,BSE,STK,532830,INE006I01046,ASTRAL,A,,,,,ASTRAL LIMITED,1478.15,1509.75,1478.15,1504.80,1504.80,1483.10,,1495.47,,,23476,35070873.00,2549,F1,1,,,,,
2026-09-04,2026-09-04,CM,BSE,STK,532832,INE069I01010,EMBDL,A,,,,,EMBASSY DEVELOPMENTS LIMITED,58.60,59.34,57.30,57.41,57.45,58.52,,57.52,,,222544,12953302.00,862,F1,1,,,,,
2026-09-04,2026-09-04,CM,BSE,STK,532834,INE052I01032,CAMLINFINE,B,,,,,Camlin Fine Sciences Ltd,103.25,105.05,102.20,103.10,103.05,102.10,,103.13,,,51809,5371932.00,451,F1,1,,,,,
2026-09-04,2026-09-04,CM,BSE,STK,532835,INE725G01011,ICRA,B,,,,,ICRA LTD.,4931.95,4996.00,4872.00,4887.30,4872.00,4882.50,,4884.61,,,639,3166280.00,123,F1,1,,,,,
2026-09-04,2026-09-04,CM,BSE,STK,532839,INE836F01026,DISHTV,B,,,,,DISH TV INDIA LTD.,2.61,2.64,2.54,2.59,2.59,2.62,,2.57,,,224536,580727.00,435,F1,1,,,,,
2026-09-04,2026-09-04,CM,BSE,STK,532841,INE280H01015,SAHYADRI,B,,,,,SAHYADRI INDUSTRIES LTD.,361.90,401.00,361.90,390.65,391.00,354.40,,392.04,,,10402,4046178.00,688,F1,1,,,,,
2026-09-04,2026-09-04,CM,BSE,STK,532842,INE917H01012,SRHHYPOLTD,B,,,,,SREE RAYALASEEMA HI-STRENGTH H,512.00,542.05,505.00,530.25,533.15,510.95,,531.01,,,5357,2831920.00,407,F1,1,,,,,
2026-09-04,2026-09-04,CM,BSE,STK,532843,INE061F01013,FORTIS,A,,,,,FORTIS HEALTHCARE LTD.,914.80,917.00,904.10,910.00,910.00,912.65,,905.00,,,300995,272548286.00,1244,F1,1,,,,,
2026-09-04,2026-09-04,CM,BSE,STK,532845,INE797H01018,TGBHOTELS,B,,,,,TGB BANQUETS AND HOTELS LTD.,9.80,9.90,9.43,9.49,9.49,9.85,,9.48,,,688,6540.00,20,F1,1,,,,,
2026-09-04,2026-09-04,CM,BSE,STK,532847,INE788H01017,HILTON,B,,,,,HILTON METAL FORGING LTD.,18.59,18.98,18.33,18.66,18.80,18.72,,18.63,,,50734,948212.00,77,F1,1,,,,,
2026-09-04,2026-09-04,CM,BSE,STK,532848,INE124G01033,DELTACORP,B,,,,,DELTA CORP LTD.,56.29,57.41,55.70,56.19,56.15,56.34,,56.12,,,108807,6156126.00,881,F1,1,,,,,
2026-09-04,2026-09-04,CM,BSE,STK,532850,INE287C01037,MICEL,T,,,,,MIC ELECTRONICS LTD.,36.58,36.74,36.58,36.58,36.58,37.32,,36.58,,,47366,1733428.00,219,F1,1,,,,,
2026-09-04,2026-09-04,CM,BSE,STK,532851,INE070I01018,INSECTICID,B,,,,,INSECTICIDES (INDIA) LTD.,620.95,623.95,612.25,615.30,615.30,614.90,,618.44,,,1607,993193.00,120,F1,1,,,,,
2026-09-04,2026-09-04,CM,BSE,STK,532853,INE228I01012,ASAHISONG,T,,,,,ASAHI SONGWON COLORS LTD.,360.05,381.70,360.05,372.50,374.00,370.95,,372.62,,,2667,994398.00,23,F1,1,,,,,
2026-09-04,2026-09-04,CM,BSE,STK,532855,INE928H01019,HARYNACAP,X,,,,,HARYANA CAPFIN LTD.,138.05,144.90,138.00,144.90,144.90,144.95,,144.90,,,540,76261.00,10,F1,1,,,,,
2026-09-04,2026-09-04,CM,BSE,STK,532856,INE508G01029,TIMETECHNO,A,,,,,TIME TECHNOPLAST LTD.,190.35,191.05,188.05,188.40,188.40,189.55,,188.48,,,75078,14235256.00,748,F1,1,,,,,
2026-09-04,2026-09-04,CM,BSE,STK,532859,INE170I01016,HGS,B,,,,,HINDUJA GLOBAL SOLUTIONS LTD.,390.00,404.00,390.00,395.60,392.25,393.15,,399.04,,,726,286366.00,93,F1,1,,,,,
2026-09-04,2026-09-04,CM,BSE,STK,532864,INE189I01024,NELCAST,B,,,,,NELCAST LTD.,120.00,120.00,116.70,117.30,116.70,118.55,,116.99,,,2605,306494.00,65,F1,1,,,,,
2026-09-04,2026-09-04,CM,BSE,STK,532867,INE945H01021,V2RETAIL,B,,,,,V2 RETAIL LTD.,219.55,219.55,211.30,216.15,215.45,218.55,,216.49,,,77889,16775856.00,756,F1,1,,,,,
2026-09-04,2026-09-04,CM,BSE,STK,532868,INE271C01023,DLF,A,,,,,DLF LTD.,681.00,689.60,680.05,681.20,681.20,681.00,,681.89,,,58079,39823239.00,1701,F1,1,,,,,
2026-09-04,2026-09-04,CM,BSE,STK,532869,INE924H01018,TARMAT,B,,,,,TARMAT LTD.,64.16,64.16,61.14,61.36,61.36,64.14,,61.24,,,5475,346178.00,79,F1,1,,,,,
2026-09-04,2026-09-04,CM,BSE,STK,532870,INE106I01010,ANKITMETAL,Z,,,,,ANKIT METAL & POWER LTD.,1.71,1.71,1.71,1.71,1.71,1.74,,1.70,,,1000,1710.00,2,F1,1,,,,,
2026-09-04,2026-09-04,CM,BSE,STK,532872,INE232I01014,SPARC,B,,,,,SUN PHARMA ADVANCED RESEARCH C,205.60,205.60,199.20,199.50,199.50,202.50,,199.47,,,35745,7172726.00,631,F1,1,,,,,
2026-09-04,2026-09-04,CM,BSE,STK,532873,INE191I01012,HDIL,Z,,,,,HOUSING DEVELOPMENT & INFRASTR,1.50,1.53,1.50,1.51,1.50,1.52,,1.48,,,29590,44692.00,50,F1,1,,,,,
2026-09-04,2026-09-04,CM,BSE,STK,532875,INE102I01027,ADSL,B,,,,,ALLIED DIGITAL SERVICES LTD.,105.45,105.55,103.75,104.25,104.25,104.50,,104.13,,,4356,455934.00,123,F1,1,,,,,
2026-09-04,2026-09-04,CM,BSE,STK,532878,INE385I01010,ALPA,B,,,,,ALPA LABORATORIES LTD.,65.40,65.40,61.12,63.48,63.42,63.88,,62.73,,,1419,89904.00,54,F1,1,,,,,
2026-09-04,2026-09-04,CM,BSE,STK,532880,INE800H01010,OMAXE,B,,,,,OMAXE LTD.,129.00,139.00,127.00,136.25,136.25,127.50,,136.36,,,375454,50242321.00,1570,F1,1,,,,,
2026-09-04,2026-09-04,CM,BSE,STK,532884,INE056I01025,REFEX,A,,,,,REFEX INDUSTRIES LTD.,282.00,288.00,280.00,282.40,280.00,279.05,,282.55,,,11335,3204221.00,255,F1,1,,,,,
2026-09-04,2026-09-04,CM,BSE,STK,532885,INE483A01010,CENTRALBK,A,,,,,CENTRAL BANK OF INDIA,30.81,31.15,30.76,31.07,31.02,30.78,,31.08,,,964546,29934006.00,2690,F1,1,,,,,
2026-09-04,2026-09-04,CM,BSE,STK,532886,INE105I01020,SELMC,B,,,,,SEL MANUFACTURING COMPANY LTD.,26.85,27.89,26.85,27.86,27.86,28.00,,27.68,,,351,9785.00,20,F1,1,,,,,
2026-09-04,2026-09-04,CM,BSE,STK,532887,INE333I01044,NEUEON,T,,,,,Neueon Corporation Limited,10.47,11.39,10.47,10.88,10.91,11.02,,11.12,,,14667,160339.00,42,F1,1,,,,,
2026-09-04,2026-09-04,CM,BSE,STK,532888,INE022I01019,ASIANTILES,B,,,,,ASIAN GRANITO INDIA LTD.,49.23,50.43,49.23,50.22,49.95,50.00,,50.26,,,68421,3424913.00,383,F1,1,,,,,
2026-09-04,2026-09-04,CM,BSE,STK,532889,INE930H01031,KPRMILL,A,,,,,K.P.R.MILL LIMITED,1176.80,1195.00,1169.05,1185.70,1183.00,1176.80,,1186.25,,,17532,20779599.00,1522,F1,1,,,,,
2026-09-04,2026-09-04,CM,BSE,STK,532890,INE142I01023,TAKE,B,,,,,TAKE LIMITED,12.62,13.94,12.62,13.94,13.94,13.28,,13.84,,,345698,4445574.00,507,F1,1,,,,,
2026-09-04,2026-09-04,CM,BSE,STK,532891,INE323I01011,PURVA,B,,,,,Puravankara Limited,218.00,236.45,215.35,230.75,230.75,210.80,,230.72,,,458537,105770810.00,4902,F1,1,,,,,
2026-09-04,2026-09-04,CM,BSE,STK,532892,INE338I01027,MOTILALOFS,A,,,,,MOTILAL OSWAL FINANCIAL SERVIC,1022.00,1040.00,1022.00,1035.00,1035.00,1016.00,,1036.67,,,68805,71004000.00,3123,F1,1,,,,,
2026-09-04,2026-09-04,CM,BSE,STK,532893,INE222F01029,VTMLTD,B,,,,,VTM LTD.,57.10,57.50,55.75,56.98,56.98,56.54,,56.43,,,2932,167529.00,31,F1,1,,,,,
2026-09-04,2026-09-04,CM,BSE,STK,532894,INE227G01018,INDOWIND,B,,,,,INDOWIND ENERGY LTD.,9.23,9.40,8.98,9.04,9.05,8.88,,9.02,,,12056,109446.00,40,F1,1,,,,,
2026-09-04,2026-09-04,CM,BSE,STK,532895,INE245I01016,NAGREEKCAP,B,,,,,NAGREEKA CAPITAL & INFRASTRUCT,22.00,24.30,22.00,22.34,22.34,22.46,,23.25,,,100,2245.00,7,F1,1,,,,,
2026-09-04,2026-09-04,CM,BSE,STK,532896,INE387I01016,MAGNUM,B,,,,,MAGNUM VENTURES LTD.,19.20,19.20,18.90,18.90,18.90,18.77,,18.96,,,305,5767.00,4,F1,1,,,,,
2026-09-04,2026-09-04,CM,BSE,STK,532898,INE752E01010,POWERGRID,A,,,,,POWER GRID CORPORATION OF INDI,266.90,267.50,265.10,266.00,266.00,265.00,,266.00,,,930522,248240127.00,3928,F1,1,,,,,
2026-09-04,2026-09-04,CM,BSE,STK,532899,INE455I01029,KSCL,B,,,,,KAVERI SEED COMPANY LTD.,750.90,751.95,740.35,744.10,744.10,746.00,,744.10,,,1725,1288019.00,161,F1,1,,,,,
2026-09-04,2026-09-04,CM,BSE,STK,532900,INE420C01059,PAISALO,A,,,,,PAISALO DIGITAL LIMITED,71.10,74.23,70.08,74.00,74.00,70.38,,74.09,,,2342370,171102243.00,4957,F1,1,,,,,
2026-09-04,2026-09-04,CM,BSE,STK,532902,INE429I01024,CCCL,B,,,,,CONSOLIDATED CONSTRUCTION CONS,14.38,14.61,14.17,14.39,14.50,14.31,,14.28,,,9075,130111.00,96,F1,1,,,,,
2026-09-04,2026-09-04,CM,BSE,STK,532904,INE550H01011,SUPREMEINF,B,,,,,SUPREME INFRASTRUCTURE INDIA L,85.20,90.00,83.50,83.50,83.50,84.36,,83.42,,,103,8717.00,9,F1,1,,,,,
2026-09-04,2026-09-04,CM,BSE,STK,532906,INE215I01027,MAANALU,B,,,,,MAAN ALUMINIUM LTD.,120.85,120.85,117.55,117.90,117.70,121.75,,117.90,,,3768,445957.00,153,F1,1,,,,,
2026-09-04,2026-09-04,CM,BSE,STK,532907,INE369I01014,IL&FSENGG,Z,,,,,IL&FS ENGINEERING AND CONSTRUC,33.60,37.10,33.60,36.78,36.75,35.34,,36.76,,,17936,664604.00,31,F1,1,,,,,
2026-09-04,2026-09-04,CM,BSE,STK,532911,INE272G01014,PARLEIND,XT,,,,,PARLE INDUSTRIES LIMITED,5.71,5.71,5.71,5.71,5.71,5.82,,5.71,,,188870,1078447.00,330,F1,1,,,,,
2026-09-04,2026-09-04,CM,BSE,STK,532915,INE621H01010,RELIGARE,A,,,,,RELIGARE ENTERPRISES LTD.,249.85,258.15,248.45,257.05,257.10,251.85,,257.08,,,72268,18342768.00,972,F1,1,,,,,
2026-09-04,2026-09-04,CM,BSE,STK,532916,INE139I01011,BVCL,B,,,,,BARAK VALLEY CEMENTS LTD.,43.73,44.58,43.59,43.80,43.80,42.78,,43.51,,,71222,3126022.00,113,F1,1,,,,,
2026-09-04,2026-09-04,CM,BSE,STK,532918,INE575I01016,RATHIBAR,X,,,,,RATHI BARS LTD.,16.42,16.65,16.09,16.27,16.62,16.42,,16.27,,,6746,111125.00,37,F1,1,,,,,
2026-09-04,2026-09-04,CM,BSE,STK,532921,INE742F01042,ADANIPORTS,A,,,,,ADANI PORTS AND SPECIAL ECONOM,1704.95,1716.60,1693.00,1709.00,1709.00,1686.60,,1707.33,,,66900,114210754.00,3375,F1,1,,,,,
2026-09-04,2026-09-04,CM,BSE,STK,532922,INE532F01054,EDELWEISS,A,,,,,EDELWEISS FINANCIAL SERVICES L,135.75,138.45,134.80,136.00,135.95,134.75,,136.08,,,590600,80449442.00,3567,F1,1,,,,,
2026-09-04,2026-09-04,CM,BSE,STK,532923,INE722H01024,RGL,B,,,,,RENAISSANCE GLOBAL LIMITED,137.50,150.00,137.50,149.05,149.05,137.50,,149.26,,,93014,13645835.00,1302,F1,1,,,,,
2026-09-04,2026-09-04,CM,BSE,STK,532924,INE094I01018,KOLTEPATIL,B,,,,,KOLTE-PATIL DEVELOPERS LTD.,449.55,454.40,440.15,443.15,443.45,449.20,,441.91,,,5513,2451866.00,190,F1,1,,,,,
2026-09-04,2026-09-04,CM,BSE,STK,532926,INE668F01031,JYOTHYLAB,A,,,,,JYOTHY LABS LIMITED,200.30,203.80,200.00,201.35,201.35,200.55,,201.52,,,66482,13410804.00,1604,F1,1,,,,,
2026-09-04,2026-09-04,CM,BSE,STK,532927,INE738I01010,ECLERX,A,,,,,ECLERX SERVICES LTD.,1970.90,1970.90,1882.50,1909.90,1902.75,1969.40,,1905.92,,,9576,18514244.00,770,F1,1,,,,,
2026-09-04,2026-09-04,CM,BSE,STK,532928,INE763I01026,TARIL,A,,,,,TRANSFORMERS AND RECTIFIERS (I,301.00,305.25,300.05,300.70,302.00,300.85,,300.93,,,111089,33557214.00,1693,F1,1,,,,,
2026-09-04,2026-09-04,CM,BSE,STK,532929,INE791I01019,BRIGADE,A,,,,,BRIGADE ENTERPRISES LTD.,712.10,735.00,686.00,696.00,690.70,712.95,,696.10,,,113580,80582898.00,3598,F1,1,,,,,
2026-09-04,2026-09-04,CM,BSE,STK,532930,INE661I01014,BGRENERGY,T,,,,,BGR ENERGY SYSTEMS LTD.,233.00,248.00,233.00,245.60,247.00,237.00,,246.22,,,2986,723579.00,66,F1,1,,,,,
2026-09-04,2026-09-04,CM,BSE,STK,532931,INE817H01022,BURNPUR,B,,,,,BURNPUR CEMENT LTD.,21.56,21.56,21.56,21.56,21.56,20.54,,21.56,,,7036,151696.00,28,F1,1,,,,,
2026-09-04,2026-09-04,CM,BSE,STK,532932,INE015D01022,MANAKSIA,B,,,,,MANAKSIA LTD.,59.00,63.86,59.00,63.19,63.45,59.16,,63.06,,,16473,1037316.00,408,F1,1,,,,,
2026-09-04,2026-09-04,CM,BSE,STK,532933,INE386I01018,PORWAL,X,,,,,PORWAL AUTO COMPONENTS LTD.,52.31,53.50,51.65,53.50,53.50,52.31,,53.50,,,162,8525.00,7,F1,1,,,,,
2026-09-04,2026-09-04,CM,BSE,STK,532934,INE095I01015,PPAP,T,,,,,PPAP,259.90,260.30,255.00,260.00,260.00,260.70,,260.85,,,508,131783.00,29,F1,1,,,,,
2026-09-04,2026-09-04,CM,BSE,STK,532935,INE298I01015,ARIES,B,,,,,ARIES AGRO LTD.,497.00,505.00,485.40,499.95,502.30,497.05,,500.09,,,8855,4374752.00,311,F1,1,,,,,
2026-09-04,2026-09-04,CM,BSE,STK,532937,INE529I01021,KUANTUM,B,,,,,KUANTUM PAPERS LTD.,75.20,75.70,73.42,74.16,74.09,75.97,,74.18,,,5492,408327.00,90,F1,1,,,,,
2026-09-04,2026-09-04,CM,BSE,STK,532939,INE614G01033,RPOWER,A,,,,,RELIANCE POWER LTD.,22.01,22.30,22.01,22.09,22.09,22.04,,22.08,,,1539985,34125617.00,3765,F1,1,,,,,
2026-09-04,2026-09-04,CM,BSE,STK,532940,INE576I01022,JKIL,B,,,,,J.KUMAR INFRAPROJECTS LTD.,489.95,491.20,485.70,487.00,487.90,488.25,,487.33,,,3093,1510328.00,93,F1,1,,,,,
2026-09-04,2026-09-04,CM,BSE,STK,532941,INE792I01017,CORDSCABLE,B,,,,,CORDS CABLE INDUSTRIES LTD.,307.05,330.00,307.05,317.55,317.55,301.55,,317.09,,,23500,7454167.00,694,F1,1,,,,,
2026-09-04,2026-09-04,CM,BSE,STK,532942,INE634I01029,KNRCON,A,,,,,KNR CONSTRUCTIONS LTD.,119.95,125.75,118.10,124.80,124.80,119.20,,124.66,,,221815,27131533.00,1323,F1,1,,,,,
2026-09-04,2026-09-04,CM,BSE,STK,532944,INE809I01019,ONMOBILE,T,,,,,ONMOBILE,46.67,48.57,46.67,48.57,48.57,47.62,,48.57,,,49796,2386268.00,162,F1,1,,,,,
2026-09-04,2026-09-04,CM,BSE,STK,532945,INE964H01014,SEPC,B,,,,,SEPC LIMITED,5.37,5.44,5.35,5.39,5.39,5.38,,5.38,,,761504,4104214.00,720,F1,1,,,,,
2026-09-04,2026-09-04,CM,BSE,STK,532946,INE863I01016,BANG,B,,,,,BANG OVERSEAS LTD.,34.68,35.50,34.49,34.80,34.80,33.58,,34.79,,,4312,149476.00,73,F1,1,,,,,
2026-09-04,2026-09-04,CM,BSE,STK,532947,INE821I01022,IRB,A,,,,,IRB INFRASTRUCTURE DEVELOPERS,19.86,19.91,19.60,19.65,19.65,19.67,,19.65,,,795761,15688935.00,1813,F1,1,,,,,
2026-09-04,2026-09-04,CM,BSE,STK,532951,INE871H01011,GSS,B,,,,,GSS INFOTECH LTD.,11.89,11.89,10.90,11.21,11.21,11.15,,11.03,,,88231,971457.00,54,F1,1,,,,,
2026-09-04,2026-09-04,CM,BSE,STK,532952,INE049I01012,NAHARCAP,B,,,,,NAHAR CAPITAL & FINANCIAL SERV,256.15,257.75,256.15,257.75,257.75,263.00,,261.61,,,6,1542.00,3,F1,1,,,,,
2026-09-04,2026-09-04,CM,BSE,STK,532953,INE951I01027,VGUARD,A,,,,,V-GUARD INDUSTRIES LTD.,338.45,338.45,328.90,334.95,335.25,338.60,,335.40,,,24496,8139120.00,675,F1,1,,,,,
2026-09-04,2026-09-04,CM,BSE,STK,532955,INE020B01018,RECLTD,A,,,,,REC LIMITED,313.70,320.10,313.25,319.50,319.50,313.70,,318.76,,,433363,137193564.00,7164,F1,1,,,,,
2026-09-04,2026-09-04,CM,BSE,STK,532957,INE642I01014,GOKAKTEX,X,,,,,GOKAK TEXTILES LTD.,58.45,58.45,57.00,57.80,57.80,55.49,,57.80,,,670,38721.00,18,F1,1,,,,,
2026-09-04,2026-09-04,CM,BSE,STK,532966,INE615H01020,TITAGARH,A,,,,,TITAGARH RAIL SYSTEMS LIMITED,830.20,897.60,830.20,871.90,871.90,845.05,,871.85,,,310779,272933791.00,9371,F1,1,,,,,
2026-09-04,2026-09-04,CM,BSE,STK,532967,INE415I01015,KIRIINDUS,A,,,,,KIRI INDUSTRIES LTD.,581.00,599.40,556.25,559.15,559.15,579.05,,559.10,,,127218,73792923.00,3035,F1,1,,,,,
2026-09-04,2026-09-04,CM,BSE,STK,532974,INE865C01022,BIRLAMONEY,B,,,,,ADITYA BIRLA MONEY LTD.,127.55,128.60,126.05,126.30,126.05,127.55,,126.36,,,7556,958332.00,257,F1,1,,,,,
2026-09-04,2026-09-04,CM,BSE,STK,532975,INE778I01024,TELOGICA,XT,,,,,TELOGICA LIMITED,8.37,8.49,8.00,8.20,8.45,8.37,,8.20,,,15025,122262.00,45,F1,1,,,,,
2026-09-04,2026-09-04,CM,BSE,STK,532976,INE091G01026,JAIBALAJI,A,,,,,JAI BALAJI INDUSTRIES LTD.,70.97,71.36,69.43,69.79,69.90,70.93,,69.73,,,60331,4250600.00,694,F1,1,,,,,
2026-09-04,2026-09-04,CM,BSE,STK,532977,INE917I01010,BAJAJ-AUTO,A,,,,,BAJAJ AUTO LTD.,12001.05,12020.00,11875.15,11920.65,11920.65,12015.00,,11919.03,,,5604,66958235.00,1806,F1,1,,,,,
2026-09-04,2026-09-04,CM,BSE,STK,532978,INE918I01026,BAJAJFINSV,A,,,,,BAJAJ FINSERV LTD.,2008.05,2008.05,1971.00,1971.00,1971.00,1958.00,,1970.01,,,10547,20880816.00,804,F1,1,,,,,
2026-09-04,2026-09-04,CM,BSE,STK,532980,INE020J01029,GOKUL,B,,,,,GOKUL REFOILS & SOLVENT LTD.,41.93,43.90,41.59,42.68,42.68,41.90,,42.95,,,23855,1028554.00,308,F1,1,,,,,
2026-09-04,2026-09-04,CM,BSE,STK,532983,INE105J01010,RPGLIFE,B,,,,,RPG LIFE SCIENCES LTD.,2665.60,2730.00,2640.80,2714.55,2730.00,2661.10,,2721.10,,,1144,3081517.00,196,F1,1,,,,,
2026-09-04,2026-09-04,CM,BSE,STK,532985,INF174KA1JD7,SENSEX1,B,,,,,KOTAK MAHINDRA MUTUAL FUND,83.03,84.39,83.01,84.18,84.23,83.73,,84.18,,,1030,86768.00,114,F1,1,,,,,
2026-09-04,2026-09-04,CM,BSE,STK,532986,INE368I01016,NIRAJ,B,,,,,NIRAJ CEMENT STRUCTURALS LTD.,28.57,28.60,28.19,28.19,28.19,28.71,,28.72,,,1043,29785.00,12,F1,1,,,,,
2026-09-04,2026-09-04,CM,BSE,STK,532989,INE878I01022,BAFNAPH,T,,,,,BAFNA PHARMACEUTICALS LTD.,308.50,308.50,296.50,296.60,296.60,302.55,,296.23,,,224,67642.00,13,F1,1,,,,,
2026-09-04,2026-09-04,CM,BSE,STK,532992,INE790D01020,CHLLTD,X,,,,,CHL LTD.,30.58,30.58,27.20,28.19,27.20,28.25,,28.19,,,435,12358.00,12,F1,1,,,,,
2026-09-04,2026-09-04,CM,BSE,STK,532993,INE955I01044,SEJALLTD,B,,,,,SEJAL GLASS LIMITED,665.00,678.50,651.00,659.15,660.00,665.10,,657.60,,,523,346834.00,44,F1,1,,,,,
2026-09-04,2026-09-04,CM,BSE,STK,532994,INE877I01016,ARCHIDPLY,B,,,,,ARCHIDPLY INDUSTRIES LTD.,107.00,107.00,103.60,103.60,103.60,106.95,,104.86,,,1863,198123.00,23,F1,1,,,,,
2026-09-04,2026-09-04,CM,BSE,STK,532998,INE947I01017,LOTUSEYE,B,,,,,Lotus Eye Hospital And Institu,111.00,111.00,106.00,107.35,106.00,110.65,,108.66,,,2585,278654.00,50,F1,1,,,,,
2026-09-04,2026-09-04,CM,BSE,STK,533001,INE323J01019,SOMICONVEY,B,,,,,SOMI CONVEYOR BELTINGS LTD.,95.00,95.00,90.06,90.41,90.41,92.34,,91.33,,,858,77801.00,35,F1,1,,,,,
2026-09-04,2026-09-04,CM,BSE,STK,533006,INE655I01032,BIRLACOT,XT,,,,,BIRLA COTSYN (INDIA) LTD.,17.00,18.09,17.00,17.52,17.52,17.40,,17.52,,,41365,727679.00,283,F1,1,,,,,
2026-09-04,2026-09-04,CM,BSE,STK,533007,INE201J01017,LGBFORGE,XT,,,,,LGB FORGE LTD.,6.30,6.50,6.20,6.27,6.38,6.42,,6.27,,,78240,492778.00,143,F1,1,,,,,
2026-09-04,2026-09-04,CM,BSE,STK,533012,INE197J01017,LPDC,B,,,,,LANDMARK PROPERTY DEVELOPMENT,6.60,7.00,6.60,6.75,6.62,6.73,,6.73,,,5738,38982.00,48,F1,1,,,,,
2026-09-04,2026-09-04,CM,BSE,STK,533014,INE176J01011,SICAGEN,B,,,,,SICAGEN INDIA LTD.,60.90,60.90,57.13,57.74,57.65,58.50,,58.21,,,1974,114276.00,48,F1,1,,,,,
2026-09-04,2026-09-04,CM,BSE,STK,533022,INE144J01027,20MICRONS,B,,,,,20 MICRONS LTD.,219.00,223.70,216.70,222.80,223.20,217.20,,222.50,,,14132,3112284.00,337,F1,1,,,,,
2026-09-04,2026-09-04,CM,BSE,STK,533023,INE342J01019,ZFCVINDIA,A,,,,,ZF Commercial Vehicle Control,2530.05,2571.70,2519.00,2550.40,2539.70,2525.55,,2551.80,,,3823,9693726.00,453,F1,1,,,,,
2026-09-04,2026-09-04,CM,BSE,STK,533029,INE773I01017,ALKALI,T,,,,,ALKALI METALS LTD.,64.01,64.15,64.01,64.15,64.15,67.00,,64.85,,,31,1984.00,3,F1,1,,,,,
2026-09-04,2026-09-04,CM,BSE,STK,533033,INE858B01029,ISGEC,B,,,,,ISGEC HEAVY ENGINEERING LTD.,775.60,790.00,773.15,786.95,788.00,769.55,,787.33,,,2786,2180572.00,492,F1,1,,,,,
2026-09-04,2026-09-04,CM,BSE,STK,533047,INE919H01018,IMFA,A,,,,,INDIAN METALS & FERRO ALLOYS L,1283.05,1310.00,1275.00,1288.10,1283.00,1280.90,,1288.39,,,6329,8150242.00,574,F1,1,,,,,
2026-09-04,2026-09-04,CM,BSE,STK,533048,INE065J01024,TPHQ,T,,,,,Teamo Productions HQ Limited,0.56,0.57,0.55,0.55,0.55,0.57,,0.55,,,216823,119442.00,155,F1,1,,,,,
2026-09-04,2026-09-04,CM,BSE,STK,533056,INE359B01010,VEDAVAAG,B,,,,,VEDAVAAG SYSTEMS LTD.,18.44,18.44,18.10,18.15,18.15,18.10,,18.16,,,5648,103105.00,49,F1,1,,,,,
2026-09-04,2026-09-04,CM,BSE,STK,533080,INE893J01029,MOLDTKPAC,B,,,,,MOLD-TEK PACKAGING LIMITED,699.95,708.90,699.95,706.15,702.30,700.10,,706.64,,,2255,1589901.00,159,F1,1,,,,,
2026-09-04,2026-09-04,CM,BSE,STK,533088,INE998I01010,MHRIL,B,,,,,MAHINDRA HOLIDAYS & RESORTS IN,206.90,210.50,206.90,207.70,207.25,207.85,,207.40,,,4439,922935.00,205,F1,1,,,,,
2026-09-04,2026-09-04,CM,BSE,STK,533090,INE688J01023,LANDSMILL,B,,,,,Landsmill Green Limited,0.67,0.70,0.63,0.64,0.64,0.67,,0.63,,,2056552,1370224.00,335,F1,1,,,,,
2026-09-04,2026-09-04,CM,BSE,STK,533093,INE294G01026,ROML,B,,,,,RAJ OIL MILLS LTD.,42.15,43.62,41.90,43.62,43.62,42.31,,42.00,,,360,15384.00,9,F1,1,,,,,
2026-09-04,2026-09-04,CM,BSE,STK,533095,INE083K01017,BENGALASM,B,,,,,BENGAL & ASSAM COMPANY LTD.,6471.45,6500.00,6262.10,6310.95,6274.00,6424.85,,6319.30,,,278,1785818.00,110,F1,1,,,,,
2026-09-04,2026-09-04,CM,BSE,STK,533096,INE814H01029,ADANIPOWER,A,,,,,ADANI POWER LTD.,208.05,208.90,206.80,207.00,207.00,209.80,,207.19,,,1026916,213225026.00,8775,F1,1,,,,,
2026-09-04,2026-09-04,CM,BSE,STK,533098,INE848E01016,NHPC,A,,,,,NHPC LTD.,76.48,76.78,75.90,76.23,76.23,76.20,,76.25,,,256758,19588916.00,1429,F1,1,,,,,
2026-09-04,2026-09-04,CM,BSE,STK,533100,INE429K01012,PEIL,X,,,,,PREMIER ENERGY AND INFRASTRUCT,7.77,7.77,7.28,7.28,7.28,7.80,,7.28,,,6778,51911.00,21,F1,1,,,,,
2026-09-04,2026-09-04,CM,BSE,STK,533101,INE360J01011,SURYAAMBA,X,,,,,SURYAAMBA SPINNING MILLS LTD.,112.90,124.65,112.90,124.05,124.20,120.00,,124.05,,,165,20259.00,11,F1,1,,,,,
2026-09-04,2026-09-04,CM,BSE,STK,533104,INE615I01010,GLOBUSSPR,B,,,,,GLOBUS SPIRITS LTD.,929.35,929.35,910.05,915.15,914.20,919.40,,914.37,,,2690,2461538.00,149,F1,1,,,,,
2026-09-04,2026-09-04,CM,BSE,STK,533106,INE274J01014,OIL,A,,,,,OIL INDIA LTD.,498.80,498.80,486.70,488.30,488.30,489.00,,488.30,,,45886,22451887.00,1743,F1,1,,,,,
2026-09-04,2026-09-04,CM,BSE,STK,533107,INE542F01020,SWANDEF,T,,,,,SWAN DEFENCE AND HEAVY INDUSTR,2450.00,2550.00,2420.60,2494.80,2502.50,2544.55,,2519.16,,,1335,3303122.00,211,F1,1,,,,,
2026-09-04,2026-09-04,CM,BSE,STK,533108,INE274K01012,BTTL,T,,,,,BHILWARA TECHNICAL TEXTILES LT,43.00,44.50,41.33,44.00,44.00,43.50,,41.53,,,158,6886.00,7,F1,1,,,,,
2026-09-04,2026-09-04,CM,BSE,STK,533110,INE318K01025,SPSL,X,,,,,SHREE PRECOATED STEELS LTD.,15.60,16.00,15.58,15.58,15.58,16.40,,15.58,,,123,1935.00,6,F1,1,,,,,
2026-09-04,2026-09-04,CM,BSE,STK,533121,INE201K01015,EXPLEOSOL,B,,,,,EXPLEO SOLUTIONS LIMITED,898.00,904.80,888.05,902.35,901.50,898.75,,899.13,,,1315,1177219.00,159,F1,1,,,,,
2026-09-04,2026-09-04,CM,BSE,STK,533122,INE399K01017,RTNPOWER,A,,,,,RATTANINDIA POWER LTD.,7.20,7.39,7.20,7.35,7.35,7.25,,7.36,,,1718809,12546620.00,9359,F1,1,,,,,
2026-09-04,2026-09-04,CM,BSE,STK,533137,INE947J01015,DEN,B,,,,,DEN NETWORKS LTD,27.70,28.23,27.65,27.98,27.94,27.64,,27.97,,,11003,306583.00,105,F1,1,,,,,
2026-09-04,2026-09-04,CM,BSE,STK,533138,INE563J01010,ASTEC,B,,,,,ASTEC LIFESCIENCES LIMITED,577.20,579.90,552.30,555.35,556.65,574.90,,554.56,,,4403,2472540.00,344,F1,1,,,,,
2026-09-04,2026-09-04,CM,BSE,STK,533146,INE250K01012,DLINKINDIA,B,,,,,D-LINK (INDIA) LTD,458.55,458.55,449.15,450.85,450.65,451.95,,451.15,,,2948,1328291.00,160,F1,1,,,,,
2026-09-04,2026-09-04,CM,BSE,STK,533148,INE121E01018,JSWENERGY,A,,,,,JSW ENERGY LTD,541.85,541.85,534.45,539.00,539.00,536.00,,539.85,,,584295,314854994.00,2344,F1,1,,,,,
2026-09-04,2026-09-04,CM,BSE,STK,533149,INE143K01019,YUNIKM,X,,,,,Yunik Managing Advisors Limite,5.90,6.66,5.90,6.33,6.33,6.36,,6.33,,,2163,13670.00,12,F1,1,,,,,
2026-09-04,2026-09-04,CM,BSE,STK,533150,INE484J01027,GODREJPROP,A,,,,,GODREJ PROPERTIES LTD,2043.35,2043.35,1972.80,1990.00,1990.00,1986.60,,1982.01,,,14987,29970960.00,1831,F1,1,,,,,
2026-09-04,2026-09-04,CM,BSE,STK,533151,INE950I01011,DBCORP,B,,,,,D B CORP LTD,192.70,196.95,192.70,195.65,196.75,194.30,,195.65,,,3493,682475.00,145,F1,1,,,,,
2026-09-04,2026-09-04,CM,BSE,STK,533152,INE912H01013,MBLINFRA,B,,,,,MBL Infrastructure Ltd,24.25,24.88,24.25,24.88,24.88,24.33,,24.30,,,353,8560.00,2,F1,1,,,,,
2026-09-04,2026-09-04,CM,BSE,STK,533155,INE797F01020,JUBLFOOD,A,,,,,JUBILANT FOODWORKS LTD,482.50,487.95,481.65,481.65,481.65,482.55,,482.70,,,28474,13786178.00,757,F1,1,,,,,
2026-09-04,2026-09-04,CM,BSE,STK,533156,INE893I01013,VASCONEQ,B,,,,,VASCON ENGINEERS LTD,30.46,30.67,29.89,30.50,30.33,30.02,,30.47,,,26575,805485.00,229,F1,1,,,,,
2026-09-04,2026-09-04,CM,BSE,STK,533158,INE085J01014,THANGAMAYL,A,,,,,THANGAMAYIL JEWELLERY LTD,5299.00,5351.00,5240.00,5331.40,5336.00,5285.00,,5331.98,,,1911,10132716.00,341,F1,1,,,,,
2026-09-04,2026-09-04,CM,BSE,STK,533160,INE879I01012,DBREALTY,A,,,,,VALOR ESTATE LIMITED,103.30,104.85,101.40,102.30,102.20,103.10,,102.57,,,49250,5108151.00,530,F1,1,,,,,
2026-09-04,2026-09-04,CM,BSE,STK,533161,INE753K01015,EMMBI,T,,,,,EMMBI INDUSTRIES LTD,91.00,91.00,90.00,91.00,91.00,91.00,,91.00,,,544,49400.00,7,F1,1,,,,,
2026-09-04,2026-09-04,CM,BSE,STK,533162,INE982F01036,HATHWAY,B,,,,,HATHWAY CABLE & DATACOM LTD,10.29,10.59,10.20,10.54,10.54,10.28,,10.52,,,250827,2612634.00,543,F1,1,,,,,
2026-09-04,2026-09-04,CM,BSE,STK,533164,INE141K01013,TEXMOPIPES,B,,,,,TEXMO PIPES & PRODUCTS LTD.,43.30,46.64,43.30,46.58,46.58,45.55,,46.24,,,4954,228735.00,80,F1,1,,,,,
2026-09-04,2026-09-04,CM,BSE,STK,533166,INE108E01023,SUNDARAM,B,,,,,SUNDARAM MULTI PAP LTD.,1.26,1.26,1.22,1.22,1.24,1.25,,1.23,,,73352,90171.00,85,F1,1,,,,,
2026-09-04,2026-09-04,CM,BSE,STK,533167,INE312J01012,COROENGG,X,,,,,COROMANDEL ENGINEERING COMPANY,57.00,58.00,55.00,55.00,55.00,56.54,,55.00,,,7126,395937.00,44,F1,1,,,,,
2026-09-04,2026-09-04,CM,BSE,STK,533168,INE847C01020,ROSSELLIND,B,,,,,ROSSELL INDIA LTD.,57.01,58.00,56.27,57.04,57.04,57.63,,56.96,,,4290,244166.00,43,F1,1,,,,,
2026-09-04,2026-09-04,CM,BSE,STK,533169,INE949H01023,MANINFRA,B,,,,,MAN INFRACONSTRUCTION LTD.,126.00,128.00,123.80,124.60,124.50,124.60,,124.79,,,124783,15644521.00,802,F1,1,,,,,
2026-09-04,2026-09-04,CM,BSE,STK,533170,INE864J01012,TAMBOLIIN,T,,,,,TAMBOLI INDUSTRIES LIMITED,260.00,265.95,259.00,265.00,265.00,260.00,,262.07,,,4714,1247121.00,35,F1,1,,,,,
2026-09-04,2026-09-04,CM,BSE,STK,533172,INF205KA1BP1,IVZINGOLD,E,,,,,INVESCO India Gold Exchange Tr,134.10,134.89,133.09,134.08,134.00,134.14,,133.98,,,824,110347.00,28,F1,1,,,,,
2026-09-04,2026-09-04,CM,BSE,STK,533177,INE975G01012,IL&FSTRANS,Z,,,,,IL&FS TRANSPORTATION NETWORKS,2.14,2.14,2.04,2.12,2.12,2.14,,2.06,,,7032,14597.00,23,F1,1,,,,,
2026-09-04,2026-09-04,CM,BSE,STK,533179,INE262H01021,PERSISTENT,A,,,,,PERSISTENT SYSTEMS LTD.,5720.95,5720.95,5640.00,5655.00,5655.00,5624.00,,5643.17,,,28703,163118397.00,3522,F1,1,,,,,
2026-09-04,2026-09-04,CM,BSE,STK,533181,INE566K01011,ISFT,B,,,,,INTRASOFT TECHNOLOGIES LTD.,85.14,86.91,81.00,81.20,82.00,85.03,,81.51,,,3249,267870.00,184,F1,1,,,,,
2026-09-04,2026-09-04,CM,BSE,STK,533192,INE790B01024,KCPSUGIND,T,,,,,KCP SUGAR & INDUSTRIES CORPORA,32.00,32.88,31.20,31.49,32.64,32.20,,31.92,,,5299,167576.00,52,F1,1,,,,,
2026-09-04,2026-09-04,CM,BSE,STK,533193,INE134B01017,KECL,B,,,,,KIRLOSKAR ELECTRIC COMPANY LTD,124.60,127.15,124.60,126.20,125.80,124.75,,126.38,,,11248,1419212.00,257,F1,1,,,,,
2026-09-04,2026-09-04,CM,BSE,STK,533202,INE639K01016,SATCH,X,,,,,SATCHMO HOLDINGS LIMITED,3.83,3.87,3.75,3.81,3.80,3.75,,3.81,,,56890,217276.00,103,F1,1,,,,,
2026-09-04,2026-09-04,CM,BSE,STK,533203,INE747K01017,TARAPUR,B,,,,,TARAPUR TRANSFORMERS LTD,13.32,13.75,12.55,13.29,13.32,13.00,,13.15,,,8080,106966.00,95,F1,1,,,,,
2026-09-04,2026-09-04,CM,BSE,STK,533206,INE002L01015,SJVN,A,,,,,SJVN LTD,65.00,65.66,64.58,65.19,65.12,65.00,,65.22,,,273965,17807715.00,2195,F1,1,,,,,
2026-09-04,2026-09-04,CM,BSE,STK,533208,INE830C01026,EMAMIPAP,T,,,,,EMAMI PAPER MILLS LTD.,110.25,118.10,110.25,117.80,118.10,112.50,,117.68,,,13836,1620498.00,94,F1,1,,,,,
2026-09-04,2026-09-04,CM,BSE,STK,533210,INE798K01010,KRITINUT,B,,,,,KRITI NUTRIENTS LTD,85.00,86.73,84.00,84.71,84.30,82.60,,86.42,,,729,61815.00,34,F1,1,,,,,
2026-09-04,2026-09-04,CM,BSE,STK,533212,INE265D01015,GKB,B,,,,,GKB OPHTHALMICS LTD.,65.00,67.49,63.00,64.96,64.96,63.04,,63.98,,,2747,180743.00,22,F1,1,,,,,
2026-09-04,2026-09-04,CM,BSE,STK,533217,INE871K01015,HMVL,T,,,,,HINDUSTAN MEDIA VENTURES LTD.,85.50,86.20,84.05,85.14,85.14,86.65,,84.33,,,399,34082.00,19,F1,1,,,,,
2026-09-04,2026-09-04,CM,BSE,STK,533218,INE778K01012,EMAMIREAL,B,,,,,EMAMI REALTY LIMITED,68.50,68.94,65.51,65.83,65.83,68.95,,66.14,,,13022,866646.00,217,F1,1,,,,,
2026-09-04,2026-09-04,CM,BSE,STK,533227,INE926K01017,AHLEAST,B,,,,,ASIAN HOTELS (EAST) LTD.,136.00,136.00,135.25,135.25,135.25,136.00,,136.51,,,6,815.00,2,F1,1,,,,,
2026-09-04,2026-09-04,CM,BSE,STK,533229,INE933K01021,BAJAJCON,A,,,,,BAJAJ CONSUMER CARE LIMITED,515.55,519.05,507.45,516.95,516.95,508.40,,517.54,,,42648,21889265.00,774,F1,1,,,,,
2026-09-04,2026-09-04,CM,BSE,STK,533230,INF179KC1981,HDFCGOLD,E,,,,,HDFC MUTUAL FUND - HDFC GOLD E,130.66,131.90,130.66,131.43,131.50,130.37,,131.45,,,95802,12588704.00,1049,F1,1,,,,,
2026-09-04,2026-09-04,CM,BSE,STK,533239,INE696K01024,PRAKASHSTL,B,,,,,PRAKASH STEELAGE LTD.,3.59,3.85,3.59,3.83,3.83,3.66,,3.82,,,22874,86226.00,109,F1,1,,,,,
2026-09-04,2026-09-04,CM,BSE,STK,533244,INF109KC1NT3,GOLDIETF,E,,,,,ICICI Prudential Gold ETF,131.21,132.99,131.00,131.75,131.75,130.80,,131.80,,,513108,67489010.00,2608,F1,1,,,,,
2026-09-04,2026-09-04,CM,BSE,STK,533248,INE517F01014,GPPL,A,,,,,GUJARAT PIPAVAV PORT LTD.,165.20,166.80,161.00,161.50,162.30,165.35,,161.62,,,68754,11169208.00,1311,F1,1,,,,,
2026-09-04,2026-09-04,CM,BSE,STK,533252,INE389K01018,WELINV,T,,,,,WELSPUN INVESTMENTS AND COMMER,2187.90,2187.90,2187.90,2187.90,2187.90,2145.00,,2209.30,,,10,21879.00,1,F1,1,,,,,
2026-09-04,2026-09-04,CM,BSE,STK,533257,INE866K01023,WAAREEINDO,B,,,,,INDOSOLAR LTD.,277.80,277.80,268.65,272.80,270.40,275.60,,272.02,,,9346,2543813.00,323,F1,1,,,,,
2026-09-04,2026-09-04,CM,BSE,STK,533259,INE019J01013,HEALTHX,B,,,,,HEALTH X PLATFORM LIMITED,292.05,296.30,292.05,292.30,292.30,291.70,,300.30,,,202,59186.00,91,F1,1,,,,,
2026-09-04,2026-09-04,CM,BSE,STK,533260,INE521J01018,CPCAP,B,,,,,CP CAPITAL LIMITED,119.00,139.00,119.00,129.00,129.00,116.10,,128.33,,,10631,1341367.00,169,F1,1,,,,,
2026-09-04,2026-09-04,CM,BSE,STK,533262,INE874I01013,RAMKY,B,,,,,RAMKY INFRASTRUCTURE LTD.,351.60,351.95,344.00,346.50,344.95,352.30,,347.36,,,747,260019.00,163,F1,1,,,,,
2026-09-04,2026-09-04,CM,BSE,STK,533263,INE999K01014,GREENPOWER,B,,,,,ORIENT GREEN POWER COMPANY LTD,9.17,9.35,9.16,9.27,9.33,9.19,,9.28,,,212433,1967045.00,642,F1,1,,,,,
2026-09-04,2026-09-04,CM,BSE,STK,533267,INE068L01024,CANTABIL,B,,,,,CANTABIL RETAIL INDIA LTD.,239.05,243.90,238.15,242.00,242.00,237.70,,243.00,,,2786,673387.00,127,F1,1,,,,,
2026-09-04,2026-09-04,CM,BSE,STK,533268,INE351L01016,SEATV,X,,,,,SEA TV NETWORK LTD.,3.30,3.30,3.19,3.19,3.19,3.15,,3.19,,,4778,15636.00,5,F1,1,,,,,
2026-09-04,2026-09-04,CM,BSE,STK,533269,INE956G01038,WABAG,A,,,,,VA TECH WABAG LTD.,2017.00,2026.30,1995.50,2005.25,2005.25,2011.45,,2005.30,,,11958,24038814.00,821,F1,1,,,,,
2026-09-04,2026-09-04,CM,BSE,STK,533270,INE844K01012,BEDMUTHA,B,,,,,BEDMUTHA INDUSTRIES LTD.,112.00,113.25,104.85,112.50,112.50,110.45,,112.37,,,760,84370.00,44,F1,1,,,,,
2026-09-04,2026-09-04,CM,BSE,STK,533271,INE442H01029,ASHOKA,A,,,,,ASHOKA BUILDCON LTD.,117.65,118.10,115.00,115.60,115.60,117.30,,115.55,,,49837,5780021.00,628,F1,1,,,,,
2026-09-04,2026-09-04,CM,BSE,STK,533272,INE209L01016,JWL,A,,,,,JUPITER WAGONS LIMITED,241.00,249.00,241.00,243.35,244.60,241.00,,243.25,,,73252,17988374.00,1278,F1,1,,,,,
2026-09-04,2026-09-04,CM,BSE,STK,533273,INE093I01010,OBEROIRLTY,A,,,,,OBEROI REALTY LTD.,1901.05,1932.25,1873.15,1875.00,1875.00,1904.60,,1875.60,,,244549,469239340.00,3736,F1,1,,,,,
2026-09-04,2026-09-04,CM,BSE,STK,533274,INE811K01011,PRESTIGE,A,,,,,PRESTIGE ESTATES PROJECTS LTD.,1623.95,1645.40,1566.40,1608.00,1608.00,1625.00,,1589.32,,,33577,54100199.00,2734,F1,1,,,,,
2026-09-04,2026-09-04,CM,BSE,STK,533275,INE482J01021,SHAH,B,,,,,SHAH METACORP LIMITED,3.57,3.58,3.47,3.52,3.54,3.50,,3.51,,,204924,723960.00,198,F1,1,,,,,
2026-09-04,2026-09-04,CM,BSE,STK,533278,INE522F01014,COALINDIA,A,,,,,COAL INDIA LTD.,417.75,417.85,412.60,414.30,414.30,419.15,,415.35,,,231658,96059287.00,5458,F1,1,,,,,
2026-09-04,2026-09-04,CM,BSE,STK,533282,INE024L01027,GRAVITA,A,,,,,GRAVITA INDIA LTD.,1684.80,1698.40,1617.45,1662.25,1667.00,1681.40,,1661.72,,,63452,104425756.00,3005,F1,1,,,,,
2026-09-04,2026-09-04,CM,BSE,STK,533284,INE324L01013,RPPINFRA,B,,,,,RPP INFRA PROJECTS LTD.,54.66,55.61,53.59,53.92,53.87,55.61,,54.13,,,6664,363218.00,101,F1,1,,,,,
2026-09-04,2026-09-04,CM,BSE,STK,533285,INE245L01028,RDBIPL,B,,,,,RDB INFRASTRUCTURE AND POWER L,15.35,15.80,14.30,14.45,14.45,15.05,,14.45,,,645341,9467586.00,629,F1,1,,,,,
2026-09-04,2026-09-04,CM,BSE,STK,533286,INE490G01020,MOIL,A,,,,,MOIL LTD.,250.50,253.75,249.75,252.15,252.05,250.90,,252.29,,,21037,5301168.00,731,F1,1,,,,,
2026-09-04,2026-09-04,CM,BSE,STK,533287,INE565L01011,ZEELEARN,T,,,,,ZEE LEARN LTD.,7.11,7.32,7.01,7.28,7.10,7.30,,7.19,,,47310,341401.00,123,F1,1,,,,,
2026-09-04,2026-09-04,CM,BSE,STK,533289,INE096L01025,KTIL,X,,,,,KESAR TERMINALS & INFRASTRUCTU,61.89,61.89,60.00,61.44,61.50,61.89,,61.44,,,339,20684.00,13,F1,1,,,,,
2026-09-04,2026-09-04,CM,BSE,STK,533292,INE619I01012,A2ZINFRA,B,,,,,A2Z INFRA ENGINEERING LIMITED,16.50,16.50,15.45,15.69,15.69,15.84,,15.61,,,13108,206493.00,56,F1,1,,,,,
2026-09-04,2026-09-04,CM,BSE,STK,533293,INE146L01010,KIRLOSENG,A,,,,,KIRLOSKAR OIL ENGINES LTD.,2278.95,2282.30,2182.45,2203.35,2203.35,2267.40,,2201.95,,,33664,75260506.00,1480,F1,1,,,,,
2026-09-04,2026-09-04,CM,BSE,STK,533294,INE722J01012,RKDL,B,,,,,RAVI KUMAR DISTILLERIES LTD.,20.00,20.00,18.15,18.15,18.15,18.16,,18.39,,,1626,30921.00,21,F1,1,,,,,
2026-09-04,2026-09-04,CM,BSE,STK,533295,INE608A01012,PSB,B,,,,,PUNJAB & SIND BANK,23.11,23.39,23.01,23.20,23.35,23.05,,23.23,,,143907,3344260.00,504,F1,1,,,,,
2026-09-04,2026-09-04,CM,BSE,STK,533296,INE360L01017,FMNL,B,,,,,FUTURE MARKET NETWORKS LTD.,9.25,10.13,9.25,10.13,10.13,9.65,,10.13,,,16858,169033.00,52,F1,1,,,,,
2026-09-04,2026-09-04,CM,BSE,STK,533298,INE272L01022,SURANASOL,B,,,,,SURANA SOLAR LTD.,25.71,26.59,25.71,26.19,26.22,26.13,,26.12,,,10057,263618.00,188,F1,1,,,,,
2026-09-04,2026-09-04,CM,BSE,STK,533301,INE268L01046,SHEKHAWATI,T,,,,,SHEKHAWATI INDUSTRIES LIMITED,14.61,15.50,14.60,15.45,15.45,15.12,,15.52,,,3721,55005.00,15,F1,1,,,,,
2026-09-04,2026-09-04,CM,BSE,STK,533302,INE029L01018,KICL,B,,,,,KALYANI INVESTMENT COMPANY LTD,5209.00,5209.00,5209.00,5209.00,5209.00,5200.00,,5203.22,,,1,5209.00,1,F1,1,,,,,
2026-09-04,2026-09-04,CM,BSE,STK,533303,INE878K01010,BFINVEST,B,,,,,BF INVESTMENT LTD.,470.20,476.35,464.05,468.95,469.80,470.05,,469.29,,,4565,2144011.00,249,F1,1,,,,,
2026-09-04,2026-09-04,CM,BSE,STK,533306,INE519C01017,SUMMITSEC,B,,,,,SUMMIT SECURITIES LTD.,1450.00,1450.95,1433.00,1433.55,1433.00,1432.40,,1434.03,,,100,143484.00,41,F1,1,,,,,
2026-09-04,2026-09-04,CM,BSE,STK,533316,INE577L01016,STEL,B,,,,,STEL HOLDINGS LIMITED,610.00,620.40,601.95,602.00,602.00,605.10,,607.87,,,67,40588.00,24,F1,1,,,,,
2026-09-04,2026-09-04,CM,BSE,STK,533326,INE621L01012,TEXRAIL,A,,,,,TEXMACO RAIL & ENGINEERING LTD,114.50,117.50,113.25,115.95,115.50,113.75,,115.99,,,259713,30130657.00,1693,F1,1,,,,,
2026-09-04,2026-09-04,CM,BSE,STK,533333,INE045J01034,FCL,B,,,,,FINEOTEX CHEMICAL LTD.,48.66,52.11,48.66,51.51,51.16,48.42,,51.51,,,2112384,107377183.00,5645,F1,1,,,,,
2026-09-04,2026-09-04,CM,BSE,STK,533336,INE320L01011,DHUNINV,B,,,,,DHUNSERI INVESTMENTS LTD.,1025.00,1045.85,1009.95,1020.00,1020.00,1025.00,,1019.15,,,39,39939.00,19,F1,1,,,,,
2026-09-04,2026-09-04,CM,BSE,STK,533339,INE251B01027,ZENTEC,A,,,,,ZEN TECHNOLOGIES LTD.,1813.45,1837.85,1792.55,1800.75,1800.75,1810.95,,1801.33,,,23853,43394226.00,1863,F1,1,,,,,
2026-09-04,2026-09-04,CM,BSE,STK,533343,INE597L01014,LOVABLE,B,,,,,LOVABLE LINGERIE LTD.,73.21,73.21,70.40,71.24,71.41,72.00,,71.37,,,779,55518.00,91,F1,1,,,,,
2026-09-04,2026-09-04,CM,BSE,STK,533344,INE560K01014,PFS,B,,,,,PTC INDIA FINANCIAL SERVICES L,27.60,27.60,26.90,26.93,26.97,27.07,,26.94,,,48849,1329792.00,173,F1,1,,,,,
2026-09-04,2026-09-04,CM,BSE,STK,533385,INF247L01AP3,MON100,B,,,,,MOTILAL OSWAL MOST SHARES NASD,324.67,324.67,324.67,324.67,324.67,323.86,,324.67,,,3596,1167513.00,76,F1,1,,,,,
2026-09-04,2026-09-04,CM,BSE,STK,533398,INE414G01012,MUTHOOTFIN,A,,,,,MUTHOOT FINANCE LTD.,2965.00,2981.50,2913.85,2920.00,2920.00,2935.00,,2913.87,,,46331,136400867.00,5125,F1,1,,,,,
2026-09-04,2026-09-04,CM,BSE,STK,533407,INE672K01025,TRUEGREEN,XT,,,,,TRUE GREEN BIO ENERGY LIMITED,227.70,227.70,217.00,223.35,226.00,223.70,,223.35,,,12573,2812019.00,114,F1,1,,,,,
2026-09-04,2026-09-04,CM,BSE,STK,533408,INF209KB18D3,BSLGOLDETF,E,,,,,Aditya Birla Sun Life Mutual F,136.44,136.44,134.95,135.30,135.28,134.06,,135.36,,,13587,1839927.00,190,F1,1,,,,,
2026-09-04,2026-09-04,CM,BSE,STK,533427,INE932K01015,VMS,X,,,,,VMS INDUSTRIES LTD.,19.76,20.44,19.02,20.22,20.43,19.28,,20.22,,,73432,1472266.00,273,F1,1,,,,,
2026-09-04,2026-09-04,CM,BSE,STK,533451,INE725L01011,KARMAENG,B,,,,,KARMA ENERGY LTD.,38.45,38.45,36.26,38.45,38.45,36.17,,37.45,,,561,20456.00,6,F1,1,,,,,
2026-09-04,2026-09-04,CM,BSE,STK,533452,INE726L01027,DELPHIFX,T,,,,,DELPHI WORLD MONEY LIMITED,6.19,6.19,5.80,6.07,6.10,6.06,,6.05,,,22314,133598.00,70,F1,1,,,,,
2026-09-04,2026-09-04,CM,BSE,STK,533470,INE573K01025,RUSHIL,B,,,,,RUSHIL DECOR LTD.,16.50,16.50,15.87,16.07,16.01,16.12,,16.01,,,5051,81447.00,42,F1,1,,,,,
2026-09-04,2026-09-04,CM,BSE,STK,533477,INE130L01014,ENKEIWHEL,B,,,,,ENKEI WHEELS (INDIA) LTD.,383.50,396.85,381.00,394.95,394.95,383.30,,389.80,,,2728,1073223.00,40,F1,1,,,,,
2026-09-04,2026-09-04,CM,BSE,STK,533482,INE524L01026,KRIDHANINF,T,,,,,KRIDHAN INFRA LIMITED,2.09,2.09,2.05,2.06,2.06,2.00,,2.03,,,1110,2291.00,7,F1,1,,,,,
2026-09-04,2026-09-04,CM,BSE,STK,533506,INE878H01024,INVENTURE,B,,,,,INVENTURE GROWTH & SECURITIES,0.91,0.96,0.91,0.94,0.96,0.92,,0.93,,,230087,215880.00,98,F1,1,,,,,
2026-09-04,2026-09-04,CM,BSE,STK,533519,INE498L01015,LTF,A,,,,,L&T Finance Limited,315.90,320.40,313.60,314.00,314.00,315.00,,314.00,,,189992,60297457.00,2658,F1,1,,,,,
2026-09-04,2026-09-04,CM,BSE,STK,533520,INE126M01010,IBULLSLTD,B,,,,,Indiabulls Limited,25.98,26.08,25.15,25.68,25.67,25.84,,25.67,,,448387,11412829.00,1386,F1,1,,,,,
2026-09-04,2026-09-04,CM,BSE,STK,533540,INE040M01013,TREEHOUSE,B,,,,,TREE HOUSE EDUCATION & ACCESSO,6.45,6.45,6.00,6.05,6.05,6.39,,6.29,,,6082,37271.00,48,F1,1,,,,,
2026-09-04,2026-09-04,CM,BSE,STK,533543,INE650L01011,BROOKS,T,,,,,BROOKS LABORATORIES LTD.,64.66,66.64,64.66,65.93,65.94,64.22,,65.99,,,1164,76834.00,17,F1,1,,,,,
2026-09-04,2026-09-04,CM,BSE,STK,533552,INE895B01021,RUPA,B,,,,,RUPA & COMPANY LTD.,146.45,146.45,143.05,144.75,144.80,144.00,,144.51,,,3659,527867.00,107,F1,1,,,,,
2026-09-04,2026-09-04,CM,BSE,STK,533553,INE419M01035,TDPOWERSYS,A,,,,,T D POWER SYSTEMS LTD.,722.15,742.15,718.00,737.45,736.10,722.90,,739.76,,,229339,168248796.00,4668,F1,1,,,,,
2026-09-04,2026-09-04,CM,BSE,STK,533570,INF846K01W80,GOLDAXIS,E,,,,,AXIS MUTUAL FUND - AXIS GOLD E,127.22,128.71,124.03,128.02,127.99,127.22,,128.11,,,33349,4276463.00,780,F1,1,,,,,
2026-09-04,2026-09-04,CM,BSE,STK,533573,INE901L01018,APLLTD,A,,,,,ALEMBIC PHARMACEUTICALS LTD.,805.95,811.90,793.00,807.80,805.70,804.10,,808.17,,,13520,10848141.00,1201,F1,1,,,,,
2026-09-04,2026-09-04,CM,BSE,STK,533576,INE590L01019,VASWANI,B,,,,,VASWANI INDUSTRIES LTD.,47.00,48.45,46.35,46.93,46.35,47.24,,47.01,,,990,46568.00,76,F1,1,,,,,
2026-09-04,2026-09-04,CM,BSE,STK,533581,INE457L01029,PGEL,A,,,,,PG ELECTROPLAST LTD.,553.00,564.00,552.05,560.40,560.40,555.00,,562.20,,,91342,50988227.00,2727,F1,1,,,,,
2026-09-04,2026-09-04,CM,BSE,STK,533602,INE050L01048,LESHAIND,X,,,,,LESHA INDUSTRIES LTD.,0.75,0.76,0.74,0.75,0.76,0.75,,0.75,,,146979,109265.00,135,F1,1,,,,,
2026-09-04,2026-09-04,CM,BSE,STK,533605,INE023M01027,SETUINFRA,Z,,,,,SETUBANDHAN INFRASTRUCTURE LIM,0.57,0.57,0.57,0.57,0.57,0.55,,0.57,,,9662,5507.00,9,F1,1,,,,,
2026-09-04,2026-09-04,CM,BSE,STK,533608,INE123M01017,RDBRL,X,,,,,RDB RASAYANS LTD.,170.00,170.00,163.65,164.15,165.75,167.40,,164.15,,,6517,1078407.00,133,F1,1,,,,,
2026-09-04,2026-09-04,CM,BSE,STK,533629,INE440L01017,TIJARIA,T,,,,,TIJARIA POLYPIPES LTD.,9.53,9.54,9.53,9.54,9.54,9.09,,9.54,,,55215,526431.00,43,F1,1,,,,,
2026-09-04,2026-09-04,CM,BSE,STK,533632,INE912L01015,ONELIFECAP,T,,,,,ONELIFE CAPITAL ADVISORS LTD.,31.32,32.70,31.32,32.70,32.70,32.13,,32.18,,,201,6376.00,10,F1,1,,,,,
2026-09-04,2026-09-04,CM,BSE,STK,533638,INE060J01017,FLEXITUFF,T,,,,,FLEXITUFF VENTURES INTERNATION,2.54,2.54,2.35,2.35,2.35,2.47,,2.30,,,8031,18876.00,27,F1,1,,,,,
2026-09-04,2026-09-04,CM,BSE,STK,533644,INE899L01030,UEL,B,,,,,UJAAS ENERGY LIMITED,226.05,247.90,226.05,243.40,243.50,236.10,,243.03,,,31234,7672311.00,803,F1,1,,,,,
2026-09-04,2026-09-04,CM,BSE,STK,533655,INE152M01016,TRITURBINE,A,,,,,TRIVENI TURBINE LTD.,570.55,582.00,570.55,577.50,578.95,572.05,,577.31,,,528984,304843157.00,1320,F1,1,,,,,
2026-09-04,2026-09-04,CM,BSE,STK,533676,INE337M01021,INDOTHAI,B,,,,,INDO THAI SECURITIES LTD.,35.85,35.85,35.85,35.85,35.85,37.73,,35.75,,,131416,4711263.00,115,F1,1,,,,,
2026-09-04,2026-09-04,CM,BSE,STK,533704,INE122M01019,ESSARSHPNG,B,,,,,ESSAR SHIPPING LTD.,16.85,17.64,16.85,16.99,16.99,16.89,,17.08,,,29970,515607.00,307,F1,1,,,,,
2026-09-04,2026-09-04,CM,BSE,STK,533719,INF767K01SM1,LICMFGOLD,E,,,,,LIC MUTUAL FUND - LIC MF GOLD,141.40,141.40,137.96,138.78,138.81,137.96,,138.75,,,10065,1405317.00,129,F1,1,,,,,
2026-09-04,2026-09-04,CM,BSE,STK,533758,INE702C01027,APLAPOLLO,A,,,,,APL APOLLO TUBES LTD.,2175.45,2269.00,2151.00,2250.00,2250.00,2151.00,,2250.00,,,322382,705003623.00,4824,F1,1,,,,,
2026-09-04,2026-09-04,CM,BSE,STK,533761,INE390G01014,GPTINFRA,B,,,,,GPT INFRAPROJECTS LTD.,110.95,113.20,110.70,112.15,111.60,111.25,,112.10,,,10812,1208395.00,248,F1,1,,,,,
2026-09-04,2026-09-04,CM,BSE,STK,533896,INE258M01011,FERVENTSYN,X,,,,,FERVENT SYNERGIES LTD.,14.19,15.51,14.19,15.02,15.00,15.00,,15.02,,,2616,38127.00,18,F1,1,,,,,
2026-09-04,2026-09-04,CM,BSE,STK,533941,INE480M01011,THOMASCOTT,B,,,,,THOMAS SCOTT (INDIA) LIMITED,266.00,269.30,260.90,261.35,260.90,261.05,,262.72,,,5126,1370405.00,450,F1,1,,,,,
2026-09-04,2026-09-04,CM,BSE,STK,533982,INE482B01010,TERASOFT,B,,,,,TERA SOFTWARE LTD.,285.00,296.00,280.00,284.50,283.10,283.20,,283.44,,,2762,796815.00,100,F1,1,,,,,
2026-09-04,2026-09-04,CM,BSE,STK,534060,INE793G01035,PMCFIN,X,,,,,PMC FINCORP LIMITED,1.69,1.70,1.66,1.70,1.70,1.67,,1.70,,,164728,277275.00,343,F1,1,,,,,
2026-09-04,2026-09-04,CM,BSE,STK,534064,INE123D01024,AIML,XT,,,,,ALLIANCE INTEGRATED METALIKS L,2.52,2.52,2.52,2.52,2.52,2.48,,2.52,,,38281,96468.00,38,F1,1,,,,,
2026-09-04,2026-09-04,CM,BSE,STK,534076,INE743M01012,RHIM,A,,,,,RHI MAGNESITA INDIA LIMITED,371.70,372.55,369.75,371.35,372.50,369.55,,371.35,,,4159,1543280.00,224,F1,1,,,,,
2026-09-04,2026-09-04,CM,BSE,STK,534091,INE745G01043,MCX,A,,,,,MULTI COMMODITY EXCHANGE OF IN,3180.75,3287.00,3168.05,3275.00,3275.00,3185.00,,3275.39,,,351316,1137174564.00,13011,F1,1,,,,,
2026-09-04,2026-09-04,CM,BSE,STK,534139,INE839M01018,SCHNEIDER,A,,,,,SCHNEIDER ELECTRIC INFRASTRUCT,1208.50,1235.55,1193.05,1233.30,1232.15,1189.90,,1232.45,,,15001,18199724.00,880,F1,1,,,,,
2026-09-04,2026-09-04,CM,BSE,STK,534190,INE550L01013,OLPCL,X,,,,,OLYMPIC CARDS LTD.,3.00,3.02,3.00,3.00,3.00,3.00,,3.00,,,5362,16146.00,12,F1,1,,,,,
2026-09-04,2026-09-04,CM,BSE,STK,534309,INE095N01031,NBCC,A,,,,,NBCC (India) Limited,86.17,87.43,86.17,86.60,86.60,86.55,,86.60,,,410579,35641282.00,2803,F1,1,,,,,
2026-09-04,2026-09-04,CM,BSE,STK,534312,INE472M01018,MTEDUCARE,T,,,,,MT EDUCARE LTD.,1.73,1.85,1.70,1.83,1.83,1.77,,1.77,,,20458,37308.00,82,F1,1,,,,,
2026-09-04,2026-09-04,CM,BSE,STK,534338,INE393F01010,MAXHEIGHTS,X,,,,,Max heights Infrastucture Ltd,10.90,10.90,10.50,10.90,10.90,10.90,,10.90,,,1630,17515.00,11,F1,1,,,,,
2026-09-04,2026-09-04,CM,BSE,STK,534369,INE760L01018,TBZ,B,,,,,TRIBHOVANDAS BHIMJI ZAVERI LTD,451.60,472.50,451.60,472.50,472.50,429.55,,480.31,,,142530,66969545.00,2412,F1,1,,,,,
2026-09-04,2026-09-04,CM,BSE,STK,534392,INE050M01012,VSSL,B,,,,,VARDHMAN SPECIAL STEELS LTD.,375.00,375.00,354.20,363.90,364.00,363.60,,364.14,,,7350,2646791.00,226,F1,1,,,,,
2026-09-04,2026-09-04,CM,BSE,STK,534422,INE204N01013,LOOKS,XT,,,,,LOOKS HEALTH SERVICES LIMITED,10.30,10.85,10.00,10.05,10.05,10.46,,10.05,,,20140,204807.00,48,F1,1,,,,,
2026-09-04,2026-09-04,CM,BSE,STK,534425,INE247M01014,SPECIALITY,T,,,,,SPECIALITY RESTAURANTS LTD.,134.25,143.95,134.25,141.15,141.15,139.40,,140.48,,,1831,257087.00,24,F1,1,,,,,
2026-09-04,2026-09-04,CM,BSE,STK,534532,INE142K01011,AURUS,B,,,,,AURUS GEM CORPORATION LIMITED,4.62,4.89,4.45,4.84,4.84,4.74,,4.84,,,7454,35256.00,37,F1,1,,,,,
2026-09-04,2026-09-04,CM,BSE,STK,534535,INE958L01034,META,T,,,,,STRING METAVERSE LIMITED,9.25,9.76,8.88,8.96,8.96,9.34,,8.96,,,4343916,40080036.00,4768,F1,1,,,,,
2026-09-04,2026-09-04,CM,BSE,STK,534597,INE834M01019,RTNINDIA,B,,,,,RATTANINDIA ENTERPRISES LIMITE,27.71,28.17,27.60,27.84,27.95,27.48,,27.82,,,196778,5478264.00,961,F1,1,,,,,
2026-09-04,2026-09-04,CM,BSE,STK,534598,INE735M01018,SAMPANN,B,,,,,Sampann Utpadan India Limited,25.00,25.49,24.15,24.50,24.50,25.10,,25.04,,,2378,58803.00,34,F1,1,,,,,
2026-09-04,2026-09-04,CM,BSE,STK,534600,INE391J01032,JTLIND,B,,,,,JTL INDUSTRIES LIMITED,90.38,92.85,89.76,91.61,91.45,89.70,,91.66,,,273542,25023586.00,1941,F1,1,,,,,
2026-09-04,2026-09-04,CM,BSE,STK,534612,INE436N01029,AMTL,X,,,,,ADVANCE METERING TECHNOLOGY LT,17.85,18.24,17.01,17.57,17.57,17.50,,17.57,,,3681,65144.00,42,F1,1,,,,,
2026-09-04,2026-09-04,CM,BSE,STK,534615,INE553C01016,NECCLTD,T,,,,,NORTH EASTERN CARRYING CORPORA,17.65,18.54,17.65,18.54,18.54,17.66,,18.52,,,46686,860777.00,111,F1,1,,,,,
2026-09-04,2026-09-04,CM,BSE,STK,534618,INE299N01021,WAAREERTL,A,,,,,WAAREE RENEWABLE TECHNOLOGIES,845.35,863.60,845.35,858.70,854.00,848.30,,858.92,,,18033,15379663.00,875,F1,1,,,,,
2026-09-04,2026-09-04,CM,BSE,STK,534623,INE524N01014,JUPITERIN,X,,,,,JUPITER INFOMEDIA LTD.,37.52,37.52,37.52,37.52,37.52,35.74,,37.52,,,3674,137848.00,15,F1,1,,,,,
2026-09-04,2026-09-04,CM,BSE,STK,534674,INE741L01018,DUCON,B,,,,,Ducon Infratechnologies Ltd,1.93,1.97,1.85,1.91,1.93,1.93,,1.92,,,370096,698746.00,270,F1,1,,,,,
2026-09-04,2026-09-04,CM,BSE,STK,534675,INE195N01013,PROZONER,B,,,,,PROZONE REALTY LIMITED,41.08,50.40,41.08,49.60,50.28,46.00,,49.75,,,34097,1659230.00,762,F1,1,,,,,
2026-09-04,2026-09-04,CM,BSE,STK,534680,INE559N01010,SRGHFL,B,,,,,SRG HOUSING FINANCE LTD.,253.05,253.05,241.35,241.35,241.35,241.30,,245.42,,,64,15807.00,5,F1,1,,,,,
2026-09-04,2026-09-04,CM,BSE,STK,534691,INE456N01019,COMCL,X,,,,,COMFORT COMMOTRADE LTD.,14.75,14.95,13.72,14.65,14.65,14.34,,14.65,,,1296,18580.00,17,F1,1,,,,,
2026-09-04,2026-09-04,CM,BSE,STK,534708,INE892L01019,SHANTIGURU,M,,,,,SHANTI GURU INDUSTRIES LIMITED,8.60,8.82,8.10,8.82,8.82,9.00,,8.82,,,18000,152310.00,6,F1,3000,,,,,
2026-09-04,2026-09-04,CM,BSE,STK,534732,INE176N01039,CASPIAN,X,,,,,CASPIAN CORPORATE SERVICES LIM,35.00,35.25,34.00,35.18,35.18,35.00,,35.18,,,4469,154716.00,63,F1,1,,,,,
2026-09-04,2026-09-04,CM,BSE,STK,534733,INE175N01023,AERPACE,XT,,,,,Aerpace Industries Limited,39.96,39.96,39.96,39.96,39.96,40.77,,39.96,,,21920,875923.00,89,F1,1,,,,,
2026-09-04,2026-09-04,CM,BSE,STK,534741,INE247C01023,VIRTUALG,T,,,,,VIRTUAL GLOBAL EDUCATION LTD.,0.48,0.48,0.46,0.47,0.47,0.48,,0.47,,,104824,49217.00,44,F1,1,,,,,
2026-09-04,2026-09-04,CM,BSE,STK,534742,INE840M01016,ZUARI,B,,,,,ZUARI AGRO CHEMICALS LTD.,223.50,226.50,223.50,225.90,224.85,224.30,,225.56,,,1669,376452.00,79,F1,1,,,,,
2026-09-04,2026-09-04,CM,BSE,STK,534748,INE503B01021,STEELXIND,B,,,,,STEEL EXCHANGE INDIA LTD.,11.72,11.82,11.20,11.33,11.35,11.33,,11.34,,,516810,5892893.00,777,F1,1,,,,,
2026-09-04,2026-09-04,CM,BSE,STK,534755,INE234G01022,TRIOMERC,XT,,,,,TRIO MERCANTILE & TRADING LTD.,2.23,2.25,2.10,2.20,2.20,2.15,,2.20,,,215001,475165.00,108,F1,1,,,,,
2026-09-04,2026-09-04,CM,BSE,STK,534796,INE198N01017,JUJHARLOGI,XT,,,,,JUJHAR LOGISTICS  LIMITED,237.45,243.95,229.00,229.00,229.00,235.10,,229.00,,,241,56075.00,15,F1,1,,,,,
2026-09-04,2026-09-04,CM,BSE,STK,534804,INE752H01013,CARERATING,A,,,,,CARE Ratings Limited,1712.00,1759.00,1700.75,1739.10,1735.30,1711.60,,1738.22,,,220846,380975460.00,796,F1,1,,,,,
2026-09-04,2026-09-04,CM,BSE,STK,534809,INE785M01021,PCJEWELLER,A,,,,,PC JEWELLER LTD.,10.60,12.12,10.50,11.90,11.90,10.54,,11.86,,,49246859,562689456.00,20196,F1,1,,,,,
2026-09-04,2026-09-04,CM,BSE,STK,534816,INE121J01017,INDUSTOWER,A,,,,,INDUS TOWERS LIMITED,374.25,380.35,374.25,375.00,375.00,375.50,,376.73,,,111624,42039160.00,1459,F1,1,,,,,
2026-09-04,2026-09-04,CM,BSE,STK,534976,INE665J01013,VMART,A,,,,,V-MART RETAIL LTD.,836.45,843.00,815.00,831.35,826.85,839.40,,825.51,,,257672,213125130.00,313,F1,1,,,,,
2026-09-04,2026-09-04,CM,BSE,STK,535136,INE149O01018,NIBE,B,,,,,NIBE LIMITED,1322.05,1342.00,1322.05,1336.55,1336.40,1321.95,,1336.60,,,2165,2891806.00,184,F1,1,,,,,
2026-09-04,2026-09-04,CM,BSE,STK,535204,INE160O01031,MUKTA,X,,,,,Mukta Agriculture Limited,3.80,4.24,3.80,4.24,4.24,3.54,,4.24,,,88993,369482.00,83,F1,1,,,,,
2026-09-04,2026-09-04,CM,BSE,STK,535205,INE159O01033,MYSTICELE,X,,,,,Mystic Electronics Limited,3.80,3.80,3.42,3.54,3.54,3.58,,3.54,,,6242,22234.00,37,F1,1,,,,,
2026-09-04,2026-09-04,CM,BSE,STK,535267,INE274M01026,COMFINCAP,X,,,,,COMFORT FINCAP LTD.,7.70,7.87,7.50,7.58,7.55,7.78,,7.58,,,53485,404896.00,123,F1,1,,,,,
2026-09-04,2026-09-04,CM,BSE,STK,535276,INF200K01VT2,SBISENSEX,B,,,,,SBI MUTUAL FUND - SBI ETF SENS,858.90,859.51,853.03,857.43,859.51,854.87,,857.43,,,1971,1689353.00,147,F1,1,,,,,
2026-09-04,2026-09-04,CM,BSE,STK,535322,INE612J01015,REPCOHOME,B,,,,,REPCO HOME FINANCE LTD.,359.75,360.75,356.15,359.00,357.05,355.40,,358.76,,,1944,698455.00,101,F1,1,,,,,
2026-09-04,2026-09-04,CM,BSE,STK,535387,INE191O01010,LAKHOTIA,X,,,,,LAKHOTIA POLYESTERS (INDIA) LT,66.99,66.99,46.92,57.93,57.93,58.00,,57.93,,,1000,54063.00,23,F1,1,,,,,
2026-09-04,2026-09-04,CM,BSE,STK,535431,INE168O01026,GCMSECU,B,,,,,GCM SECURITIES LTD,0.66,0.67,0.65,0.65,0.67,0.66,,0.65,,,61459,40365.00,80,F1,1,,,,,
2026-09-04,2026-09-04,CM,BSE,STK,535458,INE047O01014,NIBL,B,,,,,NRB INDUSTRIAL BEARINGS LTD.,32.49,32.49,29.39,30.90,30.90,32.00,,30.80,,,2775,83402.00,32,F1,1,,,,,
2026-09-04,2026-09-04,CM,BSE,STK,535514,INE748D01010,PRIMECAPM,XT,,,,,PRIME CAPITAL MARKET LTD.,5.77,5.77,5.77,5.77,5.77,5.77,,5.77,,,499,2879.00,2,F1,1,,,,,
2026-09-04,2026-09-04,CM,BSE,STK,535601,INE099F01013,SREEL,B,,,,,SREELEATHERS LTD.,252.40,269.85,252.40,265.75,268.00,257.80,,265.53,,,1106,289947.00,41,F1,1,,,,,
2026-09-04,2026-09-04,CM,BSE,STK,535602,INE597I01028,SHARDAMOTR,B,,,,,SHARDA MOTOR INDUSTRIES LTD,888.10,888.10,873.45,882.10,880.25,877.75,,881.96,,,1983,1742367.00,237,F1,1,,,,,
2026-09-04,2026-09-04,CM,BSE,STK,535620,INE160L01011,BINNYMILLS,XT,,,,,BINNY MILLS LTD.,220.00,226.10,214.80,226.10,226.10,226.10,,226.10,,,79,17465.00,9,F1,1,,,,,
2026-09-04,2026-09-04,CM,BSE,STK,535621,INE159L01013,SVGLOBAL,B,,,,,S V GLOBAL MILL LTD.,160.00,173.90,158.15,163.60,163.60,144.95,,163.62,,,76234,12932996.00,1044,F1,1,,,,,
2026-09-04,2026-09-04,CM,BSE,STK,535648,INE599M01018,JUSTDIAL,A,,,,,JUST DIAL LTD.,695.05,699.05,688.90,693.00,693.00,695.85,,692.85,,,8908,6177372.00,295,F1,1,,,,,
2026-09-04,2026-09-04,CM,BSE,STK,535657,INE860E01011,OONE,X,,,,,OBJECTONE INFORMATION SYSTEMS,7.99,7.99,7.35,7.99,7.99,8.19,,7.99,,,3692,28957.00,13,F1,1,,,,,
2026-09-04,2026-09-04,CM,BSE,STK,535693,INE320I01017,BRAHMINFRA,B,,,,,BRAHMAPUTRA INFRASTRUCTURE LTD,163.95,166.30,160.65,164.25,165.20,161.30,,164.08,,,4183,685581.00,171,F1,1,,,,,
2026-09-04,2026-09-04,CM,BSE,STK,535719,INE989J01017,AMPVOLTS,X,,,,,AMPVOLTS LIMITED,27.64,27.65,26.00,27.39,27.39,27.12,,27.39,,,45019,1215058.00,115,F1,1,,,,,
2026-09-04,2026-09-04,CM,BSE,STK,535730,INE731G01027,KHOOBSURAT,X,,,,,KHOOBSURAT LTD,0.49,0.50,0.48,0.49,0.49,0.49,,0.49,,,639586,311686.00,182,F1,1,,,,,
2026-09-04,2026-09-04,CM,BSE,STK,535754,INE876N01018,ORIENTCEM,B,,,,,ORIENT CEMENT LTD,128.75,130.25,128.75,129.65,129.80,128.45,,129.68,,,4802,621617.00,82,F1,1,,,,,
2026-09-04,2026-09-04,CM,BSE,STK,535755,INE647O01011,ABFRL,A,,,,,Aditya Birla Fashion and Retai,51.10,53.33,50.47,52.93,52.93,50.43,,52.97,,,593102,30995465.00,4197,F1,1,,,,,
2026-09-04,2026-09-04,CM,BSE,STK,535789,INE148I01020,SAMMAANCAP,A,,,,,Sammaan Capital Limited,155.00,161.00,153.20,158.45,158.45,153.75,,158.39,,,1492680,236200492.00,7863,F1,1,,,,,
2026-09-04,2026-09-04,CM,BSE,STK,535910,INE340O01021,MMLF,B,,,,,MONEY MASTERS LEASING & FINANC,0.60,0.62,0.60,0.62,0.62,0.65,,0.62,,,7261,4497.00,18,F1,1,,,,,
2026-09-04,2026-09-04,CM,BSE,STK,535916,INE030P01017,ALSL,B,,,,,ALACRITY SECURITIES LTD,43.45,44.50,40.00,41.83,42.00,42.00,,41.83,,,23355,971046.00,165,F1,1,,,,,
2026-09-04,2026-09-04,CM,BSE,STK,535958,INE418N01035,ESSENTIA,B,,,,,Integra Essentia Limited,1.04,1.11,1.04,1.06,1.07,1.06,,1.05,,,909278,973263.00,292,F1,1,,,,,
2026-09-04,2026-09-04,CM,BSE,STK,536073,INE890N01027,JULIEN,X,,,,,JULIEN AGRO INFRATECH LIMITED,1.18,1.20,1.15,1.19,1.19,1.17,,1.19,,,74718,88062.00,103,F1,1,,,,,
2026-09-04,2026-09-04,CM,BSE,STK,536264,INE906O01029,TIGERLOGS,B,,,,,TIGER LOGISTICS (INDIA) LTD,29.19,29.80,28.50,28.77,28.75,29.70,,28.62,,,524966,15249358.00,142,F1,1,,,,,
2026-09-04,2026-09-04,CM,BSE,STK,536493,INE690O01011,JKAGRI,X,,,,,JK AGRI GENETICS LTD,276.25,295.00,276.25,287.90,286.05,293.85,,287.90,,,491,143463.00,32,F1,1,,,,,
2026-09-04,2026-09-04,CM,BSE,STK,536507,INE452O01016,FLFL,Z,,,,,FUTURE LIFESTYLE FASHIONS LTD,1.22,1.27,1.17,1.23,1.25,1.23,,1.25,,,22667,27379.00,33,F1,1,,,,,
2026-09-04,2026-09-04,CM,BSE,STK,536565,INE314I01036,NOVELIX,XT,,,,,NOVELIX PHARMACEUTICALS LIMITE,79.89,79.89,76.12,76.55,76.50,79.50,,76.55,,,1912,147958.00,21,F1,1,,,,,
2026-09-04,2026-09-04,CM,BSE,STK,536659,INE428B01021,PVVINFRA,X,,,,,PVV Infra Limited,2.88,2.95,2.72,2.75,2.75,2.88,,2.75,,,1107357,3116688.00,791,F1,1,,,,,
2026-09-04,2026-09-04,CM,BSE,STK,536672,INE962O01014,VCU,X,,,,,VCU DATA MANAGEMENT LTD,7.30,7.40,7.20,7.32,7.32,7.23,,7.32,,,1768,12933.00,27,F1,1,,,,,
2026-09-04,2026-09-04,CM,BSE,STK,536709,INE138O01029,INDRENEW,Z,,,,,IND Renewable Energy Ltd,15.00,15.00,14.55,14.56,14.56,15.00,,14.56,,,2843,41498.00,34,F1,1,,,,,
2026-09-04,2026-09-04,CM,BSE,STK,536710,INE326P01019,SRGFFL,M,,,,,SRG FINGROW FINANCE LIMITED,25.99,32.99,25.99,32.99,32.99,31.05,,32.99,,,9000,274590.00,3,F1,3000,,,,,
2026-09-04,2026-09-04,CM,BSE,STK,536773,INE147P01019,JPOLYINVST,B,,,,,JINDAL POLY INVESTMENT AND FIN,1008.20,1009.95,992.20,997.20,993.45,1007.90,,997.45,,,343,343275.00,69,F1,1,,,,,
2026-09-04,2026-09-04,CM,BSE,STK,536846,INE156M01017,YURANUS,XT,,,,,YURANUS INFRASTRUCTURE LTD,59.35,60.80,59.35,59.74,59.35,62.47,,59.74,,,342,20776.00,7,F1,1,,,,,
2026-09-04,2026-09-04,CM,BSE,STK,536960,INF247L01023,MOM100,B,,,,,MOTILAL OSWAL MUTUAL FUND - MO,67.90,68.54,67.90,68.24,68.30,68.21,,68.18,,,23122,1578965.00,254,F1,1,,,,,
2026-09-04,2026-09-04,CM,BSE,STK,536974,INE536P01021,CPL,B,,,,,CAPTAIN POLYPLAST LTD,62.50,62.60,61.50,62.60,62.60,62.10,,62.15,,,4663,288879.00,72,F1,1,,,,,
2026-09-04,2026-09-04,CM,BSE,STK,537007,INF109K012R6,NIFTYIETF,B,,,,,ICICI Prudential Nifty ETF,271.44,272.48,271.14,271.87,271.70,271.21,,271.88,,,26132,7105339.00,784,F1,1,,,,,
2026-09-04,2026-09-04,CM,BSE,STK,537008,INF109KC16V9,NIF100IETF,B,,,,,ICICI Prudential Nifty 100 ETF,28.00,28.15,27.86,27.92,28.10,27.96,,28.05,,,1569,43831.00,37,F1,1,,,,,
2026-09-04,2026-09-04,CM,BSE,STK,537069,INE185K01036,ARNOLD,X,,,,,ARNOLD HOLDINGS LTD,13.90,15.05,13.42,14.79,15.05,13.90,,14.79,,,6035,87199.00,37,F1,1,,,,,
2026-09-04,2026-09-04,CM,BSE,STK,537253,INE671C01016,SUNLOC,B,,,,,SUNIL HEALTHCARE LTD,78.00,79.99,77.51,79.99,79.99,78.19,,79.99,,,61,4735.00,4,F1,1,,,,,
2026-09-04,2026-09-04,CM,BSE,STK,537254,INE140B01048,JTLDEFENCE,XT,,,,,JTL DEFENCE LIMITED,790.00,790.00,790.00,790.00,790.00,752.40,,790.00,,,1551,1225290.00,62,F1,1,,,,,
2026-09-04,2026-09-04,CM,BSE,STK,537259,INE442P01014,SUYOG,B,,,,,SUYOG TELEMATICS LTD,741.25,744.00,722.30,729.25,725.00,744.35,,731.18,,,475,346904.00,53,F1,1,,,,,
2026-09-04,2026-09-04,CM,BSE,STK,537291,INE448G01010,NATHBIOGEN,B,,,,,NATH BIO-GENES (INDIA) LTD,151.65,153.00,151.00,152.55,152.55,153.95,,153.12,,,1262,191621.00,31,F1,1,,,,,
2026-09-04,2026-09-04,CM,BSE,STK,537292,INE449G01018,AGRITECH,B,,,,,AGRI- TECH (INDIA) LTD,102.00,102.00,99.75,101.60,101.60,102.00,,101.22,,,755,76440.00,17,F1,1,,,,,
2026-09-04,2026-09-04,CM,BSE,STK,537326,INE212P01011,CHEMTECH,X,,,,,CHEMTECH INDUSTRIAL VALVES LTD,57.99,57.99,56.92,57.33,57.00,56.73,,57.33,,,17475,1002308.00,100,F1,1,,,,,
2026-09-04,2026-09-04,CM,BSE,STK,537392,INE392H01026,KETOMOTORS,XT,,,,,Keto Motors Limited,313.00,325.85,296.75,310.85,316.90,312.05,,310.85,,,13739,4283280.00,248,F1,1,,,,,
2026-09-04,2026-09-04,CM,BSE,STK,537483,INF204K014N5,NIF100BEES,B,,,,,NIPPON INDIA ETF NIFTY 100,263.73,267.60,263.73,266.27,265.01,266.44,,266.55,,,24157,6446817.00,228,F1,1,,,,,
2026-09-04,2026-09-04,CM,BSE,STK,537536,INE051G01012,DENISCHEM,X,,,,,DENIS CHEM LAB LTD,70.36,71.80,70.21,70.70,70.70,70.84,,70.70,,,84626,6001030.00,249,F1,1,,,,,
2026-09-04,2026-09-04,CM,BSE,STK,537707,INE546I01025,LADDU,X,,,,,LADDU GOPAL ONLINE SERVICES LI,0.40,0.43,0.40,0.43,0.42,0.41,,0.43,,,529731,221689.00,186,F1,1,,,,,
2026-09-04,2026-09-04,CM,BSE,STK,537708,INF174K014P6,NIFTY1,B,,,,,KOTAK MAHINDRA MUTUAL FUND - K,266.31,266.79,265.31,265.93,265.31,265.69,,265.83,,,803,213732.00,91,F1,1,,,,,
2026-09-04,2026-09-04,CM,BSE,STK,537709,INE101H01013,HANSUGAR,XT,,,,,SHREE HANUMAN SUGAR & INDUSTRI,4.30,4.49,4.07,4.20,4.30,4.28,,4.20,,,38737,167701.00,126,F1,1,,,,,
2026-09-04,2026-09-04,CM,BSE,STK,537750,INE555P01013,KIRANVYPAR,B,,,,,KIRAN VYAPAR LTD,206.00,207.00,205.95,206.90,206.90,206.25,,205.89,,,611,125911.00,15,F1,1,,,,,
2026-09-04,2026-09-04,CM,BSE,STK,537766,INE905P01028,BCP,X,,,,,B.C. POWER CONTROLS LTD,1.74,1.76,1.72,1.74,1.75,1.74,,1.74,,,47953,83410.00,108,F1,1,,,,,
2026-09-04,2026-09-04,CM,BSE,STK,537785,INE084Q01012,RACE,B,,,,,RACE ECO CHAIN LIMITED,102.90,102.90,97.31,100.00,100.00,102.90,,99.30,,,1458,143666.00,20,F1,1,,,,,
2026-09-04,2026-09-04,CM,BSE,STK,537800,INE717C01025,MANGIND,X,,,,,MANGALAM INDUSTRIAL FINANCE LT,0.61,0.62,0.60,0.60,0.61,0.61,,0.60,,,1645592,995703.00,559,F1,1,,,,,
2026-09-04,2026-09-04,CM,BSE,STK,537820,INE159N01027,VIJIFIN,T,,,,,VIJI FINANCE LTD,16.70,16.70,16.70,16.70,16.70,16.38,,16.70,,,96521,1611900.00,70,F1,1,,,,,
2026-09-04,2026-09-04,CM,BSE,STK,537839,INE977M01024,HBGHOTELS,X,,,,,HBG HOTELS LIMITED,79.00,79.25,74.65,75.34,74.65,77.99,,75.34,,,35060,2738838.00,75,F1,1,,,,,
2026-09-04,2026-09-04,CM,BSE,STK,537985,INE463B01036,INFRONICS,X,,,,,INFRONICS SYSTEMS LTD,19.27,19.27,17.76,19.24,19.24,18.37,,19.24,,,2524,48547.00,10,F1,1,,,,,
2026-09-04,2026-09-04,CM,BSE,STK,538057,INF457M01133,CPSEETF,B,,,,,CPSE ETF,94.50,94.50,93.50,93.80,93.86,93.56,,93.72,,,33132,3108408.00,536,F1,1,,,,,
2026-09-04,2026-09-04,CM,BSE,STK,538081,INE493N01012,HARIAAPL,X,,,,,HARIA APPARELS LTD,5.00,5.19,4.91,5.19,5.19,5.00,,5.19,,,3026,15264.00,14,F1,1,,,,,
2026-09-04,2026-09-04,CM,BSE,STK,538092,INE574G01013,VASUPRADA,B,,,,,SHRI VASUPRADA PLANTATIONS LIM,106.95,106.95,106.95,106.95,106.95,106.95,,107.03,,,1,106.00,1,F1,1,,,,,
2026-09-04,2026-09-04,CM,BSE,STK,538119,INE012Q01039,RNBDENIMS,B,,,,,R&B DENIMS LTD,10.38,10.97,10.28,10.28,10.28,10.82,,10.27,,,117169,1211663.00,236,F1,1,,,,,
2026-09-04,2026-09-04,CM,BSE,STK,538212,INE909D01026,SHARPINV,X,,,,,SHARP INVESTMENTS LTD,0.47,0.47,0.44,0.45,0.45,0.46,,0.45,,,1103079,486250.00,201,F1,1,,,,,
2026-09-04,2026-09-04,CM,BSE,STK,538268,INE066O01014,WONDERLA,B,,,,,WONDERLA HOLIDAYS LTD,532.60,536.00,519.10,534.80,533.10,525.80,,533.95,,,4267,2251520.00,465,F1,1,,,,,
2026-09-04,2026-09-04,CM,BSE,STK,538273,INE401B01010,RESPONSINF,X,,,,,RESPONSE INFORMATICS LTD,22.20,22.90,20.85,22.48,22.50,21.69,,22.48,,,1857,41557.00,24,F1,1,,,,,
2026-09-04,2026-09-04,CM,BSE,STK,538319,INE191P01017,GCMCAPI,MT,,,,,GCM CAPITAL ADVISORS LTD,3.98,3.98,3.98,3.98,3.98,3.86,,3.98,,,1000,3980.00,1,F1,1000,,,,,
2026-09-04,2026-09-04,CM,BSE,STK,538351,INE663P01015,AFEL,Z,,,,,A.F. ENTERPRISES LTD,1.84,1.84,1.75,1.76,1.76,1.83,,1.76,,,22985,41404.00,21,F1,1,,,,,
2026-09-04,2026-09-04,CM,BSE,STK,538365,INE452L01012,INCREDIBLE,B,,,,,INCREDIBLE INDUSTRIES LIMITED,33.00,33.00,32.00,32.41,32.41,32.65,,32.54,,,701,22927.00,8,F1,1,,,,,
2026-09-04,2026-09-04,CM,BSE,STK,538382,INE266P01017,WESTLEIRES,X,,,,,WEST LEISURE RESORTS LTD,72.00,72.00,72.00,72.00,72.00,72.45,,72.00,,,20,1440.00,1,F1,1,,,,,
2026-09-04,2026-09-04,CM,BSE,STK,538395,INE792G01011,NAM,XT,,,,,NAM SECURITIES LTD,83.73,83.73,83.72,83.72,83.72,79.75,,83.72,,,82,6865.00,2,F1,1,,,,,
2026-09-04,2026-09-04,CM,BSE,STK,538401,INE318N01011,METSL,X,,,,,MAESTROS ELECTRONICS & TELECOM,153.60,161.55,152.10,157.45,157.50,153.60,,157.45,,,9115,1431112.00,118,F1,1,,,,,
2026-09-04,2026-09-04,CM,BSE,STK,538422,INE508N01025,JACKSON,X,,,,,JACKSON INVESTMENTS LTD,0.38,0.40,0.38,0.39,0.40,0.38,,0.39,,,140404,54603.00,125,F1,1,,,,,
2026-09-04,2026-09-04,CM,BSE,STK,538446,INE296Q01012,MONEYBOXX,B,,,,,MONEYBOXX FINANCE LIMITED,57.25,68.00,57.25,59.03,58.80,57.24,,58.81,,,7759,489808.00,205,F1,1,,,,,
2026-09-04,2026-09-04,CM,BSE,STK,538451,INE114O01020,WORTH,X,,,,,WORTH INVESTMENT & TRADING CO,3.59,3.66,3.40,3.65,3.66,3.49,,3.65,,,7815183,28169702.00,692,F1,1,,,,,
2026-09-04,2026-09-04,CM,BSE,STK,538464,INE901C01017,TPROJECT,X,,,,,THIRANI PROJECTS LTD,3.80,3.81,3.80,3.80,3.80,3.85,,3.80,,,122,463.00,5,F1,1,,,,,
2026-09-04,2026-09-04,CM,BSE,STK,538476,INE172D01021,CTL,XT,,,,,CAPITAL TRADE LINKS LTD,27.67,28.95,27.00,28.61,28.95,27.67,,28.61,,,47529,1353001.00,387,F1,1,,,,,
2026-09-04,2026-09-04,CM,BSE,STK,538496,INE849M01017,TARINI,M,,,,,TARINI INTERNATIONAL LTD,7.55,8.35,7.55,8.25,8.25,7.52,,8.25,,,15000,120270.00,5,F1,3000,,,,,
2026-09-04,2026-09-04,CM,BSE,STK,538520,INE857P01021,SBL,XT,,,,,SHIVAMSHREE BUSINESSES LIMITED,1.81,1.99,1.81,1.81,1.81,1.90,,1.81,,,31086,56357.00,16,F1,1,,,,,
2026-09-04,2026-09-04,CM,BSE,STK,538521,INE969E01010,YAANENT,X,,,,,YAAN ENTERPRISES LIMITED,129.60,129.60,120.00,122.30,121.00,129.00,,122.30,,,493,60553.00,19,F1,1,,,,,
2026-09-04,2026-09-04,CM,BSE,STK,538539,INE075K01013,ANVRDHI,X,,,,,ANNVRRIDHHI VENTURES LIMITED,8.85,9.20,8.00,8.49,8.49,8.99,,8.49,,,46716,393929.00,141,F1,1,,,,,
2026-09-04,2026-09-04,CM,BSE,STK,538540,INE516P01015,RAAMA,XT,,,,,RAAMA FINANCE LIMITED,16.99,17.14,16.97,17.14,17.14,16.33,,17.14,,,67152,1144639.00,92,F1,1,,,,,
2026-09-04,2026-09-04,CM,BSE,STK,538542,INE634J01027,GOLDCOINHF,X,,,,,GOLD COIN HEALTH FOODS LTD,29.00,31.00,29.00,30.89,31.00,29.09,,30.89,,,2124,64707.00,22,F1,1,,,,,
2026-09-04,2026-09-04,CM,BSE,STK,538546,INE319Q01012,BRPL,B,,,,,BANSAL ROOFING PRODUCTS LTD,154.60,160.95,154.60,157.05,155.60,158.80,,157.05,,,19324,3042974.00,501,F1,1,,,,,
2026-09-04,2026-09-04,CM,BSE,STK,538556,INE510P01018,ARMAN,X,,,,,ARMAN HOLDINGS LTD,119.95,119.95,116.40,119.55,119.70,116.85,,119.55,,,108,12654.00,19,F1,1,,,,,
2026-09-04,2026-09-04,CM,BSE,STK,538562,INE439E01022,SKIPPER,B,,,,,SKIPPER LTD,542.85,609.25,534.05,591.50,591.50,546.75,,591.12,,,589733,349260463.00,9143,F1,1,,,,,
2026-09-04,2026-09-04,CM,BSE,STK,538563,INE673E01018,SMTEL,X,,,,,SMT ENGINEERING LIMITED,349.60,360.00,348.65,358.90,358.90,367.00,,358.90,,,3579,1259945.00,72,F1,1,,,,,
2026-09-04,2026-09-04,CM,BSE,STK,538564,INE718P01017,JAMESWARREN,X,,,,,JAMES WARREN TEA LTD,259.50,259.50,252.35,253.70,253.00,254.05,,253.70,,,1550,393386.00,33,F1,1,,,,,
2026-09-04,2026-09-04,CM,BSE,STK,538565,INE878P01019,VISTARAMAR,X,,,,,Vistar Amar Limited,215.60,218.00,204.35,208.15,214.20,215.60,,208.15,,,2833,595596.00,49,F1,1,,,,,
2026-09-04,2026-09-04,CM,BSE,STK,538567,INE635Q01029,GULFOILLUB,B,,,,,GULF OIL LUBRICANTS INDIA LTD,1085.00,1090.00,1054.60,1066.85,1078.85,1113.90,,1067.79,,,9399,10026761.00,665,F1,1,,,,,
2026-09-04,2026-09-04,CM,BSE,STK,538569,INE916P01025,TRIVENIENT,X,,,,,TRIVENI ENTERPRISES LTD,1.00,1.00,0.93,1.00,1.00,1.00,,1.00,,,5749,5682.00,27,F1,1,,,,,
2026-09-04,2026-09-04,CM,BSE,STK,538579,INE641Q01019,ZINEMA,MT,,,,,ZINEMA MEDIA AND ENTERTAINMENT,17.85,17.85,16.15,16.15,16.15,17.00,,16.15,,,28000,465800.00,5,F1,4000,,,,,
2026-09-04,2026-09-04,CM,BSE,STK,538596,INE222B01028,CEMAINFRA,X,,,,,CEMANTIC INFRA-TECH LIMITED,5.15,5.15,4.78,4.78,5.08,5.03,,4.78,,,619,3080.00,19,F1,1,,,,,
2026-09-04,2026-09-04,CM,BSE,STK,538597,INE404F01031,TTIENT,X,,,,,TTI ENTERPRISE LTD,7.23,7.30,7.20,7.20,7.20,7.09,,7.20,,,4407,31851.00,18,F1,1,,,,,
2026-09-04,2026-09-04,CM,BSE,STK,538598,INE755Q01025,VISHAL,B,,,,,VISHAL FABRICS LTD,18.79,19.40,18.45,18.65,18.80,18.52,,18.67,,,17913,335218.00,143,F1,1,,,,,
2026-09-04,2026-09-04,CM,BSE,STK,538607,INE457P01020,TOYAMSL,B,,,,,TOYAM SPORTS LIMITED,0.61,0.63,0.61,0.62,0.61,0.61,,0.62,,,169094,104174.00,103,F1,1,,,,,
2026-09-04,2026-09-04,CM,BSE,STK,538609,INE868G01019,GAJANANSEC,X,,,,,GAJANAN SECURITIES SERVICES LT,55.55,55.55,52.00,54.58,54.60,54.65,,54.58,,,943,51549.00,29,F1,1,,,,,
2026-09-04,2026-09-04,CM,BSE,STK,538610,INE099D01026,UNISON,XT,,,,,UNISON METALS LTD,0.79,0.85,0.79,0.85,0.85,0.81,,0.85,,,617955,519295.00,299,F1,1,,,,,
2026-09-04,2026-09-04,CM,BSE,STK,538634,INE406F01010,VRL,XT,,,,,VASUNDHARA RASAYANS LTD,152.05,156.30,150.25,150.55,150.25,158.00,,150.55,,,1021,155617.00,37,F1,1,,,,,
2026-09-04,2026-09-04,CM,BSE,STK,538635,INE734N01019,SNOWMAN,B,,,,,SNOWMAN LOGISTICS LTD,36.43,37.04,36.11,36.98,37.00,36.20,,36.88,,,9287,341859.00,80,F1,1,,,,,
2026-09-04,2026-09-04,CM,BSE,STK,538646,INE837C01013,QGO,X,,,,,QGO FINANCE LIMITED,40.26,42.00,40.26,41.62,41.62,42.44,,41.62,,,7804,314446.00,18,F1,1,,,,,
2026-09-04,2026-09-04,CM,BSE,STK,538647,INE729C01020,PURSHOTTAM,X,,,,,PURSHOTTAM INVESTOFIN LTD,34.55,35.35,32.50,32.64,32.50,34.60,,32.64,,,1012,33051.00,7,F1,1,,,,,
2026-09-04,2026-09-04,CM,BSE,STK,538666,INE221J01015,SHARDACROP,A,,,,,Sharda Cropchem Limited,774.95,780.00,766.00,769.05,775.00,772.70,,768.37,,,5416,4190336.00,428,F1,1,,,,,
2026-09-04,2026-09-04,CM,BSE,STK,538668,INE898Q01015,MIIL,B,,,,,Meghna Infracon Infrastructure,722.00,722.50,710.00,718.40,722.50,720.05,,717.13,,,26796,19191943.00,320,F1,1,,,,,
2026-09-04,2026-09-04,CM,BSE,STK,538674,INE158C01014,CITYONLINE,Z,,,,,City Online Services Limited,7.15,7.15,7.10,7.15,7.15,7.30,,7.15,,,46,328.00,7,F1,1,,,,,
2026-09-04,2026-09-04,CM,BSE,STK,538683,INF204KA1UN7,SENSEXBEES,B,,,,,NIPPON INDIA ETF SENSEX,883.50,884.77,880.35,882.89,883.60,883.15,,882.89,,,4419,3897838.00,188,F1,1,,,,,
2026-09-04,2026-09-04,CM,BSE,STK,538706,INE010R01023,ULTRACAB,X,,,,,Ultracab (India) Limited,7.05,8.20,6.90,8.20,8.20,6.84,,8.20,,,2078312,16456445.00,1885,F1,1,,,,,
2026-09-04,2026-09-04,CM,BSE,STK,538707,INE929D01016,RCCL,X,,,,,Rajasthan Cylinders & Containe,31.40,31.40,29.50,29.99,29.99,29.99,,29.99,,,287,8603.00,10,F1,1,,,,,
2026-09-04,2026-09-04,CM,BSE,STK,538708,INE937K01014,ETIL,X,,,,,Econo Trade (India) Limited,6.76,6.76,6.17,6.45,6.45,6.46,,6.45,,,2014,12586.00,19,F1,1,,,,,
2026-09-04,2026-09-04,CM,BSE,STK,538713,INE011R01013,ATISHAY,X,,,,,Atishay Limited,149.00,154.00,142.25,147.10,147.50,147.30,,147.10,,,4144,607616.00,79,F1,1,,,,,
2026-09-04,2026-09-04,CM,BSE,STK,538714,INE475D01010,SANGAMFIN,X,,,,,Sangam Finserv Limited,38.00,39.00,36.50,38.06,39.00,39.97,,38.06,,,1394,52777.00,12,F1,1,,,,,
2026-09-04,2026-09-04,CM,BSE,STK,538715,INE260R01016,DHABRIYA,T,,,,,Dhabriya Polywood Limited,517.00,526.00,504.50,510.25,510.50,519.80,,503.80,,,2601,1329150.00,122,F1,1,,,,,
2026-09-04,2026-09-04,CM,BSE,STK,538716,INE229R01011,ARYACAPM,B,,,,,Aryaman Capital Markets Limite,420.00,429.00,405.00,429.00,429.00,420.00,,429.00,,,306,126836.00,12,F1,1,,,,,
2026-09-04,2026-09-04,CM,BSE,STK,538730,INE111Q01021,PDSL,B,,,,,PDS LIMITED,354.50,362.10,348.25,360.10,362.10,354.30,,358.52,,,3913,1394696.00,234,F1,1,,,,,
2026-09-04,2026-09-04,CM,BSE,STK,538731,INE982Q01017,HANMAN,M,,,,,HANMAN FIT LIMITED,3.79,3.79,3.55,3.55,3.55,3.77,,3.55,,,8400,30828.00,2,F1,4200,,,,,
2026-09-04,2026-09-04,CM,BSE,STK,538732,INE761Q01015,VGCL,B,,,,,Vibrant Global Capital Limited,55.39,55.39,52.10,52.68,52.99,52.98,,52.65,,,10271,546815.00,251,F1,1,,,,,
2026-09-04,2026-09-04,CM,BSE,STK,538734,INE016Q01014,CEINSYS,B,,,,,CEINSYS TECH LIMITED,677.00,703.00,672.15,678.00,684.00,678.65,,677.87,,,18647,12788979.00,897,F1,1,,,,,
2026-09-04,2026-09-04,CM,BSE,STK,538742,INE516E01019,PANABYTE,X,,,,,PANABYTE TECHNOLOGIES LIMITED,18.19,18.19,16.54,17.16,17.09,17.40,,17.16,,,15084,262003.00,72,F1,1,,,,,
2026-09-04,2026-09-04,CM,BSE,STK,538770,INE176L01017,CRANEINFRA,X,,,,,Crane Infrastructure Limited,11.68,11.68,11.49,11.49,11.49,11.69,,11.49,,,64,738.00,5,F1,1,,,,,
2026-09-04,2026-09-04,CM,BSE,STK,538772,INE480D01010,NIYOGIN,X,,,,,Niyogin Fintech Limited,50.90,60.70,49.32,57.52,57.83,50.59,,57.52,,,516752,30408890.00,1190,F1,1,,,,,
2026-09-04,2026-09-04,CM,BSE,STK,538777,INE131Q01011,ASIACAP,XT,,,,,ASIA CAPITAL LIMITED,114.50,114.50,113.95,113.95,113.95,112.30,,113.95,,,6,684.00,3,F1,1,,,,,
2026-09-04,2026-09-04,CM,BSE,STK,538778,INE149Q01021,KALYANCAP,X,,,,,Kalyan Capitals Limited,6.69,6.93,6.52,6.75,6.75,6.62,,6.75,,,7324,49548.00,72,F1,1,,,,,
2026-09-04,2026-09-04,CM,BSE,STK,538786,INE473L01018,CITIZEN,X,,,,,Citizen Solar Limited,222.20,222.20,204.00,210.00,210.00,212.85,,210.00,,,2170,463579.00,47,F1,1,,,,,
2026-09-04,2026-09-04,CM,BSE,STK,538787,INE997C01015,GBFL,X,,,,,Goenka Business & Finance Limi,10.15,10.15,8.76,9.73,9.73,9.93,,9.73,,,25545,240592.00,123,F1,1,,,,,
2026-09-04,2026-09-04,CM,BSE,STK,538788,INE918C01029,GILADAFINS,X,,,,,Gilada Finance & Investments L,12.20,14.70,12.15,12.67,12.68,12.25,,12.67,,,8543,109771.00,49,F1,1,,,,,
2026-09-04,2026-09-04,CM,BSE,STK,538795,INE185C01017,SAPPL,B,,,,,Shree Ajit Pulp And Paper Ltd.,292.00,292.00,286.00,292.00,292.00,288.90,,281.85,,,3,870.00,3,F1,1,,,,,
2026-09-04,2026-09-04,CM,BSE,STK,538812,INE322R01022,AANCHALISP,XT,,,,,Aanchal Ispat Limited,64.00,67.19,64.00,66.51,66.51,64.88,,66.51,,,1689,111681.00,28,F1,1,,,,,
2026-09-04,2026-09-04,CM,BSE,STK,538817,INE513R01026,CAPPIPES,B,,,,,Captain Pipes Limited,8.63,8.68,8.30,8.50,8.50,8.46,,8.50,,,38232,325089.00,300,F1,1,,,,,
2026-09-04,2026-09-04,CM,BSE,STK,538833,INE891N01017,KAIZENAGRO,XT,,,,,KAIZEN AGRO INFRABUILD LIMITED,10.00,10.52,9.70,10.50,10.50,10.02,,10.50,,,4748401,47559165.00,31,F1,1,,,,,
2026-09-04,2026-09-04,CM,BSE,STK,538834,INE242Q01016,JMJFIN,X,,,,,JMJ Fintech Limited,9.70,9.70,9.14,9.28,9.42,9.52,,9.28,,,21718,202716.00,148,F1,1,,,,,
2026-09-04,2026-09-04,CM,BSE,STK,538835,INE306R01017,INTELLECT,A,,,,,INTELLECT DESIGN ARENA LIMITED,685.90,703.40,682.80,688.60,688.60,678.85,,686.72,,,46993,32626047.00,2260,F1,1,,,,,
2026-09-04,2026-09-04,CM,BSE,STK,538836,INE950M01013,MONTECARLO,B,,,,,Monte Carlo Fashions Limited,568.00,579.40,563.00,576.50,574.90,564.60,,574.92,,,7171,4102263.00,251,F1,1,,,,,
2026-09-04,2026-09-04,CM,BSE,STK,538837,INE237B01018,JSTL,X,,,,,Jeevan Scientific Technology L,78.50,78.50,74.00,74.30,74.11,75.04,,74.30,,,30302,2274105.00,80,F1,1,,,,,
2026-09-04,2026-09-04,CM,BSE,STK,538838,INE407P01017,ICL,X,,,,,Indo Cotspin Limited,33.00,34.44,33.00,33.00,33.00,32.81,,33.00,,,1455,48163.00,12,F1,1,,,,,
2026-09-04,2026-09-04,CM,BSE,STK,538857,INE892C01018,SCC,X,,,,,Scintilla Commercial & Credit,11.45,11.45,10.35,10.35,10.35,10.48,,10.35,,,12,135.00,3,F1,1,,,,,
2026-09-04,2026-09-04,CM,BSE,STK,538860,INE655P01029,PANAFIC,XT,,,,,PANAFIC INDUSTRIALS LTD,2.56,2.56,2.56,2.56,2.56,2.44,,2.56,,,212889,544995.00,116,F1,1,,,,,
2026-09-04,2026-09-04,CM,BSE,STK,538862,INE232L01018,MYMONEY,X,,,,,My Money Securities Ltd.,34.99,38.40,32.00,37.84,37.84,35.00,,37.84,,,2860,102526.00,26,F1,1,,,,,
2026-09-04,2026-09-04,CM,BSE,STK,538868,INE183Q01020,CSL,XT,,,,,Continental Securities Limited,21.93,22.00,20.62,21.21,21.22,21.65,,21.21,,,54520,1164546.00,186,F1,1,,,,,
2026-09-04,2026-09-04,CM,BSE,STK,538874,INE370Q01015,NEXUSSURGL,X,,,,,NEXUS SURGICAL AND MEDICARE LI,28.60,28.60,24.31,25.50,25.50,28.03,,25.50,,,29916,777401.00,233,F1,1,,,,,
2026-09-04,2026-09-04,CM,BSE,STK,538881,INE243E01010,GALADAFIN,X,,,,,Galada Finance Limited,33.60,33.60,30.40,30.50,30.50,32.00,,30.50,,,428,13061.00,11,F1,1,,,,,
2026-09-04,2026-09-04,CM,BSE,STK,538882,INE030Q01015,EMERALD,X,,,,,Emerald Finance Limited,55.00,56.99,53.38,54.49,54.45,54.20,,54.49,,,25904,1428629.00,224,F1,1,,,,,
2026-09-04,2026-09-04,CM,BSE,STK,538890,INE227F01010,MKEXIM,B,,,,,M. K. Exim (India) Ltd.,62.50,63.93,60.20,62.79,63.85,61.00,,62.64,,,28006,1746202.00,189,F1,1,,,,,
2026-09-04,2026-09-04,CM,BSE,STK,538891,INE613C01026,MCLOUD,B,,,,,MAGELLANIC CLOUD LIMITED,26.45,26.71,26.18,26.31,26.32,26.47,,26.29,,,87014,2294973.00,388,F1,1,,,,,
2026-09-04,2026-09-04,CM,BSE,STK,538894,INE513C01010,OCTAL,X,,,,,Octal Credit Capital Ltd.,18.85,18.85,18.84,18.85,18.85,18.86,,18.85,,,52,980.00,4,F1,1,,,,,
2026-09-04,2026-09-04,CM,BSE,STK,538895,INE779Q01017,MIHIKA,X,,,,,Mihika Industries Ltd.,11.98,11.98,10.23,10.78,11.58,10.82,,10.78,,,1507,16566.00,13,F1,1,,,,,
2026-09-04,2026-09-04,CM,BSE,STK,538896,INE081G01019,KANCHI,B,,,,,Kanchi Karpooram Ltd.,408.95,410.00,403.00,409.60,410.00,400.60,,409.62,,,919,374549.00,54,F1,1,,,,,
2026-09-04,2026-09-04,CM,BSE,STK,538897,INE201F01015,SHRINIWAS,XT,,,,,Shri Niwas Leasing and Finance,18.49,18.94,17.14,17.14,17.14,18.04,,17.14,,,4539,77952.00,28,F1,1,,,,,
2026-09-04,2026-09-04,CM,BSE,STK,538902,INE341R01014,DTIL,T,,,,,Dhunseri Tea & Industries Ltd,150.00,154.95,150.00,150.10,150.10,148.00,,150.61,,,520,79334.00,9,F1,1,,,,,
2026-09-04,2026-09-04,CM,BSE,STK,538918,INE661Q01017,VANICOM,X,,,,,Vani Commercials Limited,7.88,8.55,7.40,8.48,8.54,7.51,,8.48,,,876587,7127008.00,127,F1,1,,,,,
2026-09-04,2026-09-04,CM,BSE,STK,538920,INE498Q01014,VINCOFE,B,,,,,VINTAGE COFFEE AND BEVERAGES L,177.60,177.75,168.15,170.75,171.55,175.85,,170.65,,,127148,22173019.00,1270,F1,1,,,,,
2026-09-04,2026-09-04,CM,BSE,STK,538922,INE029B01019,COSYN,X,,,,,COSYN Limited,22.50,23.83,22.50,23.50,23.50,22.72,,23.50,,,2858,64714.00,14,F1,1,,,,,
2026-09-04,2026-09-04,CM,BSE,STK,538923,INE499Q01012,SOFCOM,XT,,,,,SOFCOM SYSTEMS LIMITED,18.39,18.77,16.99,18.45,18.45,17.88,,18.45,,,83868,1500166.00,84,F1,1,,,,,
2026-09-04,2026-09-04,CM,BSE,STK,538926,INE223R01014,NAPL,X,,,,,Naturite Agro Products Limited,204.90,204.90,193.00,197.65,199.90,197.10,,197.65,,,6640,1310242.00,113,F1,1,,,,,
2026-09-04,2026-09-04,CM,BSE,STK,538928,INE554R01020,KARNAVATI,X,,,,,Karnavati Finance Limited,1.40,1.44,1.32,1.35,1.35,1.40,,1.35,,,24410,33584.00,47,F1,1,,,,,
2026-09-04,2026-09-04,CM,BSE,STK,538935,INE723C01015,ABHIFIN,X,,,,,Abhishek Finlease limited,69.80,69.80,63.18,63.87,66.89,66.50,,63.87,,,487,31641.00,11,F1,1,,,,,
2026-09-04,2026-09-04,CM,BSE,STK,538942,INE689O01013,MERCANTILE,B,,,,,Mercantile Ventures Limited,26.60,26.60,24.69,26.02,26.00,25.58,,25.66,,,461503,11870514.00,460,F1,1,,,,,
2026-09-04,2026-09-04,CM,BSE,STK,538952,INE211D01027,ALFL,X,,,,,Abhinav Leasing & Finance Limi,1.10,1.10,1.05,1.09,1.09,1.10,,1.09,,,6424,7026.00,12,F1,1,,,,,
2026-09-04,2026-09-04,CM,BSE,STK,538961,INE949P01018,GENUSPAPER,B,,,,,GENUS PAPER & BOARDS LIMITED,12.50,12.80,12.12,12.71,12.72,12.40,,12.76,,,12503,158107.00,70,F1,1,,,,,
2026-09-04,2026-09-04,CM,BSE,STK,538962,INE842C01021,MINDACORP,A,,,,,Minda Corporation Limited,714.35,714.35,696.00,700.45,700.20,705.70,,702.26,,,40043,28056765.00,825,F1,1,,,,,
2026-09-04,2026-09-04,CM,BSE,STK,538965,INE858L01010,CONCORD,X,,,,,Concord Drugs Limited,81.80,81.99,78.59,80.82,80.99,80.31,,80.82,,,1912,153640.00,36,F1,1,,,,,
2026-09-04,2026-09-04,CM,BSE,STK,538970,INE945P01024,WARDINMOBI,B,,,,,WARDWIZARD INNOVATIONS AND MOB,5.65,5.88,5.65,5.87,5.88,5.71,,5.86,,,172101,996156.00,407,F1,1,,,,,
2026-09-04,2026-09-04,CM,BSE,STK,538975,INE397C01026,SHREESEC,Z,,,,,Shree Securities Ltd.,0.19,0.20,0.19,0.20,0.19,0.19,,0.20,,,912795,180027.00,134,F1,1,,,,,
2026-09-04,2026-09-04,CM,BSE,STK,538979,INE544R01021,GREENLAM,B,,,,,Greenlam Industries Ltd,244.15,244.55,241.50,242.15,242.80,243.35,,242.58,,,882,213912.00,70,F1,1,,,,,
2026-09-04,2026-09-04,CM,BSE,STK,538987,INE717E01013,TALBROSENG,X,,,,,TALBROS ENGINEERING LIMITED,668.80,668.80,630.00,632.55,632.55,639.90,,632.55,,,1576,1011725.00,83,F1,1,,,,,
2026-09-04,2026-09-04,CM,BSE,STK,538992,INE002E01010,SAPL,XT,,,,,Sar  Auto Products Limited,4122.00,4328.10,3915.90,4266.90,4252.05,4122.00,,4266.90,,,25,103862.00,11,F1,1,,,,,
2026-09-04,2026-09-04,CM,BSE,STK,539006,INE596F01018,PTCIL,A,,,,,PTC Industries Ltd.,23800.00,24143.00,23406.05,23829.30,23650.00,23846.35,,23829.96,,,5955,141698755.00,2039,F1,1,,,,,
2026-09-04,2026-09-04,CM,BSE,STK,539011,INE777O01016,CHENFERRO,X,,,,,CHENNAI FERROUS INDUSTRIES LIM,74.50,74.50,71.25,71.46,73.98,74.60,,71.46,,,244,17855.00,30,F1,1,,,,,
2026-09-04,2026-09-04,CM,BSE,STK,539012,INE756R01013,MEGRISOFT,X,,,,,Megri Soft Limited,77.87,78.00,77.80,78.00,78.00,77.87,,78.00,,,18,1402.00,5,F1,1,,,,,
2026-09-04,2026-09-04,CM,BSE,STK,539013,INE776O01018,GITARENEW,X,,,,,GITA RENEWABLE ENERGY LIMITED,66.75,72.00,66.72,71.89,72.00,66.71,,71.89,,,2104,150848.00,34,F1,1,,,,,
2026-09-04,2026-09-04,CM,BSE,STK,539014,INE059Q01014,KALPACOMME,X,,,,,Kalpa Commercial Limited,9.24,9.24,7.93,7.93,7.93,8.00,,7.93,,,5145,41336.00,20,F1,1,,,,,
2026-09-04,2026-09-04,CM,BSE,STK,539016,INE396C01010,NEIL,X,,,,,Neil Industries Ltd.,6.99,6.99,6.70,6.85,6.85,6.70,,6.85,,,114,782.00,6,F1,1,,,,,
2026-09-04,2026-09-04,CM,BSE,STK,539017,INE526R01028,STARHFL,X,,,,,STAR HOUSING FINANCE LIMITED,4.91,5.15,4.91,5.15,5.14,4.91,,5.15,,,192461,961324.00,102,F1,1,,,,,
2026-09-04,2026-09-04,CM,BSE,STK,539018,INE213D01015,BEEKAY,B,,,,,Beekay Steel Industries Ltd.,425.00,425.00,406.70,420.55,420.00,420.60,,418.97,,,252,104610.00,48,F1,1,,,,,
2026-09-04,2026-09-04,CM,BSE,STK,539026,INE820R01017,SSPNFIN,M,,,,,SSPN Finance Limited,6.88,6.92,6.80,6.80,6.80,6.68,,6.80,,,32000,220120.00,8,F1,4000,,,,,
2026-09-04,2026-09-04,CM,BSE,STK,539031,INF200KA1572,SETFBSE100,B,,,,,SBI Mutual Fund,285.22,286.26,284.47,286.26,286.26,285.19,,286.26,,,95,27113.00,12,F1,1,,,,,
2026-09-04,2026-09-04,CM,BSE,STK,539032,INE184Q01010,FRASER,X,,,,,Fraser And Company Limited,8.79,8.79,8.12,8.73,8.75,8.40,,8.73,,,4244,36577.00,30,F1,1,,,,,
2026-09-04,2026-09-04,CM,BSE,STK,539040,INE812Q01016,TIRUPATIIN,X,,,,,TIRUPATI INNOVAR LIMITED,6.10,6.24,6.05,6.17,6.16,6.13,,6.17,,,45979,282861.00,184,F1,1,,,,,
2026-09-04,2026-09-04,CM,BSE,STK,539041,INE369Q01017,GANVERSE,MT,,,,,GANESHA ECOVERSE LIMITED,25.50,25.50,25.01,25.01,25.01,26.00,,25.01,,,3750,94400.00,3,F1,1250,,,,,
2026-09-04,2026-09-04,CM,BSE,STK,539042,INE976R01033,AGIIL,B,,,,,AGI Infra Limited,278.80,284.80,278.20,283.15,284.80,278.75,,283.69,,,4838,1354852.00,112,F1,1,,,,,
2026-09-04,2026-09-04,CM,BSE,STK,539044,INE824Q01011,MANAKSTEEL,B,,,,,Manaksia Steels Limited,106.51,113.65,106.22,107.40,107.54,111.80,,107.31,,,18917,2059747.00,359,F1,1,,,,,
2026-09-04,2026-09-04,CM,BSE,STK,539045,INE859Q01017,MANAKALUCO,B,,,,,Manaksia Aluminium Company Ltd,38.88,38.88,37.57,37.64,38.38,37.35,,37.92,,,15789,598029.00,59,F1,1,,,,,
2026-09-04,2026-09-04,CM,BSE,STK,539046,INE830Q01018,MANAKCOAT,B,,,,,Manaksia Coated Metals & Indus,120.25,122.60,119.50,121.60,122.25,120.05,,121.80,,,13984,1702435.00,142,F1,1,,,,,
2026-09-04,2026-09-04,CM,BSE,STK,539056,INE172N01012,IMAGICAA,B,,,,,IMAGICAAWORLD ENTERTAINMENT LI,55.09,57.50,54.22,55.27,55.09,54.59,,55.38,,,139145,7827859.00,894,F1,1,,,,,
2026-09-04,2026-09-04,CM,BSE,STK,539083,INE066P01011,INOXWIND,A,,,,,Inox Wind Limited,74.43,76.45,73.60,74.69,74.69,73.95,,74.42,,,1603440,119680883.00,8301,F1,1,,,,,
2026-09-04,2026-09-04,CM,BSE,STK,539090,INE751R01014,RAJPUTANA,X,,,,,Rajputana Investment and Finan,30.30,30.30,30.00,30.00,30.00,30.00,,30.00,,,399,11971.00,6,F1,1,,,,,
2026-09-04,2026-09-04,CM,BSE,STK,539091,INE187R01029,CCDL,XT,,,,,Consecutive Commodities Limite,1.19,1.19,1.15,1.15,1.15,1.16,,1.15,,,140109,162686.00,121,F1,1,,,,,
2026-09-04,2026-09-04,CM,BSE,STK,539097,INE904R01027,URSUGAR,T,,,,,UR SUGAR INDUSTRIES LIMITED,3.58,3.58,3.28,3.28,3.29,3.45,,3.28,,,107617,354814.00,180,F1,1,,,,,
2026-09-04,2026-09-04,CM,BSE,STK,539098,INE541R01019,FILTRA,M,,,,,Filtra Consultants and Enginee,55.00,66.48,55.00,66.48,66.48,64.97,,66.48,,,6000,375860.00,3,F1,2000,,,,,
2026-09-04,2026-09-04,CM,BSE,STK,539110,INE736P01019,NORTHLINK,Z,,,,,Northlink Fiscal And Capital S,40.50,40.50,40.50,40.50,40.50,38.58,,40.50,,,15,607.00,1,F1,1,,,,,
2026-09-04,2026-09-04,CM,BSE,STK,539111,INE193R01019,SHESHAINDS,X,,,,,SHESHADRI INDUSTRIES LIMITED,18.69,19.50,18.69,19.45,19.45,18.69,,19.45,,,945,18233.00,9,F1,1,,,,,
2026-09-04,2026-09-04,CM,BSE,STK,539112,INE137M01017,SAB,B,,,,,SAB INDUSTRIES LIMITED,204.75,204.75,185.25,185.50,185.50,195.00,,184.50,,,699,130033.00,8,F1,1,,,,,
2026-09-04,2026-09-04,CM,BSE,STK,539113,INE291E01019,PML,B,,,,,Paul Merchants Ltd.,503.50,503.50,503.50,503.50,503.50,478.00,,488.80,,,1,503.00,1,F1,1,,,,,
2026-09-04,2026-09-04,CM,BSE,STK,539115,INE273F01022,ALANSCOTT,XT,,,,,ALAN SCOTT ENTERPRISES LIMITED,274.80,288.90,274.80,274.80,274.80,289.25,,274.80,,,4283,1177863.00,62,F1,1,,,,,
2026-09-04,2026-09-04,CM,BSE,STK,539117,INE029H01016,SUJALA,X,,,,,Sujala Trading & Holding Ltd.,13.70,13.70,12.82,13.28,13.28,13.38,,13.28,,,38428,514097.00,188,F1,1,,,,,
2026-09-04,2026-09-04,CM,BSE,STK,539118,INE366I01010,VRLLOG,B,,,,,VRL Logistics Limited,296.55,299.45,295.00,297.40,297.45,297.55,,297.69,,,6910,2054712.00,374,F1,1,,,,,
2026-09-04,2026-09-04,CM,BSE,STK,539120,INE578R01011,GRAMEVA,XT,,,,,GRAMEVA LIMITED,90.99,91.00,86.60,89.95,90.00,91.00,,89.95,,,1803,162843.00,12,F1,1,,,,,
2026-09-04,2026-09-04,CM,BSE,STK,539121,INE239L01013,PALCO,X,,,,,Palco Metals Limited,165.00,169.85,160.00,163.70,163.70,157.15,,163.70,,,357,58898.00,28,F1,1,,,,,
2026-09-04,2026-09-04,CM,BSE,STK,539122,INE104F01029,BODHTREE,X,,,,,Bodhtree Consulting Limited,14.90,14.90,13.12,14.25,14.29,13.64,,14.25,,,8755,124497.00,65,F1,1,,,,,
2026-09-04,2026-09-04,CM,BSE,STK,539123,INE334E01017,VBIND,X,,,,,V B INDUSTRIES LIMITED,8.74,8.74,8.19,8.22,8.50,8.39,,8.22,,,16002,136039.00,19,F1,1,,,,,
2026-09-04,2026-09-04,CM,BSE,STK,539124,INE822Q01015,SARVOTTAM,X,,,,,Survottam Finvest Ltd.,18.49,18.49,16.90,17.97,17.97,16.99,,17.97,,,44,752.00,6,F1,1,,,,,
2026-09-04,2026-09-04,CM,BSE,STK,539126,INE776I01010,MEP,Z,,,,,MEP Infrastructure Developers,0.72,0.72,0.72,0.72,0.72,0.73,,0.71,,,3395,2444.00,9,F1,1,,,,,
2026-09-04,2026-09-04,CM,BSE,STK,539132,INE761D01021,WARDWIZFBL,X,,,,,Wardwizard Foods and Beverages,9.90,9.90,9.44,9.54,9.44,9.87,,9.54,,,126419,1215422.00,173,F1,1,,,,,
2026-09-04,2026-09-04,CM,BSE,STK,539141,INE527H01019,UFO,B,,,,,UFO Moviez India Limited,65.98,66.32,64.07,65.08,64.30,65.32,,65.09,,,1412,92111.00,91,F1,1,,,,,
2026-09-04,2026-09-04,CM,BSE,STK,539143,INE945O01019,PANTH,X,,,,,PANTH INFINITY LIMITED,9.80,10.13,9.68,9.84,9.82,9.84,,9.84,,,27421,270340.00,89,F1,1,,,,,
2026-09-04,2026-09-04,CM,BSE,STK,539148,INE788J01021,SHIVALIK,T,,,,,Shivalik Rasayan Ltd.,310.40,329.20,310.40,328.25,328.90,313.55,,327.66,,,10152,3331608.00,133,F1,1,,,,,
2026-09-04,2026-09-04,CM,BSE,STK,539149,INE682B01023,ICSL,X,,,,,Integrated Capital Services Lt,3.41,3.65,3.40,3.64,3.64,3.33,,3.64,,,23710,83976.00,49,F1,1,,,,,
2026-09-04,2026-09-04,CM,BSE,STK,539150,INE195J01029,PNCINFRA,A,,,,,PNC Infratech Limited,182.95,185.55,179.85,183.00,183.00,182.95,,183.10,,,142212,26044068.00,1173,F1,1,,,,,
2026-09-04,2026-09-04,CM,BSE,STK,539151,INE784R01023,ARFIN,B,,,,,Arfin India Limited,88.40,88.65,86.11,86.85,86.11,89.04,,87.19,,,35379,3086948.00,238,F1,1,,,,,
2026-09-04,2026-09-04,CM,BSE,STK,539167,INE347L01022,VLL,X,,,,,Virat Leasing Limited,61.00,61.00,61.00,61.00,61.00,61.00,,61.00,,,2,122.00,1,F1,1,,,,,
2026-09-04,2026-09-04,CM,BSE,STK,539174,INE738P01015,HELPAGE,X,,,,,Helpage Finlease Ltd.,22.90,22.90,19.04,21.30,21.90,21.00,,21.30,,,1275,27260.00,45,F1,1,,,,,
2026-09-04,2026-09-04,CM,BSE,STK,539176,INE230I01018,HAWAENG,X,,,,,Hawa Engineers ltd.,78.99,78.99,77.00,77.00,77.00,78.99,,77.00,,,6,463.00,2,F1,1,,,,,
2026-09-04,2026-09-04,CM,BSE,STK,539177,INE206F01022,AIIL,A,,,,,Authum Investment & Infrastruc,519.50,528.20,515.90,518.75,516.40,519.30,,519.80,,,30900,16138632.00,827,F1,1,,,,,
2026-09-04,2026-09-04,CM,BSE,STK,539189,INE578L01014,ADHBHUTIN,X,,,,,Adhbhut Infrastructure Ltd.,13.73,13.95,13.31,13.95,13.95,13.73,,13.95,,,388,5169.00,4,F1,1,,,,,
2026-09-04,2026-09-04,CM,BSE,STK,539190,INE848N01017,DFL,X,,,,,Decillion Finance Ltd.,38.10,38.30,38.10,38.30,38.30,40.10,,38.30,,,415,15861.00,5,F1,1,,,,,
2026-09-04,2026-09-04,CM,BSE,STK,539195,INE035S01028,POEL,B,,,,,POCL ENTERPRISES LTD,144.85,144.85,141.00,142.30,142.30,144.85,,142.69,,,35303,5038685.00,656,F1,1,,,,,
2026-09-04,2026-09-04,CM,BSE,STK,539196,INE829P01020,AEL,X,,,,,Amba Enterprises Ltd.,109.95,119.50,109.90,116.90,116.90,107.90,,116.90,,,32754,3792086.00,286,F1,1,,,,,
2026-09-04,2026-09-04,CM,BSE,STK,539199,INE618R01015,SGFIN,B,,,,,SG FINSERVE LIMITED,676.95,681.60,657.70,674.00,675.20,676.95,,675.64,,,35493,23895703.00,702,F1,1,,,,,
2026-09-04,2026-09-04,CM,BSE,STK,539200,INE203Q01026,NOBPOL,XT,,,,,NOBLE POLYMERS LIMITED,12.41,12.41,12.41,12.41,12.41,12.17,,12.41,,,2540,31521.00,8,F1,1,,,,,
2026-09-04,2026-09-04,CM,BSE,STK,539201,INE170E01023,SATIA,B,,,,,SATIA INDUSTRIES LIMITED,60.05,63.89,60.05,63.30,63.25,60.94,,63.36,,,26392,1660786.00,402,F1,1,,,,,
2026-09-04,2026-09-04,CM,BSE,STK,539206,INE574D01010,GVBL,X,,,,,GENOMIC VALLEY BIOTECH LIMITED,29.88,29.88,29.88,29.88,29.88,29.88,,29.88,,,100,2988.00,3,F1,1,,,,,
2026-09-04,2026-09-04,CM,BSE,STK,539216,INE653S01028,GARMNTMNTR,X,,,,,GARMENT MANTRA LIFESTYLE LIMIT,1.14,1.14,1.12,1.13,1.13,1.13,,1.13,,,283549,321153.00,201,F1,1,,,,,
2026-09-04,2026-09-04,CM,BSE,STK,539217,INE606K01049,SRESTHA,X,,,,,Srestha Finvest Limited,0.26,0.26,0.25,0.26,0.26,0.25,,0.26,,,2176101,554533.00,378,F1,1,,,,,
2026-09-04,2026-09-04,CM,BSE,STK,539218,INE563C01015,SAUMYA,X,,,,,Saumya Consultants Ltd.,120.95,121.00,120.95,121.00,121.00,120.95,,121.00,,,56,6774.00,6,F1,1,,,,,
2026-09-04,2026-09-04,CM,BSE,STK,539219,INE150D01027,MUL,X,,,,,MAURIA UDYOG LIMITED,7.84,7.84,7.32,7.67,7.67,7.61,,7.67,,,100435,763993.00,155,F1,1,,,,,
2026-09-04,2026-09-04,CM,BSE,STK,539220,INE540S01019,MISHKA,X,,,,,Mishka Exim Limited,42.80,43.00,42.80,42.80,42.80,42.80,,42.80,,,3720,159906.00,18,F1,1,,,,,
2026-09-04,2026-09-04,CM,BSE,STK,539221,INE885H01029,SPORTKING,B,,,,,Sportking India Ltd.,230.00,234.00,226.30,229.00,226.90,231.15,,229.19,,,26149,5996035.00,658,F1,1,,,,,
2026-09-04,2026-09-04,CM,BSE,STK,539222,INE451S01027,GROWINGTON,B,,,,,GROWINGTON VENTURES INDIA LIMI,0.75,0.76,0.69,0.71,0.71,0.75,,0.71,,,5598816,4028440.00,819,F1,1,,,,,
2026-09-04,2026-09-04,CM,BSE,STK,539224,INE345Q01017,HCKKVENTURE,XT,,,,,HCKK Ventures Limited,38.00,38.00,36.00,36.00,36.00,37.89,,36.00,,,142,5114.00,6,F1,1,,,,,
2026-09-04,2026-09-04,CM,BSE,STK,539226,INE027T01023,RUDRA,B,,,,,RUDRA GLOBAL INFRA PRODUCTS LI,19.57,21.05,19.57,20.59,20.79,20.40,,20.38,,,7438,152078.00,77,F1,1,,,,,
2026-09-04,2026-09-04,CM,BSE,STK,539227,INE876S01017,LOYAL,X,,,,,Loyal Equipments Limited,150.90,150.90,145.25,146.10,146.00,147.80,,146.10,,,4937,722303.00,97,F1,1,,,,,
2026-09-04,2026-09-04,CM,BSE,STK,539228,INE480S01026,GGPL,Z,,,,,Gala Global Products Limited,1.30,1.36,1.25,1.30,1.30,1.30,,1.30,,,46728,61599.00,58,F1,1,,,,,
2026-09-04,2026-09-04,CM,BSE,STK,539251,INE875R01011,BALKRISHNA,B,,,,,Balkrishna Paper Mills Ltd.,17.63,17.63,17.10,17.11,17.41,17.71,,17.09,,,1872,32122.00,25,F1,1,,,,,
2026-09-04,2026-09-04,CM,BSE,STK,539252,INE979R01011,SHYAMCENT,T,,,,,Shyam Century Ferrous Limited,4.91,5.20,4.91,5.10,5.20,5.01,,5.06,,,12057,59545.00,59,F1,1,,,,,
2026-09-04,2026-09-04,CM,BSE,STK,539254,INE931S01010,ADANIENSOL,A,,,,,Adani Energy Solutions Limited,1377.35,1412.00,1377.35,1409.90,1409.90,1388.00,,1409.60,,,83345,116856994.00,5064,F1,1,,,,,
2026-09-04,2026-09-04,CM,BSE,STK,539255,INE541K01014,STARDELTA,X,,,,,STAR DELTA TRANSFORMERS LIMITE,470.00,477.80,455.15,459.75,459.75,470.05,,459.75,,,3309,1532147.00,264,F1,1,,,,,
2026-09-04,2026-09-04,CM,BSE,STK,539267,INE579N01018,SAMSRITA,X,,,,,SAMSRITA LABS LIMITED,12.95,12.95,12.00,12.65,12.65,12.38,,12.65,,,13480,166373.00,49,F1,1,,,,,
2026-09-04,2026-09-04,CM,BSE,STK,539268,INE398R01022,SYNGENE,A,,,,,Syngene International Limited,400.50,400.50,394.50,395.65,395.65,400.55,,395.60,,,18388,7292714.00,743,F1,1,,,,,
2026-09-04,2026-09-04,CM,BSE,STK,539275,INE829S01016,MSL,B,,,,,Mangalam Seeds Limited,155.00,155.00,138.00,138.25,138.00,136.00,,141.17,,,35,4888.00,5,F1,1,,,,,
2026-09-04,2026-09-04,CM,BSE,STK,539276,INE587G01015,KAYA,T,,,,,Kaya Limited,343.05,343.05,343.05,343.05,343.05,326.75,,344.13,,,50,17152.00,1,F1,1,,,,,
2026-09-04,2026-09-04,CM,BSE,STK,539278,INE653R01012,SYMBIOX,X,,,,,Symbiox Investment & Trading C,2.00,2.00,1.81,1.90,1.90,2.00,,1.90,,,3378,6706.00,28,F1,1,,,,,
2026-09-04,2026-09-04,CM,BSE,STK,539287,INE749B01020,ORTINGLOBE,B,,,,,ORTIN GLOBAL LIMITED,15.94,15.94,14.74,15.01,15.01,15.19,,15.67,,,581,8782.00,5,F1,1,,,,,
2026-09-04,2026-09-04,CM,BSE,STK,539289,INE898S01029,AURUM,B,,,,,AURUM PROPTECH LIMITED,225.10,228.40,223.15,223.45,226.85,224.35,,224.66,,,5579,1251057.00,119,F1,1,,,,,
2026-09-04,2026-09-04,CM,BSE,STK,539290,INE143A01010,OSWALGREEN,B,,,,,Oswal Greentech Limited,19.60,20.50,19.60,20.43,20.43,20.03,,20.39,,,7975,162204.00,99,F1,1,,,,,
2026-09-04,2026-09-04,CM,BSE,STK,539300,INE671K01027,SUNRAKSHAK,B,,,,,SUNRAKSHAKK INDUSTRIES INDIA L,372.25,374.80,363.85,366.15,371.80,372.20,,369.48,,,3881,1438073.00,66,F1,1,,,,,
2026-09-04,2026-09-04,CM,BSE,STK,539301,INE034S01021,ARVSMART,B,,,,,Arvind SmartSpaces Limited,646.05,653.30,639.95,643.15,641.80,637.00,,642.56,,,2186,1411394.00,128,F1,1,,,,,
2026-09-04,2026-09-04,CM,BSE,STK,539302,INE211R01019,POWERMECH,A,,,,,Power Mech Projects Limited,2395.05,2419.65,2270.00,2298.80,2298.80,2403.10,,2305.63,,,17004,39518986.00,1574,F1,1,,,,,
2026-09-04,2026-09-04,CM,BSE,STK,539309,INE230R01035,RAMASTEEL,T,,,,,Rama Steel Tubes Limited,4.05,4.06,4.01,4.01,4.01,4.08,,4.01,,,285360,1150372.00,262,F1,1,,,,,
2026-09-04,2026-09-04,CM,BSE,STK,539310,INE365S01045,THINKINK,X,,,,,THINKINK PICTUREZ LIMITED,0.19,0.20,0.19,0.19,0.19,0.19,,0.19,,,6441901,1226893.00,297,F1,1,,,,,
2026-09-04,2026-09-04,CM,BSE,STK,539312,INF789FB1X58,SENSEXBETA,B,,,,,UTI BSE Sensex ETF,856.40,860.00,847.20,849.86,849.86,850.19,,850.89,,,15,12785.00,8,F1,1,,,,,
2026-09-04,2026-09-04,CM,BSE,STK,539313,INF789F1AZC0,NIFTYBETA,B,,,,,UTI Mutual Fund,262.80,266.50,262.80,266.23,266.23,265.09,,265.73,,,466,123972.00,29,F1,1,,,,,
2026-09-04,2026-09-04,CM,BSE,STK,539314,INE203T01012,UNIAUTO,B,,,,,Universal Autofoundry Limited,57.40,57.40,51.13,51.28,51.25,52.02,,51.28,,,16704,865800.00,88,F1,1,,,,,
2026-09-04,2026-09-04,CM,BSE,STK,539331,INE918N01018,VETO,T,,,,,VETO SWITCHGEARS AND CABLES LI,129.25,129.25,125.00,127.95,128.20,128.05,,126.00,,,1516,191791.00,33,F1,1,,,,,
2026-09-04,2026-09-04,CM,BSE,STK,539332,INE278M01019,NAVKARCORP,B,,,,,Navkar Corporation Limited,97.92,98.98,96.14,96.77,96.99,97.28,,96.25,,,8384,813759.00,146,F1,1,,,,,
2026-09-04,2026-09-04,CM,BSE,STK,539334,INE712K01011,SHREEPUSHK,B,,,,,Shree Pushkar Chemicals & Fert,476.80,481.60,465.35,475.75,475.90,476.75,,475.27,,,2899,1372955.00,210,F1,1,,,,,
2026-09-04,2026-09-04,CM,BSE,STK,539335,INE714Q01014,CALLISTA,XT,,,,,Callista Industries Limited,144.40,144.40,144.30,144.30,144.30,143.00,,144.30,,,40291,5817391.00,17,F1,1,,,,,
2026-09-04,2026-09-04,CM,BSE,STK,539336,INE844O01030,GUJENERGY,A,,,,,Gujarat Energy Limited,266.25,268.05,262.40,263.15,263.15,264.05,,263.57,,,134975,35833042.00,3065,F1,1,,,,,
2026-09-04,2026-09-04,CM,BSE,STK,539337,INE725P01012,WAAREE,M,,,,,WAAREE TECHNOLOGIES LIMITED,210.25,215.25,210.25,212.40,212.90,210.00,,212.40,,,5775,1225052.00,31,F1,175,,,,,
2026-09-04,2026-09-04,CM,BSE,STK,539346,INE764L01010,SADBHIN,T,,,,,Sadbhav Infrastructure Project,2.60,2.60,2.50,2.53,2.56,2.60,,2.55,,,13035,33311.00,32,F1,1,,,,,
2026-09-04,2026-09-04,CM,BSE,STK,539353,INE724G01014,SALAUTO,X,,,,,SAL AUTOMOTIVE LIMITED,200.00,200.00,194.35,199.90,199.90,205.70,,199.90,,,325,63733.00,13,F1,1,,,,,
2026-09-04,2026-09-04,CM,BSE,STK,539354,INE914G01029,POLYSPIN,B,,,,,Polyspin Exports Ltd.,28.20,28.90,27.56,28.59,28.50,29.93,,28.59,,,2781,78575.00,26,F1,1,,,,,
2026-09-04,2026-09-04,CM,BSE,STK,539359,INE583R01029,PRITIKAUTO,T,,,,,Pritika Auto Industries Limite,16.27,16.27,15.85,16.16,16.10,16.67,,16.25,,,20324,325425.00,90,F1,1,,,,,
2026-09-04,2026-09-04,CM,BSE,STK,539383,INE019D01016,MAHAVEER,Z,,,,,Mahaveer Infoway Limited,10.45,10.45,10.05,10.05,10.05,10.45,,10.05,,,100,1005.00,3,F1,1,,,,,
2026-09-04,2026-09-04,CM,BSE,STK,539384,INE897B01019,KRISHNACAP,XT,,,,,Krishna Capital And Securities,50.66,50.66,49.00,49.00,49.00,48.25,,49.00,,,1587,80217.00,9,F1,1,,,,,
2026-09-04,2026-09-04,CM,BSE,STK,539391,INE636B01011,ACME,Z,,,,,Acme Resources Limited,29.00,29.00,28.00,28.17,28.00,29.18,,28.17,,,319,9094.00,23,F1,1,,,,,
2026-09-04,2026-09-04,CM,BSE,STK,539398,INE060T01024,VISHALBL,B,,,,,Vishal Bearings Limited,51.32,55.50,50.01,52.45,52.29,51.32,,52.45,,,6191,331479.00,60,F1,1,,,,,
2026-09-04,2026-09-04,CM,BSE,STK,539399,INE344T01014,BELLACASA,B,,,,,Bella Casa Fashion & Retail Li,240.00,245.05,240.00,244.60,244.60,240.80,,242.85,,,80,19424.00,14,F1,1,,,,,
2026-09-04,2026-09-04,CM,BSE,STK,539400,INE389C01015,MALLCOM,B,,,,,MALLCOM (INDIA) LTD.,1021.45,1030.00,1021.45,1029.75,1029.00,1001.95,,1020.94,,,406,418071.00,12,F1,1,,,,,
2026-09-04,2026-09-04,CM,BSE,STK,539402,INE256S01012,NAKSH,Z,,,,,Naksh Precious Metals Limited,4.10,4.10,3.90,4.03,4.03,4.10,,4.03,,,2286,9109.00,11,F1,1,,,,,
2026-09-04,2026-09-04,CM,BSE,STK,539404,INE836B01017,SATIN,B,,,,,SATIN CREDITCARE NETWORK LIMIT,221.00,222.10,217.85,220.85,219.40,219.50,,220.75,,,11179,2456655.00,210,F1,1,,,,,
2026-09-04,2026-09-04,CM,BSE,STK,539405,INE183R01010,DITCO,X,,,,,Decorous Investment and Tradin,11.51,12.46,11.50,11.51,12.46,12.38,,11.51,,,515,5927.00,4,F1,1,,,,,
2026-09-04,2026-09-04,CM,BSE,STK,539406,INE150R01019,SWAGTAM,X,,,,,Swagatam Trading & Services Li,68.95,68.95,66.55,68.95,68.95,70.00,,68.95,,,27,1801.00,3,F1,1,,,,,
2026-09-04,2026-09-04,CM,BSE,STK,539407,INE854S01022,GENCON,B,,,,,Generic Engineering Constructi,42.03,45.05,42.03,44.42,44.95,42.90,,44.63,,,8197,361447.00,139,F1,1,,,,,
2026-09-04,2026-09-04,CM,BSE,STK,539408,INE594R01018,KUBERJI,XT,,,,,Kuber Udyog Limited,45.80,50.62,45.80,50.62,50.62,48.21,,50.62,,,159295,7589822.00,207,F1,1,,,,,
2026-09-04,2026-09-04,CM,BSE,STK,539428,INE030T01027,TEJNAKSH,X,,,,,Tejnaksh Healthcare Limited,13.74,13.94,13.37,13.94,13.94,13.74,,13.94,,,2178,29494.00,33,F1,1,,,,,
2026-09-04,2026-09-04,CM,BSE,STK,539435,INE201C01012,RFSL,X,,,,,Richfield Financial Services L,20.00,20.36,19.41,19.41,19.41,20.43,,19.41,,,1592,31036.00,23,F1,1,,,,,
2026-09-04,2026-09-04,CM,BSE,STK,539436,INE335K01011,COFFEEDAY,T,,,,,Coffee Day Enterprises Limited,32.39,32.41,32.39,32.41,32.41,30.87,,32.84,,,31420,1018206.00,60,F1,1,,,,,
2026-09-04,2026-09-04,CM,BSE,STK,539437,INE092T01019,IDFCFIRSTB,A,,,,,IDFC FIRST BANK LIMITED,87.94,88.00,86.48,86.67,86.67,87.11,,86.71,,,754408,65818039.00,5069,F1,1,,,,,
2026-09-04,2026-09-04,CM,BSE,STK,539448,INE646L01027,INDIGO,A,,,,,InterGlobe Aviation Limited,4999.80,5034.50,4976.55,4980.00,4980.00,4952.80,,4977.05,,,11364,56837050.00,2603,F1,1,,,,,
2026-09-04,2026-09-04,CM,BSE,STK,539449,INE099S01016,IGCIL,X,,,,,IGC Industries Limited,1.98,2.04,1.98,2.04,2.04,1.98,,2.04,,,16055,32119.00,53,F1,1,,,,,
2026-09-04,2026-09-04,CM,BSE,STK,539450,INE500L01026,SHK,B,,,,,S H Kelkar and Company Limited,152.10,153.45,148.90,151.50,151.00,150.45,,150.89,,,35058,5326022.00,486,F1,1,,,,,
2026-09-04,2026-09-04,CM,BSE,STK,539455,INE360S01012,ECOFINITY,X,,,,,ECOFINITY ATOMIX LIMITED,72.30,72.35,68.01,69.89,70.10,70.95,,69.89,,,19123,1344780.00,90,F1,1,,,,,
2026-09-04,2026-09-04,CM,BSE,STK,539468,INE761R01013,TFSL,X,,,,,Typhoon Financial Services Lim,27.00,27.00,26.00,26.00,26.00,27.35,,26.00,,,21,547.00,3,F1,1,,,,,
2026-09-04,2026-09-04,CM,BSE,STK,539469,INE258R01028,PANORAMA,B,,,,,PANORAMA STUDIOS INTERNATIONAL,45.02,48.50,45.02,47.98,48.50,45.66,,47.48,,,115998,5460571.00,393,F1,1,,,,,
2026-09-04,2026-09-04,CM,BSE,STK,539470,INE051N01026,SHREEGANES,X,,,,,Shree Ganesh Biotech (India) L,0.49,0.49,0.48,0.49,0.49,0.48,,0.49,,,380726,185077.00,274,F1,1,,,,,
2026-09-04,2026-09-04,CM,BSE,STK,539479,INE910R01024,GTV,X,,,,,GTV Engineering Limited,67.96,68.98,65.80,66.77,66.77,66.70,,66.77,,,58676,3947782.00,376,F1,1,,,,,
2026-09-04,2026-09-04,CM,BSE,STK,539480,INF767K01OS7,LICNETFN50,B,,,,,LIC MF EXHGE TRADED FUND-NIFTY,267.73,269.69,267.73,269.69,269.69,270.81,,268.61,,,109,29348.00,5,F1,1,,,,,
2026-09-04,2026-09-04,CM,BSE,STK,539492,INE721C01019,GARBIFIN,X,,,,,Garbi Finvest Limited,9.25,9.94,8.79,8.79,8.79,8.73,,8.79,,,5692,51340.00,25,F1,1,,,,,
2026-09-04,2026-09-04,CM,BSE,STK,539494,INE766D01020,SMARTFIN,X,,,,,Smart Finsec Limited,8.38,8.49,8.14,8.39,8.39,8.20,,8.39,,,5815,48545.00,59,F1,1,,,,,
2026-09-04,2026-09-04,CM,BSE,STK,539495,INE176R01014,RAJKOTINV,X,,,,,Rajkot Investment Trust Limite,43.50,43.50,43.50,43.50,43.50,43.00,,43.50,,,330,14355.00,1,F1,1,,,,,
2026-09-04,2026-09-04,CM,BSE,STK,539506,INE805Q01028,ADCON,XT,,,,,Adcon Capital Services Limited,0.49,0.50,0.48,0.48,0.50,0.49,,0.48,,,94978,46431.00,128,F1,1,,,,,
2026-09-04,2026-09-04,CM,BSE,STK,539515,INE641R01017,QUINT,B,,,,,Quint Digital Limited,39.80,41.17,38.80,40.90,40.98,41.17,,40.70,,,6758,265158.00,35,F1,1,,,,,
2026-09-04,2026-09-04,CM,BSE,STK,539516,INF179KC1965,HDFCNIFTY,B,,,,,HDFC Mutual Fund,267.63,270.99,267.63,270.45,270.20,269.90,,270.30,,,1377,372202.00,70,F1,1,,,,,
2026-09-04,2026-09-04,CM,BSE,STK,539517,INF179KC1HX2,HDFCSENSEX,B,,,,,HDFC Mutual Fund,85.95,87.48,85.95,87.32,87.47,86.84,,87.15,,,1540,134134.00,45,F1,1,,,,,
2026-09-04,2026-09-04,CM,BSE,STK,539518,INE551B01012,UDAYJEW,B,,,,,Uday Jewellery Industries Limi,151.90,151.90,135.00,141.65,141.50,138.65,,141.92,,,3660,518498.00,56,F1,1,,,,,
2026-09-04,2026-09-04,CM,BSE,STK,539519,INE280E01038,TAVEXIA,XT,,,,,TAVEXIA LIFECARE LIMITED,1.00,1.04,1.00,1.02,1.03,1.02,,1.02,,,395625,404807.00,182,F1,1,,,,,
2026-09-04,2026-09-04,CM,BSE,STK,539522,INE343C01012,GROVY,XT,,,,,Grovy India Limited,62.11,64.90,61.85,64.90,64.90,61.81,,64.90,,,525,32704.00,16,F1,1,,,,,
2026-09-04,2026-09-04,CM,BSE,STK,539523,INE540L01014,ALKEM,A,,,,,Alkem Laboratories Limited,5254.90,5254.90,5133.00,5192.00,5186.40,5185.00,,5190.00,,,3267,16902073.00,1229,F1,1,,,,,
2026-09-04,2026-09-04,CM,BSE,STK,539524,INE600L01024,LALPATHLAB,A,,,,,Dr. Lal Pathlabs Limited,1915.55,1915.55,1854.40,1874.90,1891.30,1921.90,,1877.47,,,6498,12176922.00,597,F1,1,,,,,
2026-09-04,2026-09-04,CM,BSE,STK,539526,INE452S01025,SCTL,X,,,,,Suncare Traders Limited,0.44,0.45,0.44,0.44,0.45,0.44,,0.44,,,83291,37047.00,135,F1,1,,,,,
2026-09-04,2026-09-04,CM,BSE,STK,539527,INE146E01015,CREATIVE,X,,,,,Creative Castings Limited,674.00,674.00,646.10,650.05,650.05,660.50,,650.05,,,168,109368.00,33,F1,1,,,,,
2026-09-04,2026-09-04,CM,BSE,STK,539528,INE430R01023,AAYUSH,X,,,,,AAYUSH WELLNESS LIMITED,28.14,29.75,26.50,27.09,27.09,28.00,,27.09,,,209934,5796653.00,1217,F1,1,,,,,
2026-09-04,2026-09-04,CM,BSE,STK,539533,INE669R01026,ELITECON,B,,,,,ELITECON INTERNATIONAL LIMITED,8.69,8.69,8.69,8.69,8.69,9.14,,8.68,,,176315,1532177.00,611,F1,1,,,,,
2026-09-04,2026-09-04,CM,BSE,STK,539542,INE150G01020,LUXIND,B,,,,,LUX Industries Limited,1173.80,1189.70,1171.15,1174.10,1174.00,1173.05,,1175.08,,,443,521682.00,80,F1,1,,,,,
2026-09-04,2026-09-04,CM,BSE,STK,539544,INE281P01016,ABHIINFRA,X,,,,,Abhishek Infraventures Limited,8.04,8.04,8.04,8.04,8.04,8.04,,8.04,,,23,184.00,2,F1,1,,,,,
2026-09-04,2026-09-04,CM,BSE,STK,539545,INE217S01014,APOORVA,B,,,,,Apoorva Leasing Finance & Inve,26.58,26.58,25.50,25.50,25.50,25.32,,25.50,,,138,3666.00,4,F1,1,,,,,
2026-09-04,2026-09-04,CM,BSE,STK,539546,INE679E01015,AGRIBIO,X,,,,,AGRIBIO SPIRITS LIMITED,331.70,331.70,326.25,330.40,330.40,329.65,,330.40,,,12764,4200255.00,42,F1,1,,,,,
2026-09-04,2026-09-04,CM,BSE,STK,539551,INE410P01011,NH,A,,,,,Narayana Hrudayalaya Limited,1880.95,1897.40,1850.90,1859.10,1861.00,1880.95,,1858.53,,,6898,12934452.00,788,F1,1,,,,,
2026-09-04,2026-09-04,CM,BSE,STK,539552,INE108T01021,DHVIJAFIN,XT,,,,,DHVIJA FINANCE LIMITED,11.24,11.49,10.90,11.36,11.49,11.24,,11.36,,,72602,815661.00,96,F1,1,,,,,
2026-09-04,2026-09-04,CM,BSE,STK,539559,INE005G01026,DEEPAI,XT,,,,,Deep Health AI India Limited,1.79,1.86,1.79,1.84,1.85,1.81,,1.84,,,298954,549572.00,425,F1,1,,,,,
2026-09-04,2026-09-04,CM,BSE,STK,539561,INE549S01036,SUPHA,Z,,,,,SUPHA PHARMACHEM LIMITED,0.28,0.28,0.27,0.27,0.27,0.28,,0.27,,,3195782,864643.00,684,F1,1,,,,,
2026-09-04,2026-09-04,CM,BSE,STK,539562,INE750R01016,AARNAV,T,,,,,AARNAV FASHIONS LIMITED,33.30,33.30,32.00,32.29,32.50,33.30,,32.23,,,766,24950.00,31,F1,1,,,,,
2026-09-04,2026-09-04,CM,BSE,STK,539593,INE728Q01014,SHIVA,XT,,,,,Shivansh Finserv Limited,14.30,15.54,14.25,15.45,15.45,15.00,,15.45,,,4036,57928.00,24,F1,1,,,,,
2026-09-04,2026-09-04,CM,BSE,STK,539594,INE094S01041,MISHTANN,X,,,,,Mishtann Foods Limited,3.28,3.36,3.28,3.34,3.34,3.31,,3.34,,,805227,2682742.00,1381,F1,1,,,,,
2026-09-04,2026-09-04,CM,BSE,STK,539596,INE681Q01015,DELTA,X,,,,,Delta Industrial Resources Lim,10.45,10.50,10.45,10.50,10.50,11.00,,10.50,,,11,115.00,3,F1,1,,,,,
2026-09-04,2026-09-04,CM,BSE,STK,539598,INE727C01024,AMPL,X,,,,,AMPL Capital Limited,28.07,29.39,28.07,29.17,29.17,28.69,,29.17,,,9613,276088.00,32,F1,1,,,,,
2026-09-04,2026-09-04,CM,BSE,STK,539599,INE079C01012,KEL,X,,,,,Kotia Enterprises Limited,26.85,26.85,24.33,24.33,24.33,25.61,,24.33,,,207,5053.00,4,F1,1,,,,,
2026-09-04,2026-09-04,CM,BSE,STK,539607,INE373T01047,BLUECLOUDS,B,,,,,Blue Cloud Softech Solutions L,20.24,20.24,19.85,19.90,19.94,19.88,,19.88,,,179235,3573082.00,521,F1,1,,,,,
2026-09-04,2026-09-04,CM,BSE,STK,539620,INE534E01020,KEIL,X,,,,,KANORIA ENERGY & INFRASTRUCTUR,19.19,19.19,17.51,18.37,18.39,18.53,,18.37,,,8328,151780.00,79,F1,1,,,,,
2026-09-04,2026-09-04,CM,BSE,STK,539636,INE484I01029,PRECAM,B,,,,,Precision Camshafts Limited,121.95,126.65,121.95,124.15,124.05,122.45,,124.03,,,22575,2801016.00,459,F1,1,,,,,
2026-09-04,2026-09-04,CM,BSE,STK,539658,INE985S01024,TEAMLEASE,B,,,,,TeamLease Services Limited,1255.00,1275.00,1235.55,1251.10,1253.00,1249.15,,1250.69,,,4415,5522995.00,308,F1,1,,,,,
2026-09-04,2026-09-04,CM,BSE,STK,539659,INE564S01019,KAMATS,B,,,,,VIKRAM KAMATS HOSPITALITY LIMI,36.89,36.89,34.52,36.35,36.35,35.80,,36.35,,,861,30510.00,17,F1,1,,,,,
2026-09-04,2026-09-04,CM,BSE,STK,539660,INE052T01021,BESTAGRO,B,,,,,BEST AGROLIFE LIMITED,21.00,21.10,19.00,19.17,19.07,20.36,,19.28,,,302890,5932438.00,1007,F1,1,,,,,
2026-09-04,2026-09-04,CM,BSE,STK,539661,INE023R01018,ACEMEN,X,,,,,ACE MEN ENGG WORKS LIMITED,121.75,123.90,114.50,117.00,117.00,116.00,,117.00,,,85103,9914873.00,249,F1,1,,,,,
2026-09-04,2026-09-04,CM,BSE,STK,539662,INE948Q01018,BFLAFL,X,,,,,BFL Asset Finvest Limited,6.60,6.88,6.60,6.88,6.88,6.56,,6.88,,,2123,14390.00,10,F1,1,,,,,
2026-09-04,2026-09-04,CM,BSE,STK,539669,INE684D01025,RGF,XT,,,,,RGF Capital Markets Limited,1.57,1.57,1.50,1.50,1.50,1.57,,1.50,,,167895,252750.00,123,F1,1,,,,,
2026-09-04,2026-09-04,CM,BSE,STK,539673,INE792P01020,RCL,Z,,,,,Radhagobind Commercial Limited,1.96,1.96,1.96,1.96,1.96,1.87,,1.96,,,510,999.00,2,F1,1,,,,,
2026-09-04,2026-09-04,CM,BSE,STK,539678,INE306L01010,QUICKHEAL,T,,,,,Quick Heal Technologies Limite,137.00,141.90,135.10,140.95,140.95,137.40,,140.94,,,20069,2794149.00,156,F1,1,,,,,
2026-09-04,2026-09-04,CM,BSE,STK,539679,INE332Q01023,KAPILRAJ,X,,,,,Kapil Raj Finance Ltd.,1.75,1.77,1.68,1.77,1.77,1.69,,1.77,,,870757,1532315.00,155,F1,1,,,,,
2026-09-04,2026-09-04,CM,BSE,STK,539682,INE622Q01027,MOBAVENUE,X,,,,,Mobavenue AI Tech Limited,298.15,306.00,298.15,300.95,300.75,302.10,,300.95,,,38921,11757646.00,275,F1,1,,,,,
2026-09-04,2026-09-04,CM,BSE,STK,539686,INE127T01021,KPEL,B,,,,,K.P. Energy Limited,242.05,253.00,239.70,247.05,247.05,241.35,,247.30,,,42385,10480682.00,785,F1,1,,,,,
2026-09-04,2026-09-04,CM,BSE,STK,539692,INE064T01018,IFINSER,X,,,,,INTERACTIVE FINANCIAL SERVICES,13.85,14.19,12.99,13.06,13.02,12.99,,13.06,,,5383,70280.00,16,F1,1,,,,,
2026-09-04,2026-09-04,CM,BSE,STK,539697,INE966Q01010,HILIKS,XT,,,,,HILIKS TECHNOLOGIES LIMITED,67.39,67.39,65.00,66.07,66.95,66.07,,66.07,,,1794,118440.00,32,F1,1,,,,,
2026-09-04,2026-09-04,CM,BSE,STK,539724,INE039D01014,HYPERSOFT,XT,,,,,HYPERSOFT TECHNOLOGIES LIMITED,199.35,207.90,196.95,203.90,204.70,203.40,,203.90,,,1270,257383.00,76,F1,1,,,,,
2026-09-04,2026-09-04,CM,BSE,STK,539725,INE314T01033,GOKULAGRO,B,,,,,Gokul Agro Resources Ltd,234.35,236.75,230.00,231.10,233.00,235.25,,231.17,,,18341,4268466.00,477,F1,1,,,,,
2026-09-04,2026-09-04,CM,BSE,STK,539730,INE194R01017,FREDUN,B,,,,,Fredun Pharmaceuticals Limited,1524.50,1524.50,1470.20,1474.10,1470.50,1488.20,,1471.46,,,2421,3606616.00,317,F1,1,,,,,
2026-09-04,2026-09-04,CM,BSE,STK,539742,INE748T01016,SIMBHALS,Z,,,,,Simbhaoli Sugars Ltd,8.54,8.54,8.54,8.54,8.54,8.71,,7.80,,,1,8.00,1,F1,1,,,,,
2026-09-04,2026-09-04,CM,BSE,STK,539760,INE773T01014,RELICAB,B,,,,,Relicab Cable Manufacturing Li,39.00,39.00,36.33,37.71,37.96,36.33,,37.71,,,11278,425237.00,187,F1,1,,,,,
2026-09-04,2026-09-04,CM,BSE,STK,539761,INE427T01025,VKAL,X,,,,,Vantage Knowledge Academy Limi,0.80,0.82,0.78,0.80,0.81,0.80,,0.80,,,665107,530777.00,357,F1,1,,,,,
2026-09-04,2026-09-04,CM,BSE,STK,539762,INE250S01015,MEAPL,X,,,,,MODERN ENGINEERING AND PROJECT,26.95,27.05,25.50,26.01,26.39,26.33,,26.01,,,20978,548480.00,89,F1,1,,,,,
2026-09-04,2026-09-04,CM,BSE,STK,539767,INE216Q01010,MNIL,X,,,,,Mega Nirman & Industries Limit,30.03,31.97,30.00,30.86,31.44,30.29,,30.86,,,1559,48064.00,60,F1,1,,,,,
2026-09-04,2026-09-04,CM,BSE,STK,539770,INE830S01014,DARJEELING,X,,,,,DARJEELING INDUSTRIIES LIMITED,28.57,28.57,26.61,26.70,26.65,28.01,,26.70,,,9016,249144.00,50,F1,1,,,,,
2026-09-04,2026-09-04,CM,BSE,STK,539773,INE178T01024,ADVIKCA,B,,,,,Advik Capital Limited,1.13,1.15,1.12,1.13,1.13,1.13,,1.13,,,136797,154702.00,115,F1,1,,,,,
2026-09-04,2026-09-04,CM,BSE,STK,539784,INF767K01PC8,LICNFNHGP,B,,,,,LIC MF EXHNGE TRADED FUND NIFT,275.68,275.68,275.68,275.68,275.68,275.50,,270.61,,,72,19848.00,1,F1,1,,,,,
2026-09-04,2026-09-04,CM,BSE,STK,539785,INE865T01018,PDMJEPAPER,B,,,,,Pudumjee Paper Products Limite,96.19,96.19,92.69,92.86,93.15,94.76,,93.21,,,7794,733362.00,152,F1,1,,,,,
2026-09-04,2026-09-04,CM,BSE,STK,539787,INE075I01017,HCG,A,,,,,HealthCare Global Enterprises,702.50,717.05,697.55,700.80,709.65,702.50,,700.24,,,6108,4335850.00,237,F1,1,,,,,
2026-09-04,2026-09-04,CM,BSE,STK,539798,INE173U01015,UMIYA,X,,,,,Umiya Tubes Limited,24.11,26.00,24.11,24.81,24.81,24.39,,24.81,,,43819,1113311.00,82,F1,1,,,,,
2026-09-04,2026-09-04,CM,BSE,STK,539799,INE316L01019,BHARATWIRE,B,,,,,Bharat Wire Ropes Limited,181.30,182.40,179.25,181.80,181.30,180.15,,181.33,,,16918,3055832.00,518,F1,1,,,,,
2026-09-04,2026-09-04,CM,BSE,STK,539800,INE043U01010,CHDCHEM,X,,,,,CHD Chemicals Limited,5.06,5.48,5.06,5.46,5.46,5.01,,5.46,,,10356,56635.00,19,F1,1,,,,,
2026-09-04,2026-09-04,CM,BSE,STK,539807,INE483S01020,CCAVENUE,A,,,,,AvenuesAI Limited,15.44,16.20,15.44,15.70,15.70,15.40,,15.70,,,1420780,22511761.00,2816,F1,1,,,,,
2026-09-04,2026-09-04,CM,BSE,STK,539814,INE204S01012,LELAVOIR,X,,,,,LE LAVOIR LIMITED,101.99,101.99,92.29,92.29,92.29,97.14,,92.29,,,18840,1765344.00,190,F1,1,,,,,
2026-09-04,2026-09-04,CM,BSE,STK,539834,INE119R01014,BALGOPAL,X,,,,,Balgopal Commercial limited,197.00,197.00,196.00,196.00,196.00,197.80,,196.00,,,32,6292.00,7,F1,1,,,,,
2026-09-04,2026-09-04,CM,BSE,STK,539835,INE574R01028,SUPERIOR,X,,,,,Superior Finlease Limited,1.50,1.51,1.50,1.50,1.50,1.50,,1.50,,,11127,16710.00,14,F1,1,,,,,
2026-09-04,2026-09-04,CM,BSE,STK,539837,INE912T01018,RPEL,B,,,,,RAGHAV PRODUCTIVITY ENHANCERS,1899.95,1940.00,1779.50,1808.40,1811.00,1883.50,,1807.26,,,15934,29575209.00,1744,F1,1,,,,,
2026-09-04,2026-09-04,CM,BSE,STK,539841,INE359U01028,LANCER,B,,,,,Lancer Container Lines Limited,13.27,13.28,12.80,13.07,12.90,13.17,,13.04,,,75557,983101.00,252,F1,1,,,,,
2026-09-04,2026-09-04,CM,BSE,STK,539843,INE395U01014,NINSYS,B,,,,,NINtec Systems Limited,714.40,715.00,700.50,713.90,713.50,714.40,,712.86,,,311,220774.00,59,F1,1,,,,,
2026-09-04,2026-09-04,CM,BSE,STK,539854,INE115S01010,HALDER,B,,,,,Halder Venture Limited,281.95,294.00,281.95,292.00,292.00,286.80,,292.93,,,4445,1296407.00,67,F1,1,,,,,
2026-09-04,2026-09-04,CM,BSE,STK,539871,INE594H01019,THYROCARE,A,,,,,Thyrocare Technologies Limited,577.00,582.00,574.00,576.15,576.40,577.50,,576.15,,,4555,2635159.00,319,F1,1,,,,,
2026-09-04,2026-09-04,CM,BSE,STK,539872,INE411U01027,BAJAJHCARE,B,,,,,Bajaj Healthcare Limited,328.30,330.70,320.00,321.50,322.80,326.95,,321.46,,,58223,18805465.00,584,F1,1,,,,,
2026-09-04,2026-09-04,CM,BSE,STK,539875,INE616F01022,RSDFIN,T,,,,,RSD Finance Limited,100.10,104.45,99.00,104.45,104.45,99.50,,96.75,,,279,28148.00,10,F1,1,,,,,
2026-09-04,2026-09-04,CM,BSE,STK,539876,INE299U01018,CROMPTON,A,,,,,Crompton Greaves Consumer Elec,228.95,235.40,226.35,233.05,233.05,226.55,,232.56,,,404446,94387654.00,3727,F1,1,,,,,
2026-09-04,2026-09-04,CM,BSE,STK,539883,INE417C01014,PILANIINVS,B,,,,,Pilani Investment And Industri,4350.00,4350.00,4322.00,4326.00,4346.50,4345.50,,4324.28,,,105,454554.00,45,F1,1,,,,,
2026-09-04,2026-09-04,CM,BSE,STK,539884,INE671T01028,DARSHANORNA,X,,,,,Darshan Orna Limited,2.18,2.20,2.14,2.17,2.16,2.16,,2.17,,,13490,29353.00,52,F1,1,,,,,
2026-09-04,2026-09-04,CM,BSE,STK,539889,INE883N01014,PARAGMILK,A,,,,,Parag Milk Foods Limited,257.25,257.25,247.85,249.80,249.80,254.15,,249.60,,,55808,14002940.00,664,F1,1,,,,,
2026-09-04,2026-09-04,CM,BSE,STK,539894,INE631R01026,MADHAVIPL,B,,,,,Madhav Infra Projects Limited,7.91,8.37,7.91,8.00,8.00,7.91,,7.99,,,16329,131887.00,77,F1,1,,,,,
2026-09-04,2026-09-04,CM,BSE,STK,539895,INE631E01024,SPICELOUNG,B,,,,,SPICE LOUNGE FOOD WORKS LIMITE,25.82,25.83,25.82,25.83,25.83,24.60,,25.83,,,1002426,25890472.00,1347,F1,1,,,,,
2026-09-04,2026-09-04,CM,BSE,STK,539900,INE642P01019,DIDL,X,,,,,DALMIA INDUSTRIAL DEVELOPMENT,10.08,10.08,8.26,9.07,8.36,9.17,,9.07,,,15795,144510.00,39,F1,1,,,,,
2026-09-04,2026-09-04,CM,BSE,STK,539921,INE440T01028,SEIL,B,,,,,Shanti Educational Initiatives,212.00,212.00,198.70,200.80,200.55,202.00,,200.76,,,19981,4012525.00,464,F1,1,,,,,
2026-09-04,2026-09-04,CM,BSE,STK,539922,INE364S01022,RGIL,XT,,,,,Rotographics (India) Limited,56.48,56.48,55.64,55.64,55.64,56.77,,55.64,,,149,8311.00,11,F1,1,,,,,
2026-09-04,2026-09-04,CM,BSE,STK,539938,INE858Q01019,MIL,X,,,,,Medico Intercontinental Limite,26.50,26.50,24.20,26.27,26.30,25.68,,26.27,,,2102,53419.00,36,F1,1,,,,,
2026-09-04,2026-09-04,CM,BSE,STK,539939,INE571U01010,YASHCHEM,X,,,,,Yash Chemex Limited,50.19,50.45,49.00,50.30,50.30,49.92,,50.30,,,2112,105317.00,26,F1,1,,,,,
2026-09-04,2026-09-04,CM,BSE,STK,539945,INF109KC11V0,NV20IETF,B,,,,,ICICI Prudential NV20 ETF,13.66,13.66,13.53,13.64,13.57,13.56,,13.62,,,17295,235412.00,391,F1,1,,,,,
2026-09-04,2026-09-04,CM,BSE,STK,539946,INE217E01014,BAZELINTER,XT,,,,,Bazel International Limited,22.00,23.96,22.00,23.96,23.96,23.03,,23.96,,,44,1002.00,6,F1,1,,,,,
2026-09-04,2026-09-04,CM,BSE,STK,539947,INE919T01013,JLL,XT,,,,,JINDAL LEASEFIN LIMITED,75.61,77.83,70.43,77.83,77.83,74.13,,77.83,,,1179,87212.00,41,F1,1,,,,,
2026-09-04,2026-09-04,CM,BSE,STK,539956,INE524T01011,TAALTECH,B,,,,,TAAL TECH LIMITED,4589.95,4636.75,4480.00,4506.40,4515.00,4493.55,,4502.34,,,597,2709772.00,146,F1,1,,,,,
2026-09-04,2026-09-04,CM,BSE,STK,539957,INE002S01010,MGL,A,,,,,Mahanagar Gas Limited,1077.95,1101.00,1077.20,1096.40,1096.40,1066.25,,1096.60,,,13009,14169114.00,956,F1,1,,,,,
2026-09-04,2026-09-04,CM,BSE,STK,539963,INE819S01025,ZEAL,X,,,,,Zeal Aqua Limited,11.09,11.22,10.95,10.97,10.96,11.09,,10.97,,,60494,665614.00,192,F1,1,,,,,
2026-09-04,2026-09-04,CM,BSE,STK,539978,INE615P01015,QUESS,B,,,,,Quess Corp Limited,363.40,363.40,343.60,354.05,355.90,366.50,,354.73,,,39690,13925159.00,1683,F1,1,,,,,
2026-09-04,2026-09-04,CM,BSE,STK,539979,INE731U01028,DIGJAMLMTD,B,,,,,DIGJAM LIMITED,50.75,50.75,50.75,50.75,50.75,50.75,,49.96,,,53,2689.00,3,F1,1,,,,,
2026-09-04,2026-09-04,CM,BSE,STK,539980,INF109KC10W0,MIDSELIETF,B,,,,,ICICI Prudential BSE Midcap Se,20.00,20.05,19.91,19.98,19.98,19.83,,19.93,,,13800,275192.00,24,F1,1,,,,,
2026-09-04,2026-09-04,CM,BSE,STK,539985,INE120V01014,TITAANIUM,MT,,,,,Titaanium Ten Enterprise Limit,18.55,18.55,17.65,17.65,17.65,18.55,,17.65,,,10000,177660.00,7,F1,1000,,,,,
2026-09-04,2026-09-04,CM,BSE,STK,539986,INE073V01015,COMSYN,B,,,,,Commercial Syn Bags Limited,306.60,306.60,288.35,301.80,301.30,302.10,,301.32,,,3110,920970.00,74,F1,1,,,,,
2026-09-04,2026-09-04,CM,BSE,STK,539991,INE700F01024,CFEL,B,,,,,CONFIDENCE FUTURISTIC ENERGETE,32.49,32.50,31.50,32.00,32.00,32.05,,32.48,,,2202,69972.00,42,F1,1,,,,,
2026-09-04,2026-09-04,CM,BSE,STK,539992,INE093R01011,LLOYDSENGG,A,,,,,LLOYDS ENGINEERING WORKS LIMIT,85.45,86.66,84.00,84.28,84.28,84.88,,84.21,,,335946,28637209.00,1722,F1,1,,,,,
2026-09-04,2026-09-04,CM,BSE,STK,539997,INE552U01010,KPL,B,,,,,Kwality Pharmaceuticals Limite,3424.95,3424.95,3232.15,3293.90,3286.80,3342.95,,3286.06,,,3499,11554124.00,549,F1,1,,,,,
2026-09-04,2026-09-04,CM,BSE,STK,540005,INE214T01019,LTM,A,,,,,LTM LIMITED,4649.95,4651.15,4545.50,4550.00,4550.00,4516.00,,4553.95,,,31892,145959857.00,2970,F1,1,,,,,
2026-09-04,2026-09-04,CM,BSE,STK,540006,INE595R01023,EASTWEST,B,,,,,EAST WEST FREIGHT CARRIERS LTD,2.38,2.43,2.20,2.39,2.40,2.33,,2.36,,,22823,52552.00,54,F1,1,,,,,
2026-09-04,2026-09-04,CM,BSE,STK,540008,INF209KB10E8,BSLSENETFG,B,,,,,Aditya Birla Sun Life BSE Sens,79.29,79.29,77.36,77.57,77.57,77.36,,77.52,,,14,1087.00,9,F1,1,,,,,
2026-09-04,2026-09-04,CM,BSE,STK,540023,INE621I01042,COLORCHIPS,X,,,,,COLORCHIPS NEW MEDIA LIMITED,10.60,11.93,10.60,11.12,11.03,10.93,,11.12,,,5601,62184.00,68,F1,1,,,,,
2026-09-04,2026-09-04,CM,BSE,STK,540025,INE837H01020,ADVENZYMES,B,,,,,Advanced Enzyme Technologies L,295.95,300.80,293.00,293.50,293.00,295.65,,293.20,,,9413,2798698.00,290,F1,1,,,,,
2026-09-04,2026-09-04,CM,BSE,STK,540026,INE213U01019,LAHL,X,,,,,Ladam Affortable Housing Limit,6.75,6.75,6.40,6.40,6.40,6.78,,6.40,,,639,4311.00,3,F1,1,,,,,
2026-09-04,2026-09-04,CM,BSE,STK,540047,INE917M01012,DBL,A,,,,,Dilip Buildcon Limited,404.65,404.65,398.50,401.15,400.10,398.40,,401.00,,,2084,834912.00,81,F1,1,,,,,
2026-09-04,2026-09-04,CM,BSE,STK,540048,INE212I01016,SPAL,B,,,,,S.P. Apparels Limited,1070.50,1073.00,1026.30,1071.35,1072.00,1062.50,,1071.11,,,2896,3037084.00,248,F1,1,,,,,
2026-09-04,2026-09-04,CM,BSE,STK,540061,INE412U01025,BIGBLOC,B,,,,,Bigbloc Construction Limited,44.50,44.50,40.25,41.80,41.80,40.95,,41.92,,,4679,191201.00,88,F1,1,,,,,
2026-09-04,2026-09-04,CM,BSE,STK,540065,INE976G01028,RBLBANK,A,,,,,RBL Bank Limited,410.80,417.00,406.65,414.35,414.35,408.00,,414.35,,,2589585,1072129319.00,5068,F1,1,,,,,
2026-09-04,2026-09-04,CM,BSE,STK,540066,INE345U01019,AMS,XT,,,,,AMS POLYMERS LIMITED,51.29,51.29,51.29,51.29,51.29,53.98,,51.29,,,277,14207.00,8,F1,1,,,,,
2026-09-04,2026-09-04,CM,BSE,STK,540073,INE153T01027,BLS,A,,,,,BLS International Services Ltd,240.85,242.00,236.85,238.50,238.50,240.25,,238.77,,,123349,29395067.00,1890,F1,1,,,,,
2026-09-04,2026-09-04,CM,BSE,STK,540078,INE317V01016,MITSU,X,,,,,Mitsu Chem Plast Limited,181.90,181.90,175.80,177.00,176.30,179.40,,177.00,,,44542,7902121.00,273,F1,1,,,,,
2026-09-04,2026-09-04,CM,BSE,STK,540079,INE537U01037,SPRAYKING,B,,,,,Sprayking Limited,1.27,1.29,1.26,1.28,1.29,1.27,,1.28,,,241427,307818.00,239,F1,1,,,,,
2026-09-04,2026-09-04,CM,BSE,STK,540080,INE715T01031,DHATRE,B,,,,,Dhatre Udyog Limited,4.33,4.46,4.28,4.43,4.44,4.37,,4.38,,,4003,17648.00,56,F1,1,,,,,
2026-09-04,2026-09-04,CM,BSE,STK,540083,INE871L01013,TVVISION,T,,,,,TV VISION LIMITED,3.55,3.55,3.44,3.44,3.44,3.40,,3.38,,,1134,4012.00,6,F1,1,,,,,
2026-09-04,2026-09-04,CM,BSE,STK,540097,INE890S01026,GAMCO,X,,,,,GAMCO LIMITED,48.62,49.43,48.00,48.25,48.23,49.04,,48.25,,,46488,2245301.00,107,F1,1,,,,,
2026-09-04,2026-09-04,CM,BSE,STK,540115,INE010V01017,LTTS,A,,,,,L&T Technology Services Limite,3544.25,3544.25,3461.25,3492.45,3482.00,3498.50,,3493.26,,,2939,10251031.00,523,F1,1,,,,,
2026-09-04,2026-09-04,CM,BSE,STK,540124,INE934S01014,GNA,B,,,,,G N A Axles Limited,532.80,556.60,530.10,552.45,552.45,531.65,,551.13,,,18950,10355765.00,733,F1,1,,,,,
2026-09-04,2026-09-04,CM,BSE,STK,540125,INE583V01021,RADHIKAJWE,B,,,,,Radhika Jeweltech Limited,72.00,84.90,72.00,83.15,84.40,71.39,,83.16,,,762422,61465968.00,6618,F1,1,,,,,
2026-09-04,2026-09-04,CM,BSE,STK,540132,INE400R01018,SIIL,XT,,,,,Sabrimala Industries India Lim,15.45,15.79,14.75,15.11,15.29,15.48,,15.11,,,9998,152492.00,33,F1,1,,,,,
2026-09-04,2026-09-04,CM,BSE,STK,540133,INE726G01019,ICICIPRULI,A,,,,,ICICI Prudential Life Insuranc,499.80,503.35,492.50,494.95,494.95,494.90,,494.55,,,33930,16899889.00,4958,F1,1,,,,,
2026-09-04,2026-09-04,CM,BSE,STK,540134,INE818R01011,IISL,XT,,,,,ISHAAN INFRASTRUCTURE AND SHEL,12.89,12.89,12.89,12.89,12.89,12.28,,12.89,,,15,193.00,2,F1,1,,,,,
2026-09-04,2026-09-04,CM,BSE,STK,540135,INE202R01026,ARCFIN,X,,,,,ARC Finance Limited,0.48,0.51,0.48,0.49,0.49,0.49,,0.49,,,1717320,850479.00,701,F1,1,,,,,
2026-09-04,2026-09-04,CM,BSE,STK,540136,INE495S01016,HPL,B,,,,,HPL Electric & Power Limited,310.30,310.35,301.00,304.65,306.00,302.75,,304.15,,,6879,2099004.00,290,F1,1,,,,,
2026-09-04,2026-09-04,CM,BSE,STK,540143,INE184B01012,SAGARSOFT,X,,,,,Sagarsoft (India) Limited,95.10,107.25,95.10,96.88,96.50,93.20,,96.88,,,1603,158738.00,39,F1,1,,,,,
2026-09-04,2026-09-04,CM,BSE,STK,540145,INE565V01010,VALIANTORG,T,,,,,Valiant Organics Limited,318.05,330.95,316.50,323.75,318.75,319.75,,320.68,,,3659,1188816.00,126,F1,1,,,,,
2026-09-04,2026-09-04,CM,BSE,STK,540146,INE427V01013,ACML,M,,,,,ADITYA CONSUMER MARKETING LIMI,31.61,31.82,31.61,31.82,31.82,31.51,,31.82,,,5000,158890.00,5,F1,1000,,,,,
2026-09-04,2026-09-04,CM,BSE,STK,540147,INE700V01021,SHASHIJIT,X,,,,,Shashijit Infraprojects Limite,2.98,2.98,2.70,2.73,2.71,2.91,,2.73,,,16273,45352.00,42,F1,1,,,,,
2026-09-04,2026-09-04,CM,BSE,STK,540148,INE564V01013,BINDALEXPO,MT,,,,,Bindal Exports Limited,27.80,27.80,27.80,27.80,27.80,27.80,,27.80,,,4000,111200.00,1,F1,4000,,,,,
2026-09-04,2026-09-04,CM,BSE,STK,540150,INE957U01011,MHEL,MT,,,,,Mewar Hi-Tech Engineering Limi,60.80,60.80,60.80,60.80,60.80,60.80,,60.80,,,750,45600.00,1,F1,750,,,,,
2026-09-04,2026-09-04,CM,BSE,STK,540153,INE913H01037,ENDURANCE,A,,,,,Endurance Technologies Limited,2749.95,2794.85,2738.00,2781.80,2781.55,2752.75,,2782.78,,,3475,9587539.00,387,F1,1,,,,,
2026-09-04,2026-09-04,CM,BSE,STK,540154,INF194KA1T91,IDFSENSEXE,B,,,,,Bandhan Mutual Fund,835.61,835.61,835.61,835.61,835.61,835.61,,835.61,,,1,835.00,1,F1,1,,,,,
2026-09-04,2026-09-04,CM,BSE,STK,540168,INE268T01015,SUPRAPFSL,X,,,,,Supra Pacific Financial Servic,33.97,34.70,33.62,34.38,34.40,33.96,,34.38,,,140263,4775565.00,682,F1,1,,,,,
2026-09-04,2026-09-04,CM,BSE,STK,540173,INE572E01012,PNBHOUSING,A,,,,,PNB Housing Finance Limited,1122.95,1195.00,1122.95,1165.50,1166.20,1143.00,,1166.00,,,28239,33175222.00,2425,F1,1,,,,,
2026-09-04,2026-09-04,CM,BSE,STK,540174,INE298B01010,SOUTHERNIN,X,,,,,SOUTHERN INFOCONSULTANTS LIMIT,20.00,22.96,20.00,22.50,22.50,20.22,,22.50,,,9377,208963.00,25,F1,1,,,,,
2026-09-04,2026-09-04,CM,BSE,STK,540175,INE964R01013,REGENCY,XT,,,,,REGENCY FINCORP LIMITED,47.97,48.23,46.00,46.69,47.00,47.03,,46.69,,,105908,4975419.00,123,F1,1,,,,,
2026-09-04,2026-09-04,CM,BSE,STK,540180,INE200M01039,VBL,A,,,,,Varun Beverages Limited,408.75,412.70,406.50,412.00,412.00,409.00,,407.83,,,187309,76632133.00,4780,F1,1,,,,,
2026-09-04,2026-09-04,CM,BSE,STK,540181,INE894E01028,SALEM,X,,,,,Salem Erode Investments Ltd.,28.40,28.40,23.00,25.88,25.70,27.71,,25.88,,,17178,430424.00,76,F1,1,,,,,
2026-09-04,2026-09-04,CM,BSE,STK,540190,INE789R01022,FRANKLININD,X,,,,,Franklin Industries Limited,0.31,0.32,0.31,0.32,0.32,0.31,,0.32,,,1688804,533743.00,627,F1,1,,,,,
2026-09-04,2026-09-04,CM,BSE,STK,540192,INE341H01023,LKPSEC,B,,,,,LKP Securities Limited,16.20,16.20,15.22,15.52,15.32,15.25,,15.35,,,5396,84385.00,61,F1,1,,,,,
2026-09-04,2026-09-04,CM,BSE,STK,540198,INE186R01013,OSIAJEE,X,,,,,OSIAJEE TEXFAB LIMITED,250.05,271.55,250.05,270.50,271.55,246.90,,270.50,,,9788,2628586.00,165,F1,1,,,,,
2026-09-04,2026-09-04,CM,BSE,STK,540199,INE850R01014,CMBL,X,,,,,Corporate Merchant Bankers Lim,46.50,46.50,44.00,46.49,46.49,45.99,,46.49,,,307,13547.00,7,F1,1,,,,,
2026-09-04,2026-09-04,CM,BSE,STK,540203,INE916U01025,SFL,A,,,,,Sheela Foam Limited,639.95,648.75,639.95,646.80,644.00,643.15,,646.80,,,2300,1487367.00,109,F1,1,,,,,
2026-09-04,2026-09-04,CM,BSE,STK,540204,INE666Q01016,EIKO,X,,,,,EIKO LIFESCIENCES LIMITED,47.30,47.30,44.82,45.38,45.38,46.53,,45.38,,,12894,586270.00,121,F1,1,,,,,
2026-09-04,2026-09-04,CM,BSE,STK,540205,INE679V01027,AVL,A,,,,,Aditya Vision Limited,598.05,604.95,590.70,599.95,599.05,600.55,,600.04,,,23448,13979653.00,2604,F1,1,,,,,
2026-09-04,2026-09-04,CM,BSE,STK,540210,INE759V01019,HEADSUP,B,,,,,Heads UP Ventures Limited,7.00,7.57,6.88,7.20,7.18,6.35,,7.21,,,549,3861.00,16,F1,1,,,,,
2026-09-04,2026-09-04,CM,BSE,STK,540212,INE586V01016,TCIEXP,B,,,,,TCI Express Limited,540.90,557.80,540.00,553.65,548.95,542.90,,552.91,,,1772,978111.00,150,F1,1,,,,,
2026-09-04,2026-09-04,CM,BSE,STK,540222,INE947Q01028,LAURUSLABS,A,,,,,Laurus Labs Limited,1860.00,1872.30,1835.85,1840.00,1840.00,1872.15,,1840.00,,,41689,77176136.00,4040,F1,1,,,,,
2026-09-04,2026-09-04,CM,BSE,STK,540243,INE835U01027,NEWLIGHT,XT,,,,,NEW LIGHT INDUSTRIES LIMITED,1.48,1.48,1.38,1.44,1.46,1.44,,1.44,,,153763,220477.00,89,F1,1,,,,,
2026-09-04,2026-09-04,CM,BSE,STK,540252,INE607V01028,VSL,B,,,,,Viram Suvarn Limited,10.31,10.48,10.07,10.37,10.42,10.31,,10.37,,,309293,3222049.00,358,F1,1,,,,,
2026-09-04,2026-09-04,CM,BSE,STK,540254,INE245H01018,MTPL,XT,,,,,MARG TECHNO PROJECTS LIMITED,9.69,9.69,9.15,9.34,9.34,9.38,,9.34,,,80191,746374.00,107,F1,1,,,,,
2026-09-04,2026-09-04,CM,BSE,STK,540259,INE118R01032,SHANGAR,X,,,,,SHANGAR DECOR LIMITED,0.23,0.25,0.23,0.25,0.25,0.25,,0.25,,,1082949,259008.00,186,F1,1,,,,,
2026-09-04,2026-09-04,CM,BSE,STK,540266,INE804Q01013,GLCL,X,,,,,Globe Commercials Limited,17.80,18.33,17.55,18.09,18.28,17.80,,18.09,,,12552,225564.00,89,F1,1,,,,,
2026-09-04,2026-09-04,CM,BSE,STK,540267,INE318U01016,FLORACORP,X,,,,,Flora Corporation Limited,7.16,7.16,6.82,6.82,6.82,6.82,,6.82,,,6,42.00,2,F1,1,,,,,
2026-09-04,2026-09-04,CM,BSE,STK,540268,INE615R01029,TRU,B,,,,,TruCap Finance Limited,4.08,4.11,4.00,4.04,4.00,4.08,,4.05,,,6185,25155.00,31,F1,1,,,,,
2026-09-04,2026-09-04,CM,BSE,STK,540293,INE726V01018,PRICOLLTD,A,,,,,Pricol Limited,777.00,777.00,753.55,765.00,767.30,767.90,,764.95,,,14587,11119221.00,1094,F1,1,,,,,
2026-09-04,2026-09-04,CM,BSE,STK,540311,INE863T01013,JITFINFRA,B,,,,,JITF INFRALOGISTICS LIMITED,313.00,313.00,302.85,303.15,302.85,313.50,,304.39,,,1185,362231.00,40,F1,1,,,,,
2026-09-04,2026-09-04,CM,BSE,STK,540358,INE655V01019,RMC,B,,,,,RMC SWITCHGEARS LIMITED,226.05,235.70,224.25,233.85,231.95,225.75,,233.57,,,13021,3001958.00,254,F1,1,,,,,
2026-09-04,2026-09-04,CM,BSE,STK,540360,INE715Q01029,LLFICL,T,,,,,LEADING LEASING FINANCE AND IN,1.23,1.23,1.23,1.23,1.23,1.21,,1.23,,,2607496,3207220.00,115,F1,1,,,,,
2026-09-04,2026-09-04,CM,BSE,STK,540361,INE575D01041,DANUBE,XT,,,,,DANUBE INDUSTRIES LIMITED,5.47,5.68,5.25,5.52,5.60,5.47,,5.52,,,34740,192887.00,109,F1,1,,,,,
2026-09-04,2026-09-04,CM,BSE,STK,540366,INE919I01024,RADIOCITY,B,,,,,Music Broadcast Limited,6.30,6.44,6.10,6.23,6.23,6.30,,6.28,,,11627,72339.00,28,F1,1,,,,,
2026-09-04,2026-09-04,CM,BSE,STK,540376,INE192R01011,DMART,A,,,,,Avenue Supermarts Limited,3760.05,3779.70,3745.55,3770.00,3770.00,3760.00,,3770.00,,,8798,33077433.00,1552,F1,1,,,,,
2026-09-04,2026-09-04,CM,BSE,STK,540377,INE714U01024,IFL,B,,,,,IFL ENTERPRISES LIMITED,0.34,0.34,0.32,0.34,0.34,0.34,,0.34,,,3598423,1197652.00,698,F1,1,,,,,
2026-09-04,2026-09-04,CM,BSE,STK,540386,INE989S01042,ONTIC,XT,,,,,Ontic Finserve Limited,1.80,1.81,1.80,1.81,1.81,1.73,,1.81,,,1357281,2453517.00,184,F1,1,,,,,
2026-09-04,2026-09-04,CM,BSE,STK,540393,INE017W01010,SMLT,B,,,,,Sarthak Metals Limited,65.50,65.56,63.27,63.72,63.72,65.60,,65.58,,,1933,123772.00,65,F1,1,,,,,
2026-09-04,2026-09-04,CM,BSE,STK,540395,INE298W01016,CHEMCRUX,B,,,,,Chemcrux Enterprises Limited,82.00,82.04,80.00,81.60,81.60,82.04,,82.16,,,5080,408762.00,83,F1,1,,,,,
2026-09-04,2026-09-04,CM,BSE,STK,540396,INE784W01015,MANOMAY,B,,,,,Manomay Tex India Limited,233.00,238.00,225.00,235.10,235.10,227.00,,234.98,,,40865,9481433.00,547,F1,1,,,,,
2026-09-04,2026-09-04,CM,BSE,STK,540401,INE544W01021,MAXIMUS,X,,,,,Maximus International Limited,14.90,14.90,14.37,14.74,14.80,14.75,,14.74,,,32732,477261.00,106,F1,1,,,,,
2026-09-04,2026-09-04,CM,BSE,STK,540403,INE201M01029,CLEDUCATE,T,,,,,CL Educate Limited,58.99,59.00,58.00,58.14,58.00,59.03,,58.08,,,62,3645.00,5,F1,1,,,,,
2026-09-04,2026-09-04,CM,BSE,STK,540404,INE442V01012,PRIMEFRESH,B,,,,,PRIME FRESH LIMITED,181.65,181.65,170.10,173.80,173.80,177.70,,173.80,,,4961,877935.00,172,F1,1,,,,,
2026-09-04,2026-09-04,CM,BSE,STK,540405,INE711V01010,OCEANIC,X,,,,,Oceanic Foods Limited,55.00,58.00,54.00,55.12,56.90,55.60,,55.12,,,2044,112595.00,29,F1,1,,,,,
2026-09-04,2026-09-04,CM,BSE,STK,540425,INE274V01019,SHANKARA,B,,,,,Shankara Building Products Lim,149.10,149.10,147.00,147.80,148.10,147.15,,148.17,,,1125,166034.00,54,F1,1,,,,,
2026-09-04,2026-09-04,CM,BSE,STK,540455,INE953W01016,ESCORP,B,,,,,Escorp Asset Management Limite,110.00,116.00,108.00,115.85,115.85,115.00,,115.85,,,1012,114135.00,12,F1,1,,,,,
2026-09-04,2026-09-04,CM,BSE,STK,540467,INE808R01012,PARMSILK,XT,,,,,PARMESHWARI SILK MILLS LIMITED,314.80,314.80,314.80,314.80,314.80,314.80,,314.80,,,23,7240.00,3,F1,1,,,,,
2026-09-04,2026-09-04,CM,BSE,STK,540481,INE949C01016,CLFL,X,,,,,Classic Leasing & Finance Ltd.,59.00,59.00,59.00,59.00,59.00,60.00,,59.00,,,10,590.00,1,F1,1,,,,,
2026-09-04,2026-09-04,CM,BSE,STK,540492,INE594W01042,STARLENT,B,,,,,STARLINEPS ENTERPRISES LIMITED,8.55,8.89,8.55,8.72,8.78,8.53,,8.72,,,219962,1918780.00,433,F1,1,,,,,
2026-09-04,2026-09-04,CM,BSE,STK,540497,INE807K01035,SCHAND,B,,,,,S Chand And Company Limited,136.15,137.80,134.05,136.00,136.00,134.65,,136.41,,,2188,295725.00,47,F1,1,,,,,
2026-09-04,2026-09-04,CM,BSE,STK,540515,INE453S01015,KANUNGO,XT,,,,,KANUNGO FINANCIERS LIMITED,13.54,13.54,13.54,13.54,13.54,14.25,,13.54,,,1501,20323.00,4,F1,1,,,,,
2026-09-04,2026-09-04,CM,BSE,STK,540519,INE343X01026,MEERA,B,,,,,Meera Industries Limited,33.98,33.98,32.50,32.73,32.66,32.48,,32.73,,,26345,867055.00,69,F1,1,,,,,
2026-09-04,2026-09-04,CM,BSE,STK,540526,INE183W23014,IRBINVIT,IF,,,,,IRB InvIT Fund,64.22,64.81,64.22,64.71,64.75,64.54,,64.55,,,28410,1832644.00,510,F1,1,,,,,
2026-09-04,2026-09-04,CM,BSE,STK,540530,INE031A01017,HUDCO,A,,,,,Housing &Urban Development Cor,182.25,182.25,179.85,180.50,180.50,180.80,,180.52,,,905596,163876209.00,1211,F1,1,,,,,
2026-09-04,2026-09-04,CM,BSE,STK,540544,INE488V01015,PSPPROJECT,B,,,,,PSP Projects Limited,867.40,884.20,862.20,878.75,880.00,861.95,,875.56,,,1346,1172929.00,121,F1,1,,,,,
2026-09-04,2026-09-04,CM,BSE,STK,540545,INE986W01016,GKL,X,,,,,GURU KRUPA GEMS AND JEWELLERY,34.14,34.15,33.40,34.15,34.15,32.53,,34.15,,,109753,3736796.00,163,F1,1,,,,,
2026-09-04,2026-09-04,CM,BSE,STK,540565,INE219X23014,INDIGRID,IF,,,,,IndiGrid Infrastructure Trust,175.70,175.70,175.00,175.48,175.25,175.24,,175.49,,,13975,2450253.00,300,F1,1,,,,,
2026-09-04,2026-09-04,CM,BSE,STK,540570,INE717F01028,VARIMAN,X,,,,,VARIMAN GLOBAL ENTERPRISES LIM,5.39,5.39,4.89,5.39,5.39,5.14,,5.39,,,1471520,7810596.00,383,F1,1,,,,,
2026-09-04,2026-09-04,CM,BSE,STK,540575,INE460H01021,STARCEMENT,B,,,,,Star Cement Limited,185.10,192.15,184.15,189.90,191.15,184.40,,190.18,,,6863,1285386.00,196,F1,1,,,,,
2026-09-04,2026-09-04,CM,BSE,STK,540590,INE325X01015,RIDDHICORP,X,,,,,Riddhi Corporate Services Limi,57.04,59.40,55.00,55.83,56.99,57.04,,55.83,,,8307,464825.00,53,F1,1,,,,,
2026-09-04,2026-09-04,CM,BSE,STK,540595,INE010J01012,TEJASNET,A,,,,,Tejas Networks Limited,567.35,623.90,567.35,613.90,613.90,567.70,,614.14,,,1826674,1112497037.00,29089,F1,1,,,,,
2026-09-04,2026-09-04,CM,BSE,STK,540596,INE406M01024,ERIS,A,,,,,Eris Lifesciences Limited,1293.50,1332.05,1293.50,1327.00,1320.50,1303.85,,1322.14,,,97969,128487155.00,650,F1,1,,,,,
2026-09-04,2026-09-04,CM,BSE,STK,540597,INE319U01022,CONTAINER,X,,,,,Containerway International Lim,18.90,18.95,17.20,17.97,17.52,17.45,,17.97,,,13530,242331.00,48,F1,1,,,,,
2026-09-04,2026-09-04,CM,BSE,STK,540602,INE869I01013,GTPL,B,,,,,GTPL Hathway Limited,58.36,59.22,57.47,58.54,59.22,58.52,,58.67,,,3071,179400.00,82,F1,1,,,,,
2026-09-04,2026-09-04,CM,BSE,STK,540611,INE949L01017,AUBANK,A,,,,,AU Small Finance Bank Limited,1081.75,1081.75,1062.00,1066.80,1066.80,1071.15,,1065.00,,,14404,15383233.00,1478,F1,1,,,,,
2026-09-04,2026-09-04,CM,BSE,STK,540612,INF109KC19U5,LOWVOLIETF,B,,,,,ICICI Prudential Nifty Low Vol,22.03,22.09,21.77,21.98,21.93,22.02,,21.98,,,9130,200968.00,270,F1,1,,,,,
2026-09-04,2026-09-04,CM,BSE,STK,540613,INE721X01023,GEL,M,,,,,Gautam Exim Limited,24.51,24.51,24.51,24.51,24.51,25.79,,24.51,,,6000,147060.00,2,F1,3000,,,,,
2026-09-04,2026-09-04,CM,BSE,STK,540615,INE413X01035,7NR,XT,,,,,7NR Retail Limited,6.43,7.09,6.43,6.99,7.09,6.76,,6.99,,,75333,515279.00,183,F1,1,,,,,
2026-09-04,2026-09-04,CM,BSE,STK,540642,INE170V01027,SALASAR,B,,,,,Salasar Techno Engineering Lim,5.21,5.83,5.15,5.21,5.21,5.11,,5.20,,,1779284,9579955.00,2007,F1,1,,,,,
2026-09-04,2026-09-04,CM,BSE,STK,540647,INE335W01016,GANGESSECU,B,,,,,Ganges Securities Ltd.,117.10,123.00,116.50,123.00,123.00,116.90,,118.71,,,206,24661.00,59,F1,1,,,,,
2026-09-04,2026-09-04,CM,BSE,STK,540648,INE471W01019,PALASHSECU,B,,,,,Palash Securities Limited,90.00,90.00,90.00,90.00,90.00,89.49,,90.17,,,65,5850.00,1,F1,1,,,,,
2026-09-04,2026-09-04,CM,BSE,STK,540649,INE349W01017,AVADHSUGAR,B,,,,,AVADH SUGAR & ENERGY LIMITED,800.05,826.90,800.05,809.65,809.50,829.95,,809.50,,,5854,4737596.00,227,F1,1,,,,,
2026-09-04,2026-09-04,CM,BSE,STK,540650,INE347W01011,MAGADSUGAR,B,,,,,Magadh Sugar & Energy Limited,564.00,564.00,545.60,552.30,553.40,566.80,,552.06,,,1327,735826.00,127,F1,1,,,,,
2026-09-04,2026-09-04,CM,BSE,STK,540651,INE943X01015,JIGAR,M,,,,,Jigar Cables Limited,52.45,60.95,52.45,60.90,60.90,55.00,,60.90,,,8000,468400.00,4,F1,2000,,,,,
2026-09-04,2026-09-04,CM,BSE,STK,540654,INE632W01016,GSTL,X,,,,,GlobalSpace Technologies Limit,36.00,36.85,33.86,34.07,34.50,35.53,,34.07,,,84593,2945221.00,253,F1,1,,,,,
2026-09-04,2026-09-04,CM,BSE,STK,540669,INF789F1AUW9,NEXT50BETA,B,,,,,UTI Mutual Fund,79.00,79.49,78.70,79.45,79.45,79.00,,79.05,,,30305,2400690.00,635,F1,1,,,,,
2026-09-04,2026-09-04,CM,BSE,STK,540673,INE285J01028,SIS,B,,,,,SIS LIMITED,439.00,439.00,428.85,430.95,431.95,435.75,,430.95,,,20602,8904603.00,1225,F1,1,,,,,
2026-09-04,2026-09-04,CM,BSE,STK,540678,INE704P01025,COCHINSHIP,A,,,,,Cochin Shipyard Limited,1487.00,1522.35,1487.00,1500.00,1500.00,1487.00,,1499.19,,,87440,132004035.00,4482,F1,1,,,,,
2026-09-04,2026-09-04,CM,BSE,STK,540679,INE320X01016,HALEOSLABS,B,,,,,HALEOS LABS LIMITED,1486.00,1486.00,1466.00,1467.80,1466.00,1486.00,,1451.35,,,19,28034.00,5,F1,1,,,,,
2026-09-04,2026-09-04,CM,BSE,STK,540680,INE880L01014,KIOCL,B,,,,,KIOCL Limited,381.85,386.65,381.65,382.80,382.50,380.15,,382.10,,,1204,461602.00,55,F1,1,,,,,
2026-09-04,2026-09-04,CM,BSE,STK,540686,INE172E01011,SMRUTHIORG,X,,,,,Smruthi Organics Limited,156.95,163.00,152.40,161.45,160.00,149.40,,161.45,,,47808,7608612.00,453,F1,1,,,,,
2026-09-04,2026-09-04,CM,BSE,STK,540691,INE674K01013,ABCAPITAL,A,,,,,Aditya Birla Capital Ltd,402.00,407.05,400.50,404.80,404.80,399.10,,404.90,,,260473,105447863.00,1612,F1,1,,,,,
2026-09-04,2026-09-04,CM,BSE,STK,540692,INE346W01013,APEX,B,,,,,Apex Frozen Foods Limited,378.35,383.60,374.00,375.85,379.70,376.60,,375.22,,,11454,4326865.00,226,F1,1,,,,,
2026-09-04,2026-09-04,CM,BSE,STK,540693,INE145Y01023,SHISHIND,X,,,,,Shish Industries Limited,12.60,13.39,12.60,12.90,12.90,12.68,,12.90,,,639544,8324384.00,618,F1,1,,,,,
2026-09-04,2026-09-04,CM,BSE,STK,540694,INE236W01016,ANG,T,,,,,ANG Lifesciences India Limited,34.09,34.09,33.40,34.09,34.09,33.43,,34.09,,,1365,46502.00,6,F1,1,,,,,
2026-09-04,2026-09-04,CM,BSE,STK,540696,INE185U01035,KCDGROUP,X,,,,,KCD INDUSTRIES INDIA LIMITED,4.24,4.67,3.86,4.16,4.20,4.24,,4.16,,,25263,107074.00,54,F1,1,,,,,
2026-09-04,2026-09-04,CM,BSE,STK,540699,INE935N01020,DIXON,A,,,,,Dixon Technologies (India) Lim,14454.00,14460.00,14078.25,14250.00,14250.00,14454.00,,14240.34,,,43999,626259791.00,9597,F1,1,,,,,
2026-09-04,2026-09-04,CM,BSE,STK,540700,INE727S01012,BRNL,B,,,,,Bharat Road Network Limited,18.37,18.37,16.81,17.06,17.32,17.12,,17.12,,,5628,96341.00,52,F1,1,,,,,
2026-09-04,2026-09-04,CM,BSE,STK,540701,INE385W01011,DCAL,B,,,,,Dishman Carbogen Amcis Limited,177.65,177.75,173.55,174.40,173.70,177.10,,174.38,,,8327,1458802.00,202,F1,1,,,,,
2026-09-04,2026-09-04,CM,BSE,STK,540702,INE670X01014,LASA,B,,,,,Lasa Supergenerics Limited,6.72,7.20,6.72,6.75,6.80,6.90,,6.74,,,11381,78510.00,49,F1,1,,,,,
2026-09-04,2026-09-04,CM,BSE,STK,540703,INE438C01010,PROCLB,X,,,,,PRO CLB GLOBAL LIMITED,30.00,30.07,30.00,30.07,30.07,28.64,,30.07,,,1811,54456.00,9,F1,1,,,,,
2026-09-04,2026-09-04,CM,BSE,STK,540704,INE866R01028,MATRIMONY,B,,,,,Matrimony.com Limited,528.60,532.50,524.65,528.95,528.95,516.50,,529.05,,,268,141112.00,36,F1,1,,,,,
2026-09-04,2026-09-04,CM,BSE,STK,540709,INE217K01011,RHFL,Z,,,,,Reliance Home Finance Limited,1.81,1.87,1.76,1.86,1.82,1.79,,1.84,,,228374,413398.00,175,F1,1,,,,,
2026-09-04,2026-09-04,CM,BSE,STK,540710,INE264T01014,CAPACITE,B,,,,,Capacite Infraprojects Limited,211.35,218.00,208.55,216.60,216.35,208.95,,216.24,,,31940,6800960.00,617,F1,1,,,,,
2026-09-04,2026-09-04,CM,BSE,STK,540716,INE765G01017,ICICIGI,A,,,,,ICICI Lombard General Insuranc,1549.75,1549.75,1507.55,1510.00,1510.00,1514.00,,1510.00,,,21893,33243826.00,1605,F1,1,,,,,
2026-09-04,2026-09-04,CM,BSE,STK,540717,INE689M01025,PQIF,X,,,,,Polo Queen Industrial and Fint,8.42,8.77,8.00,8.66,8.74,8.36,,8.66,,,118729,1029071.00,398,F1,1,,,,,
2026-09-04,2026-09-04,CM,BSE,STK,540718,INE777X01017,AAYUSHBULL,M,,,,,AAYUSH ART AND BULLION LIMITED,1265.00,1269.85,1264.50,1267.70,1267.70,1268.50,,1267.70,,,80000,101391462.00,467,F1,125,,,,,
2026-09-04,2026-09-04,CM,BSE,STK,540719,INE123W01016,SBILIFE,A,,,,,SBI Life Insurance Company Lim,1723.90,1772.95,1709.65,1772.00,1772.00,1724.00,,1774.99,,,52542,92084905.00,5043,F1,1,,,,,
2026-09-04,2026-09-04,CM,BSE,STK,540724,INE393P01035,DIAMONDYD,B,,,,,Prataap Snacks Limited,1159.00,1161.80,1151.00,1157.75,1157.75,1159.25,,1158.30,,,167,192654.00,37,F1,1,,,,,
2026-09-04,2026-09-04,CM,BSE,STK,540725,INE932X01026,SHAREINDIA,B,,,,,Share India Securities Limited,171.40,172.75,170.00,170.60,170.90,169.35,,170.50,,,8150,1394698.00,183,F1,1,,,,,
2026-09-04,2026-09-04,CM,BSE,STK,540726,INE071Y01013,TTFL,X,,,,,Trident Texofab Limited,22.50,23.49,21.57,23.26,23.33,22.69,,23.26,,,47396,1066721.00,206,F1,1,,,,,
2026-09-04,2026-09-04,CM,BSE,STK,540727,INE973X01012,POOJA,B,,,,,Poojawestern Metaliks Limited,17.45,17.90,17.25,17.74,17.73,17.11,,17.74,,,3726,65799.00,66,F1,1,,,,,
2026-09-04,2026-09-04,CM,BSE,STK,540728,INE327G01032,SAYAJIIND,B,,,,,Sayaji Industries Limited,121.10,121.10,115.00,115.00,115.00,115.35,,115.74,,,4,478.00,4,F1,1,,,,,
2026-09-04,2026-09-04,CM,BSE,STK,540730,INE062Y01020,MEHAI,X,,,,,Mehai Technology  Limited,1.25,1.26,1.21,1.21,1.23,1.24,,1.21,,,3787001,4644163.00,290,F1,1,,,,,
2026-09-04,2026-09-04,CM,BSE,STK,540735,INE864K01010,IRIS,B,,,,,IRIS RegTech Solutions Limited,263.60,272.50,259.00,265.10,265.00,253.85,,265.91,,,10582,2819568.00,394,F1,1,,,,,
2026-09-04,2026-09-04,CM,BSE,STK,540737,INE414Y01015,SGRL,B,,,,,Shree Ganesh Remedies Limited,686.50,712.40,680.50,706.75,701.00,686.50,,708.40,,,7868,5513920.00,738,F1,1,,,,,
2026-09-04,2026-09-04,CM,BSE,STK,540738,INE402Y01028,STL,B,,,,,Shreeji Translogistics Limited,8.20,8.39,8.00,8.09,8.17,8.20,,8.09,,,27287,223145.00,160,F1,1,,,,,
2026-09-04,2026-09-04,CM,BSE,STK,540743,INE850D01014,GODREJAGRO,A,,,,,Godrej Agrovet Limited,655.95,664.80,639.00,645.20,648.00,658.75,,644.88,,,21919,14234525.00,676,F1,1,,,,,
2026-09-04,2026-09-04,CM,BSE,STK,540749,INE348L01012,MASFIN,B,,,,,MAS Financial Services Limited,296.15,296.20,293.95,295.95,294.70,292.45,,295.01,,,2237,660391.00,85,F1,1,,,,,
2026-09-04,2026-09-04,CM,BSE,STK,540750,INE022Q01020,IEX,A,,,,,Indian Energy Exchange Limited,121.90,121.90,118.55,119.50,119.50,118.90,,118.92,,,544128,65309678.00,3958,F1,1,,,,,
2026-09-04,2026-09-04,CM,BSE,STK,540755,INE481Y01014,GICRE,A,,,,,General Insurance Corporation,343.05,361.40,341.70,358.70,358.50,356.00,,358.46,,,238271,84468836.00,3155,F1,1,,,,,
2026-09-04,2026-09-04,CM,BSE,STK,540757,INE501Y01019,SCPL,T,,,,,SHEETAL COOL PRODUCTS LIMITED,638.00,670.00,636.00,652.90,639.00,663.50,,647.13,,,2194,1438380.00,109,F1,1,,,,,
2026-09-04,2026-09-04,CM,BSE,STK,540762,INE974X01010,TIINDIA,A,,,,,Tube Investments of India Ltd,2736.05,2736.05,2686.00,2702.60,2702.60,2714.35,,2698.00,,,3115,8404660.00,473,F1,1,,,,,
2026-09-04,2026-09-04,CM,BSE,STK,540767,INE298J01013,NAM-INDIA,A,,,,,NIPPON LIFE INDIA ASSET MANAGE,1159.80,1184.05,1152.55,1156.00,1156.00,1163.00,,1159.89,,,51057,59450602.00,961,F1,1,,,,,
2026-09-04,2026-09-04,CM,BSE,STK,540768,INE766P01016,MAHLOG,B,,,,,Mahindra Logistics Limited,402.70,410.00,399.75,405.45,406.30,399.25,,405.35,,,5252,2124845.00,346,F1,1,,,,,
2026-09-04,2026-09-04,CM,BSE,STK,540769,INE470Y01017,NIACL,A,,,,,The New India Assurance Compan,195.80,234.60,195.80,229.80,229.80,195.50,,229.91,,,3992271,884681988.00,29752,F1,1,,,,,
2026-09-04,2026-09-04,CM,BSE,STK,540774,INE133Y01011,IFGLEXPOR,B,,,,,IFGL Refractories Limited,208.75,211.90,202.00,205.50,203.45,210.45,,204.73,,,7250,1484366.00,116,F1,1,,,,,
2026-09-04,2026-09-04,CM,BSE,STK,540775,INE834I01025,KHADIM,T,,,,,Khadim India Limited,113.65,116.45,113.10,116.45,116.45,114.20,,116.45,,,1184,135641.00,14,F1,1,,,,,
2026-09-04,2026-09-04,CM,BSE,STK,540776,INE618L01018,5PAISA,B,,,,,5paisa Capital Limited,343.05,362.05,336.20,341.65,343.40,343.00,,342.04,,,16115,5555280.00,370,F1,1,,,,,
2026-09-04,2026-09-04,CM,BSE,STK,540777,INE795G01014,HDFCLIFE,A,,,,,HDFC LIFE INSURANCE COMPANY LI,533.50,547.85,533.50,545.10,545.10,532.00,,546.39,,,1090982,593822523.00,5959,F1,1,,,,,
2026-09-04,2026-09-04,CM,BSE,STK,540782,INE204Y01010,SBRANDS,M,,,,,Sanghvi Brands Limited,13.97,13.97,13.97,13.97,13.97,12.70,,13.97,,,13000,181610.00,9,F1,1000,,,,,
2026-09-04,2026-09-04,CM,BSE,STK,540786,INE669Y01022,SHARIKA,T,,,,,SHARIKA ENTERPRISES LIMITED,17.74,18.62,17.01,18.62,18.62,17.74,,18.62,,,90837,1663578.00,123,F1,1,,,,,
2026-09-04,2026-09-04,CM,BSE,STK,540787,INF109KB15Y7,ICICIB22,B,,,,,ICICI Prudential Mutual Fund,116.70,116.70,113.72,114.50,114.10,113.86,,114.35,,,14345,1637851.00,279,F1,1,,,,,
2026-09-04,2026-09-04,CM,BSE,STK,540788,INE500C01017,ASPIRA,XT,,,,,Aspira Pathlab & Diagnostics L,93.00,97.00,93.00,97.00,97.00,93.00,,97.00,,,1148,110747.00,13,F1,1,,,,,
2026-09-04,2026-09-04,CM,BSE,STK,540789,INE016M01021,DNAMEDIA,B,,,,,Diligent Media Corporation Lim,2.62,2.62,2.53,2.60,2.60,2.60,,2.63,,,7847,20305.00,42,F1,1,,,,,
2026-09-04,2026-09-04,CM,BSE,STK,540795,INE600Y01019,DYCL,B,,,,,Dynamic Cables Limited,541.50,545.95,485.10,487.85,489.80,545.20,,487.90,,,128805,65341115.00,3183,F1,1,,,,,
2026-09-04,2026-09-04,CM,BSE,STK,540797,INE597J01018,SHALBY,B,,,,,Shalby Limited,153.15,154.80,152.40,152.75,152.40,152.85,,152.71,,,2534,387741.00,113,F1,1,,,,,
2026-09-04,2026-09-04,CM,BSE,STK,540809,INE333Y01017,MRCAGRO,B,,,,,MRC AGROTECH LIMITED,27.85,28.04,26.12,27.00,27.00,26.71,,27.00,,,130260,3547430.00,148,F1,1,,,,,
2026-09-04,2026-09-04,CM,BSE,STK,540811,INE158R01012,DML,M,,,,,Diggi Multitrade Limited,13.70,13.85,13.70,13.85,13.85,13.68,,13.85,,,40000,553200.00,3,F1,5000,,,,,
2026-09-04,2026-09-04,CM,BSE,STK,540821,INE994R01028,CRYSTAL,X,,,,,CRYSTAL BUSINESS SYSTEM LIMITE,2.03,2.07,2.02,2.05,2.05,2.04,,2.05,,,20278,41404.00,73,F1,1,,,,,
2026-09-04,2026-09-04,CM,BSE,STK,540824,INE646X01014,ASTRON,Z,,,,,Astron Paper & Board Mill Limi,3.10,3.10,2.97,2.98,2.98,3.09,,3.06,,,3289,9878.00,19,F1,1,,,,,
2026-09-04,2026-09-04,CM,BSE,STK,540829,INE371F01024,CHANDRIMA,XT,,,,,Chandrima Mercantiles limited,17.14,17.15,15.53,17.01,17.01,16.34,,17.01,,,5750231,98489060.00,7819,F1,1,,,,,
2026-09-04,2026-09-04,CM,BSE,STK,540850,INE841Y01019,JFL,M,,,,,Jhandewalas Foods Limited,16.56,16.89,16.56,16.59,16.59,16.75,,16.59,,,13000,216520.00,11,F1,1000,,,,,
2026-09-04,2026-09-04,CM,BSE,STK,540874,INE454F01010,7SEASL,X,,,,,7SEAS ENTERTAINMENT LIMITED,97.89,98.00,93.31,95.52,95.05,96.95,,95.52,,,91578,8915042.00,160,F1,1,,,,,
2026-09-04,2026-09-04,CM,BSE,STK,540879,INE713T01028,APOLLO,A,,,,,Apollo Micro Systems Limited,383.05,393.00,383.05,388.55,388.55,383.75,,388.88,,,305602,118701497.00,4772,F1,1,,,,,
2026-09-04,2026-09-04,CM,BSE,STK,540900,INE619B01017,NEWGEN,A,,,,,Newgen Software Technologies L,523.60,544.00,522.30,525.00,525.00,517.65,,524.81,,,232089,123527589.00,4174,F1,1,,,,,
2026-09-04,2026-09-04,CM,BSE,STK,540901,INE546Y01022,PRAXIS,B,,,,,Praxis Home Retail Limited,4.48,4.69,4.48,4.68,4.69,4.47,,4.68,,,72372,335400.00,93,F1,1,,,,,
2026-09-04,2026-09-04,CM,BSE,STK,540902,INE371P01015,AMBER,A,,,,,Amber Enterprises India Limite,7360.15,7520.00,7360.15,7503.00,7503.00,7410.00,,7474.06,,,4930,36738606.00,1052,F1,1,,,,,
2026-09-04,2026-09-04,CM,BSE,STK,540904,INE115G01015,TIRUFOAM,XT,,,,,TIRUPATI FOAM LIMITED,117.85,117.85,117.85,117.85,117.85,117.90,,117.85,,,16,1885.00,1,F1,1,,,,,
2026-09-04,2026-09-04,CM,BSE,STK,540914,INE425C01017,SRUSTEELS,XT,,,,,SRU Steels Limited,1.46,1.48,1.38,1.47,1.48,1.44,,1.47,,,35257,51380.00,81,F1,1,,,,,
2026-09-04,2026-09-04,CM,BSE,STK,540923,INE760Y01011,ASHOKAMET,B,,,,,Ashoka Metcast Limited,13.83,13.83,13.40,13.50,13.50,13.83,,13.51,,,8792,118831.00,62,F1,1,,,,,
2026-09-04,2026-09-04,CM,BSE,STK,540935,INE600K01018,GALAXYSURF,B,,,,,Galaxy Surfactants Limited,2258.00,2258.00,2143.00,2163.05,2163.05,2252.05,,2164.95,,,9820,21228081.00,724,F1,1,,,,,
2026-09-04,2026-09-04,CM,BSE,STK,540936,INE063Z01017,GGL,X,,,,,Gautam Gems Limited,3.14,3.15,3.02,3.10,3.13,3.14,,3.10,,,11775,36093.00,56,F1,1,,,,,
2026-09-04,2026-09-04,CM,BSE,STK,540937,INE630Y01024,MEDICO,B,,,,,MEDICO REMEDIES LIMITED,39.58,40.10,38.77,39.79,39.69,39.58,,39.87,,,2058,81043.00,65,F1,1,,,,,
2026-09-04,2026-09-04,CM,BSE,STK,540952,INE740X01023,LAL,B,,,,,LORENZINI APPARELS LIMITED,8.91,9.18,8.77,8.77,8.77,9.00,,8.91,,,657,5806.00,17,F1,1,,,,,
2026-09-04,2026-09-04,CM,BSE,STK,540953,INE923Y01023,KENVI,B,,,,,Kenvi Jewels Limited,1.91,1.93,1.87,1.91,1.90,1.89,,1.91,,,50724,96889.00,145,F1,1,,,,,
2026-09-04,2026-09-04,CM,BSE,STK,540954,INE586E01020,IWP,B,,,,,The Indian Wood Products Co. L,33.50,35.00,33.50,34.05,34.04,34.26,,34.37,,,1352,46536.00,39,F1,1,,,,,
2026-09-04,2026-09-04,CM,BSE,STK,540955,INE773Y01014,TDSL,Z,,,,,Tasty Dairy Specialities Limit,4.90,5.00,4.83,5.00,5.00,5.08,,5.00,,,5799,28459.00,20,F1,1,,,,,
2026-09-04,2026-09-04,CM,BSE,STK,540956,INE341Z01025,BHATIA,X,,,,,Bhatia Communications & Retail,32.30,32.30,31.22,32.02,32.06,31.91,,32.02,,,106567,3398660.00,404,F1,1,,,,,
2026-09-04,2026-09-04,CM,BSE,STK,540961,INE644Y01017,SHIVAMILLS,B,,,,,Shiva Mills Limited,62.13,63.09,62.13,63.09,63.09,65.40,,60.50,,,50,3134.00,2,F1,1,,,,,
2026-09-04,2026-09-04,CM,BSE,STK,540975,INE914M01019,ASTERDM,A,,,,,ASTER DM QUALITY CARE LIMITED,788.85,791.55,780.75,785.80,785.15,786.90,,785.75,,,42121,33153880.00,2504,F1,1,,,,,
2026-09-04,2026-09-04,CM,BSE,STK,540980,INE868X01014,YSL,X,,,,,The Yamuna Syndicate Ltd,27101.00,27711.05,27101.00,27711.05,27711.05,27600.00,,27711.05,,,3,82512.00,3,F1,1,,,,,
2026-09-04,2026-09-04,CM,BSE,STK,541005,INE398L01017,KANCOTEA,B,,,,,KANCO TEA & INDUSTRIES LIMITED,57.95,57.95,57.93,57.93,57.93,54.25,,56.39,,,3,173.00,3,F1,1,,,,,
2026-09-04,2026-09-04,CM,BSE,STK,541019,INE926X01010,HGINFRA,B,,,,,H.G. Infra Engineering Limited,481.00,484.30,477.25,482.55,480.50,480.50,,482.02,,,4544,2181697.00,271,F1,1,,,,,
2026-09-04,2026-09-04,CM,BSE,STK,541083,INE464Z01017,INFLAME,M,,,,,Inflame Appliances Limited,230.00,235.00,229.90,230.25,230.25,229.05,,230.25,,,5750,1330200.00,19,F1,250,,,,,
2026-09-04,2026-09-04,CM,BSE,STK,541096,INE365Y01019,BPLPHARMA,B,,,,,Bharat Parenterals Limited,1559.95,1559.95,1480.00,1527.95,1530.00,1534.95,,1532.79,,,247,378111.00,48,F1,1,,,,,
2026-09-04,2026-09-04,CM,BSE,STK,541097,INF740KA1EU7,LIQUIDETF,F,,,,,DSP NIFTY 1D Rate Liquid ETF,1000.00,1000.01,1000.00,1000.01,1000.01,1000.00,,999.99,,,1684,1684013.00,15,F1,1,,,,,
2026-09-04,2026-09-04,CM,BSE,STK,541143,INE171Z01026,BDL,A,,,,,Bharat Dynamics Limited,1255.00,1292.50,1255.00,1258.00,1258.00,1256.50,,1255.07,,,92071,117226020.00,3892,F1,1,,,,,
2026-09-04,2026-09-04,CM,BSE,STK,541144,INE380Z01015,ACTIVE,B,,,,,Active Clothing Co  Limited,110.00,116.00,109.15,110.25,110.00,112.90,,110.25,,,7957,883744.00,98,F1,1,,,,,
2026-09-04,2026-09-04,CM,BSE,STK,541152,INE705X01026,GOYALALUM,B,,,,,GOYAL ALUMINIUMS LIMITED,6.34,6.39,6.12,6.32,6.38,6.37,,6.22,,,7451,46481.00,96,F1,1,,,,,
2026-09-04,2026-09-04,CM,BSE,STK,541153,INE545U01014,BANDHANBNK,A,,,,,Bandhan Bank Limited,164.90,166.80,164.50,165.00,165.00,164.20,,164.95,,,105326,17434962.00,1171,F1,1,,,,,
2026-09-04,2026-09-04,CM,BSE,STK,541154,INE066F01020,HAL,A,,,,,Hindustan Aeronautics Limited,4820.05,4934.95,4820.05,4850.00,4850.00,4779.95,,4855.85,,,111112,543876914.00,12759,F1,1,,,,,
2026-09-04,2026-09-04,CM,BSE,STK,541161,INE278R01034,DHARAN,Z,,,,,DHARAN INFRA-EPC LIMITED,0.19,0.19,0.19,0.19,0.19,0.19,,0.13,,,159025,30214.00,79,F1,1,,,,,
2026-09-04,2026-09-04,CM,BSE,STK,541163,INE278H01035,SANDHAR,B,,,,,Sandhar Technologies Limited,625.60,632.00,617.50,624.25,626.00,628.35,,624.02,,,9710,6039045.00,388,F1,1,,,,,
2026-09-04,2026-09-04,CM,BSE,STK,541167,INE616Z01012,YASHO,B,,,,,YASHO INDUSTRIES LIMITED,4152.75,4172.95,3974.15,4132.15,4132.15,4041.75,,4134.05,,,2820,11464413.00,582,F1,1,,,,,
2026-09-04,2026-09-04,CM,BSE,STK,541178,INE495Z01011,BENARA,MT,,,,,Benara Bearings and Pistons Li,9.93,9.93,9.93,9.93,9.93,10.45,,9.93,,,2000,19860.00,1,F1,2000,,,,,
2026-09-04,2026-09-04,CM,BSE,STK,541195,INE099Z01011,MIDHANI,A,,,,,Mishra Dhatu Nigam Limited,422.60,428.40,416.75,418.85,420.00,416.40,,418.80,,,20187,8494059.00,626,F1,1,,,,,
2026-09-04,2026-09-04,CM,BSE,STK,541206,INE426Z01016,OBCL,B,,,,,OBCL Limited,55.20,55.20,55.20,55.20,55.20,56.00,,55.19,,,2,110.00,2,F1,1,,,,,
2026-09-04,2026-09-04,CM,BSE,STK,541228,INE459Z01017,TRL,T,,,,,Taylormade Renewables Limited,62.73,64.00,61.30,62.30,62.00,62.73,,62.30,,,6752,423038.00,95,F1,1,,,,,
2026-09-04,2026-09-04,CM,BSE,STK,541233,INE970X01018,LEMONTREE,A,,,,,Lemon Tree Hotels Limited,105.00,106.95,104.80,105.00,105.00,104.95,,104.95,,,572622,60416768.00,4790,F1,1,,,,,
2026-09-04,2026-09-04,CM,BSE,STK,541276,INE626Z01029,HARDWYN,B,,,,,HARDWYN INDIA LIMITED,9.10,9.35,9.01,9.17,9.11,9.13,,9.13,,,181865,1670199.00,231,F1,1,,,,,
2026-09-04,2026-09-04,CM,BSE,STK,541299,INE871Z01013,DLCL,M,,,,,DR LALCHANDANI LABS LIMITED,7.80,7.80,7.64,7.64,7.64,8.04,,7.64,,,20000,153440.00,5,F1,4000,,,,,
2026-09-04,2026-09-04,CM,BSE,STK,541301,INE142Z01019,ORIENTELEC,B,,,,,Orient Electric Limited,177.75,180.05,176.85,178.95,179.10,178.30,,179.18,,,6072,1081628.00,208,F1,1,,,,,
2026-09-04,2026-09-04,CM,BSE,STK,541302,INE506Z01015,DHRUV,B,,,,,Dhruv Consultancy Services Lim,24.10,24.10,23.00,23.00,23.00,23.00,,22.32,,,252,5798.00,5,F1,1,,,,,
2026-09-04,2026-09-04,CM,BSE,STK,541303,INE256Z01025,AKSHAR,B,,,,,Akshar Spintex Limited,0.42,0.45,0.42,0.42,0.42,0.42,,0.42,,,658769,284166.00,74,F1,1,,,,,
2026-09-04,2026-09-04,CM,BSE,STK,541304,INE250Z01010,INDOUS,B,,,,,Indo US Bio-Tech Limited,76.70,88.00,72.60,79.50,79.50,81.13,,77.48,,,5191,390815.00,116,F1,1,,,,,
2026-09-04,2026-09-04,CM,BSE,STK,541313,INF109KC1V59,BSE500IETF,B,,,,,ICICI Prudential BSE 500 ETF,39.89,39.89,39.27,39.28,39.27,39.40,,39.33,,,1649,65278.00,47,F1,1,,,,,
2026-09-04,2026-09-04,CM,BSE,STK,541336,INE896L01010,INDOSTAR,B,,,,,IndoStar Capital Finance Limit,258.70,260.95,253.35,258.75,258.30,254.85,,258.66,,,11133,2871701.00,149,F1,1,,,,,
2026-09-04,2026-09-04,CM,BSE,STK,541337,INE424Z01011,MILEFUR,MT,,,,,Milestone Furniture Limited,25.15,25.15,24.99,25.08,25.15,23.96,,25.08,,,18000,451770.00,6,F1,3000,,,,,
2026-09-04,2026-09-04,CM,BSE,STK,541338,INE556Z01010,UHZAVERI,B,,,,,U. H. ZAVERI LIMITED,9.05,9.05,8.60,8.94,8.94,9.00,,8.94,,,23029,203496.00,65,F1,1,,,,,
2026-09-04,2026-09-04,CM,BSE,STK,541347,INE295Z01015,PARVATI,XT,,,,,Parvati Sweetners and Power Lt,7.40,7.49,7.28,7.29,7.28,7.30,,7.29,,,9160,66974.00,51,F1,1,,,,,
2026-09-04,2026-09-04,CM,BSE,STK,541352,INE00EM01016,MEGASTAR,B,,,,,Megastar Foods Limited,313.90,313.90,307.55,312.80,312.80,304.00,,307.60,,,135,41918.00,6,F1,1,,,,,
2026-09-04,2026-09-04,CM,BSE,STK,541353,INE870Z01015,INNOVATORS,M,,,,,Innovators Facade Systems Limi,113.95,118.00,113.85,114.30,114.30,113.95,,114.30,,,36000,4226120.00,16,F1,800,,,,,
2026-09-04,2026-09-04,CM,BSE,STK,541358,INE926R01012,UCIL,XT,,,,,UNIFINZ CAPITAL INDIA LIMITED,103.00,103.05,103.00,103.00,103.00,108.00,,103.00,,,3503,360827.00,31,F1,1,,,,,
2026-09-04,2026-09-04,CM,BSE,STK,541400,INE518E01015,ZIMLAB,B,,,,,ZIM Laboratories Limited,125.65,128.30,125.20,125.55,125.55,127.95,,125.50,,,15609,1990702.00,164,F1,1,,,,,
2026-09-04,2026-09-04,CM,BSE,STK,541402,INE692Z01013,AFFORDABLE,B,,,,,Affordable Robotic & Automatio,159.75,164.20,155.90,156.90,157.45,163.00,,157.44,,,5492,877580.00,149,F1,1,,,,,
2026-09-04,2026-09-04,CM,BSE,STK,541403,INE325C01035,DOLLAR,B,,,,,Dollar Industries Limited,264.95,267.50,263.05,264.25,264.50,265.55,,264.25,,,6036,1599152.00,141,F1,1,,,,,
2026-09-04,2026-09-04,CM,BSE,STK,541418,INE236Y01012,NGIL,B,,,,,NAKODA GROUP OF INDUSTRIES LIM,42.50,42.50,39.25,39.25,39.25,39.00,,40.58,,,348,14476.00,7,F1,1,,,,,
2026-09-04,2026-09-04,CM,BSE,STK,541444,INE838Z01012,PALMJEWELS,X,,,,,Palm Jewels Limited,15.06,15.95,14.51,15.44,15.35,15.04,,15.44,,,4195,62722.00,31,F1,1,,,,,
2026-09-04,2026-09-04,CM,BSE,STK,541445,INE799N01012,WAA,M,,,,,Waa Solar Limited,45.45,46.99,45.45,46.00,46.00,43.25,,46.00,,,6400,295744.00,8,F1,800,,,,,
2026-09-04,2026-09-04,CM,BSE,STK,541450,INE364U01010,ADANIGREEN,A,,,,,Adani Green Energy Limited,1285.05,1303.50,1278.45,1300.00,1300.00,1284.95,,1301.25,,,73224,94812124.00,4454,F1,1,,,,,
2026-09-04,2026-09-04,CM,BSE,STK,541503,INE250G01010,UNICK,X,,,,,Unick Fix-A- Form and Printers,43.34,43.34,43.34,43.34,43.34,43.33,,43.34,,,4,173.00,4,F1,1,,,,,
2026-09-04,2026-09-04,CM,BSE,STK,541540,INE624Z01016,SOLARA,B,,,,,SOLARA ACTIVE PHARMA SCIENCES,628.95,651.20,618.00,640.00,637.70,630.05,,639.18,,,24321,15417865.00,931,F1,1,,,,,
2026-09-04,2026-09-04,CM,BSE,STK,541546,INE287Z01012,GAYAHWS,B,,,,,GAYATRI HIGHWAYS LTD,2.05,2.05,1.66,1.95,1.93,1.97,,1.93,,,156823,283017.00,167,F1,1,,,,,
2026-09-04,2026-09-04,CM,BSE,STK,541556,INE320J01015,RITES,A,,,,,RITES Limited,214.55,217.05,214.35,215.65,216.45,213.50,,215.78,,,25759,5554338.00,381,F1,1,,,,,
2026-09-04,2026-09-04,CM,BSE,STK,541557,INE686Y01026,FINEORG,A,,,,,Fine Organic Industries Limite,5187.95,5190.00,5135.60,5147.75,5153.35,5171.75,,5151.90,,,656,3383008.00,127,F1,1,,,,,
2026-09-04,2026-09-04,CM,BSE,STK,541578,INE665L01035,VARROC,A,,,,,Varroc Engineering Limited,835.40,836.40,808.65,825.70,828.00,839.25,,826.32,,,19689,16170305.00,844,F1,1,,,,,
2026-09-04,2026-09-04,CM,BSE,STK,541601,INE685Z01033,RAJNISH,B,,,,,Rajnish Wellness Limited,0.39,0.40,0.39,0.40,0.40,0.40,,0.40,,,1203457,478333.00,430,F1,1,,,,,
2026-09-04,2026-09-04,CM,BSE,STK,541627,INE173V01013,GUJWIND,XT,,,,,Gujarat Winding Systems Limite,9.10,9.10,8.96,8.96,8.96,9.13,,8.96,,,1523,13719.00,10,F1,1,,,,,
2026-09-04,2026-09-04,CM,BSE,STK,541634,INE960Z01014,RAWEDGE,B,,,,,Raw Edge Industrial Solutions,15.20,15.49,15.20,15.47,15.27,15.27,,15.47,,,2414,37097.00,12,F1,1,,,,,
2026-09-04,2026-09-04,CM,BSE,STK,541702,INE694W01024,ASHNI,XT,,,,,Ashnisha Industries Limited,2.75,2.85,2.75,2.85,2.85,2.76,,2.85,,,10817658,30793616.00,757,F1,1,,,,,
2026-09-04,2026-09-04,CM,BSE,STK,541729,INE127D01025,HDFCAMC,A,,,,,HDFC Asset Management Company,2531.00,2531.00,2457.00,2463.00,2463.00,2503.55,,2458.31,,,12322,30579047.00,1401,F1,1,,,,,
2026-09-04,2026-09-04,CM,BSE,STK,541735,INE299W01022,VIVANTA,X,,,,,Vivanta Industries Limited,1.87,1.87,1.82,1.85,1.86,1.85,,1.85,,,78962,145371.00,207,F1,1,,,,,
2026-09-04,2026-09-04,CM,BSE,STK,541741,INE401Z01019,FRATELLI,X,,,,,Fratelli Vineyards Limited,126.00,129.00,122.10,129.00,129.00,122.90,,129.00,,,28228,3617892.00,125,F1,1,,,,,
2026-09-04,2026-09-04,CM,BSE,STK,541770,INE741K01010,CREDITACC,A,,,,,CreditAccess Grameen Ltd.,1451.05,1466.40,1438.30,1441.35,1441.05,1437.45,,1443.02,,,14009,20315037.00,939,F1,1,,,,,
2026-09-04,2026-09-04,CM,BSE,STK,541771,INE572Z01017,AMINTAN,XT,,,,,AMIN TANNERY LIMITED,2.43,2.44,2.43,2.44,2.44,2.33,,2.44,,,507437,1237353.00,473,F1,1,,,,,
2026-09-04,2026-09-04,CM,BSE,STK,541778,INE00IY01012,DEEP,B,,,,,Deep Polymers Limited,36.10,36.70,34.50,34.65,34.62,36.10,,34.99,,,24993,892606.00,126,F1,1,,,,,
2026-09-04,2026-09-04,CM,BSE,STK,541809,INF109KC1NS5,NEXT50IETF,B,,,,,ICICI Prudential Mutual Fund,77.10,77.45,77.10,77.23,77.35,77.11,,77.25,,,13141,1015337.00,302,F1,1,,,,,
2026-09-04,2026-09-04,CM,BSE,STK,541865,INE01B501018,ASRL,X,,,,,Add-Shop E-Retail Limited,5.94,6.20,5.94,6.15,6.14,5.94,,6.15,,,21421,131545.00,90,F1,1,,,,,
2026-09-04,2026-09-04,CM,BSE,STK,541890,INE797Z01028,SPACEINCUBA,XT,,,,,Space Incubatrics Technologies,0.18,0.18,0.18,0.18,0.18,0.18,,0.18,,,190431,34277.00,81,F1,1,,,,,
2026-09-04,2026-09-04,CM,BSE,STK,541929,INE00QT01015,SGIL,B,,,,,Synergy Green Industries Limit,616.00,616.00,598.55,605.10,610.65,611.80,,606.13,,,150,90598.00,67,F1,1,,,,,
2026-09-04,2026-09-04,CM,BSE,STK,541946,INF109KC1KT9,LIQUIDIETF,F,,,,,ICICI Prudential BSE Liquid Ra,1000.01,1000.01,1000.00,1000.00,1000.00,1000.00,,999.99,,,20449,20449011.00,68,F1,1,,,,,
2026-09-04,2026-09-04,CM,BSE,STK,541956,INE962Y01021,IRCON,A,,,,,IRCON International Ltd,119.50,120.70,118.10,119.20,119.45,118.65,,119.25,,,131317,15666287.00,1715,F1,1,,,,,
2026-09-04,2026-09-04,CM,BSE,STK,541967,INE01IU01018,SKYGOLD,A,,,,,Sky Gold And Diamonds Limited,737.40,792.00,733.05,781.15,792.00,742.90,,781.43,,,115393,87043194.00,5336,F1,1,,,,,
2026-09-04,2026-09-04,CM,BSE,STK,541972,INF200KA1VQ2,SETFSN50,B,,,,,SBI Mutual Fund,954.92,957.29,953.50,954.26,954.26,951.65,,954.26,,,16,15299.00,8,F1,1,,,,,
2026-09-04,2026-09-04,CM,BSE,STK,541974,INE00VM01036,MANORAMA,A,,,,,Manorama Industries Limited,1984.85,2016.30,1956.70,1990.90,1975.75,1965.35,,1993.30,,,31724,63116619.00,2238,F1,1,,,,,
2026-09-04,2026-09-04,CM,BSE,STK,541988,INE216P01012,AAVAS,A,,,,,AAVAS Financiers Limited,1299.95,1318.35,1299.95,1303.60,1310.00,1298.25,,1304.11,,,10139,13255693.00,1079,F1,1,,,,,
2026-09-04,2026-09-04,CM,BSE,STK,542011,INE382Z01011,GRSE,A,,,,,Garden Reach Shipbuilders & En,2518.05,2564.35,2518.05,2532.50,2532.50,2509.90,,2533.14,,,39904,101366404.00,2521,F1,1,,,,,
2026-09-04,2026-09-04,CM,BSE,STK,542012,INE911Z01025,A1L,B,,,,,A-1 LIMITED,5.14,5.19,4.99,5.08,5.10,5.07,,5.08,,,1418553,7230190.00,1910,F1,1,,,,,
2026-09-04,2026-09-04,CM,BSE,STK,542013,INE666Y01010,DOLFIN,B,,,,,Dolfin Rubbers Limited,177.50,177.50,171.35,172.75,173.45,170.35,,172.75,,,3598,623356.00,84,F1,1,,,,,
2026-09-04,2026-09-04,CM,BSE,STK,542019,INE01J501010,SHUBHAM,X,,,,,Shubham Polyspin Limited,43.50,43.50,40.40,41.45,40.40,41.66,,41.45,,,3616,148873.00,66,F1,1,,,,,
2026-09-04,2026-09-04,CM,BSE,STK,542020,INE642Z01026,AKI,B,,,,,AKI India Limited,7.28,7.28,7.27,7.28,7.28,6.62,,7.27,,,386149,2811154.00,240,F1,1,,,,,
2026-09-04,2026-09-04,CM,BSE,STK,542025,INE206Z01020,SUNRETAIL,M,,,,,Sun Retail Limited,0.32,0.32,0.30,0.31,0.31,0.31,,0.31,,,288000,88800.00,5,F1,48000,,,,,
2026-09-04,2026-09-04,CM,BSE,STK,542034,INE00Q901014,SMGOLD,B,,,,,S. M. Gold Limited,11.58,11.58,11.02,11.29,11.29,11.16,,11.29,,,9387,105636.00,67,F1,1,,,,,
2026-09-04,2026-09-04,CM,BSE,STK,542046,INE647Z01025,VIVIDM,B,,,,,VIVID MERCANTILE LIMITED,5.54,5.74,5.45,5.50,5.52,5.56,,5.50,,,69306,387801.00,197,F1,1,,,,,
2026-09-04,2026-09-04,CM,BSE,STK,542057,INE00SW01015,BCPL,B,,,,,BCPL Railway Infrastructure Li,67.11,71.50,67.11,68.40,68.40,68.00,,68.45,,,8572,590503.00,357,F1,1,,,,,
2026-09-04,2026-09-04,CM,BSE,STK,542066,INE399L01023,ATGL,A,,,,,ADANI TOTAL GAS LIMITED,620.85,620.85,611.00,612.45,612.45,611.95,,612.36,,,833743,512628331.00,907,F1,1,,,,,
2026-09-04,2026-09-04,CM,BSE,STK,542123,INE398C01016,PHOSPHATE,X,,,,,The Phosphate Company Limited,134.00,139.00,133.00,139.00,139.00,133.00,,139.00,,,125,17040.00,18,F1,1,,,,,
2026-09-04,2026-09-04,CM,BSE,STK,542131,INF769K01EG9,NIFTYETF,B,,,,,Mirae Asset Mutual Fund,258.01,261.25,258.01,260.62,260.58,260.06,,260.69,,,2690,701246.00,129,F1,1,,,,,
2026-09-04,2026-09-04,CM,BSE,STK,542141,INE285K01026,TECHNOE,A,,,,,Techno Electric & Engineering,966.35,983.00,966.35,979.25,983.00,975.45,,979.45,,,20598,20092374.00,1290,F1,1,,,,,
2026-09-04,2026-09-04,CM,BSE,STK,542145,INE02AP01013,RONI,M,,,,,Roni Households Limited,27.14,27.25,27.14,27.25,27.25,24.80,,27.25,,,7200,195804.00,4,F1,1800,,,,,
2026-09-04,2026-09-04,CM,BSE,STK,542146,INE951Z01013,SKIFL,M,,,,,Shree Krishna Infrastructure L,9.55,10.40,9.48,9.48,9.48,9.97,,9.48,,,12500,123562.00,10,F1,1250,,,,,
2026-09-04,2026-09-04,CM,BSE,STK,542155,INE01GR01018,DGL,MT,,,,,Diksha Greens Limited,0.93,0.93,0.93,0.93,0.93,0.92,,0.93,,,2000,1860.00,1,F1,2000,,,,,
2026-09-04,2026-09-04,CM,BSE,STK,542176,INE016X01010,ARYAN,X,,,,,Aryan Share & Stock Brokers Lt,19.33,19.33,18.41,18.41,18.41,18.41,,18.41,,,135,2576.00,12,F1,1,,,,,
2026-09-04,2026-09-04,CM,BSE,STK,542206,INE139E01028,NIVAKA,XT,,,,,NIVAKA FASHIONS LIMITED,0.79,0.79,0.78,0.79,0.79,0.76,,0.79,,,188613,148879.00,53,F1,1,,,,,
2026-09-04,2026-09-04,CM,BSE,STK,542216,INE00R701025,DALBHARAT,A,,,,,DALMIA BHARAT LIMITED,1768.00,1771.20,1742.75,1748.75,1748.75,1770.60,,1749.29,,,3704,6527705.00,447,F1,1,,,,,
2026-09-04,2026-09-04,CM,BSE,STK,542230,INF209KB16D7,ABSLNN50ET,B,,,,,Aditya Birla Sun Life Mutual F,77.85,77.85,76.30,76.84,76.84,77.06,,77.08,,,589,45325.00,18,F1,1,,,,,
2026-09-04,2026-09-04,CM,BSE,STK,542231,INE00S901012,NILASPACES,B,,,,,Nila Spaces Ltd,12.25,12.55,12.20,12.25,12.25,12.31,,12.23,,,56332,692574.00,227,F1,1,,,,,
2026-09-04,2026-09-04,CM,BSE,STK,542232,INE01NE01012,SRD,B,,,,,Shankar Lal Rampal Dye-Chem Li,40.50,40.50,39.95,39.95,39.95,39.15,,39.33,,,54,2158.00,4,F1,1,,,,,
2026-09-04,2026-09-04,CM,BSE,STK,542233,INE00CA01015,TREJHARA,B,,,,,Trejhara Solutions Limited,148.00,153.10,148.00,150.05,150.05,144.85,,151.96,,,657,98112.00,52,F1,1,,,,,
2026-09-04,2026-09-04,CM,BSE,STK,542248,INE452W01019,DECCAN,T,,,,,Deccan Health Care Limited,12.99,12.99,12.00,12.69,12.65,12.50,,12.69,,,20422,247390.00,66,F1,1,,,,,
2026-09-04,2026-09-04,CM,BSE,STK,542285,INE02EZ01022,AXITA,B,,,,,Axita Cotton Limited,8.14,8.15,8.01,8.01,8.02,8.02,,8.01,,,87278,701608.00,216,F1,1,,,,,
2026-09-04,2026-09-04,CM,BSE,STK,542323,INE542W01025,KPIGREEN,A,,,,,KPI Green Energy Limited,303.50,308.20,303.25,307.00,307.35,303.50,,307.00,,,50365,15394273.00,1135,F1,1,,,,,
2026-09-04,2026-09-04,CM,BSE,STK,542332,INE302R01024,HIKLASS,XT,,,,,Hi-Klass Trading and Investmen,91.50,95.65,91.10,91.10,91.10,91.10,,91.10,,,59512,5430447.00,17,F1,1,,,,,
2026-09-04,2026-09-04,CM,BSE,STK,542333,INE425Y01011,RPSGVENT,B,,,,,RPSG VENTURES LIMITED,848.00,867.85,829.05,832.90,832.90,837.10,,831.41,,,1609,1346508.00,97,F1,1,,,,,
2026-09-04,2026-09-04,CM,BSE,STK,542337,INE020801028,SPENCERS,B,,,,,Spencer's Retail Limited,29.30,29.48,28.15,28.25,28.25,29.32,,28.48,,,4472,128072.00,77,F1,1,,,,,
2026-09-04,2026-09-04,CM,BSE,STK,542351,INE350Z01018,GLOSTERLTD,B,,,,,Gloster Ltd,596.00,604.15,596.00,596.50,604.15,586.00,,596.50,,,28,16699.00,8,F1,1,,,,,
2026-09-04,2026-09-04,CM,BSE,STK,542367,INE01P501012,XELPMOC,B,,,,,Xelpmoc Design and Tech Limite,78.00,81.75,78.00,81.66,81.62,79.34,,80.14,,,3083,245575.00,250,F1,1,,,,,
2026-09-04,2026-09-04,CM,BSE,STK,542383,INE01EG01016,RITCO,B,,,,,Ritco Logistics Limited,300.90,304.35,299.00,301.50,300.20,302.30,,301.78,,,2256,682169.00,103,F1,1,,,,,
2026-09-04,2026-09-04,CM,BSE,STK,542399,INE427F01016,CHALET,A,,,,,Chalet Hotels Limited,892.75,901.75,890.40,897.20,897.40,891.55,,896.75,,,4014,3604382.00,281,F1,1,,,,,
2026-09-04,2026-09-04,CM,BSE,STK,542437,INE02AR01019,ANMOL,B,,,,,Anmol India Limited,10.50,10.50,9.45,10.04,10.15,10.01,,10.07,,,17187,171455.00,84,F1,1,,,,,
2026-09-04,2026-09-04,CM,BSE,STK,542446,INE793Z01027,JONJUA,M,,,,,Jonjua Overseas Limited,3.67,3.84,3.50,3.84,3.84,4.73,,3.84,,,579111,2168739.00,86,F1,6227,,,,,
2026-09-04,2026-09-04,CM,BSE,STK,542459,INE911T01010,KRANTI,B,,,,,Kranti Industries Limited,49.00,52.90,49.00,49.50,49.50,48.54,,49.50,,,1069,53229.00,27,F1,1,,,,,
2026-09-04,2026-09-04,CM,BSE,STK,542460,INE294Z01018,ANUP,B,,,,,The Anup Engineering Ltd,1805.00,1809.55,1784.00,1786.45,1789.00,1802.60,,1785.82,,,661,1185197.00,122,F1,1,,,,,
2026-09-04,2026-09-04,CM,BSE,STK,542484,INE955V01021,ARVINDFASN,A,,,,,Arvind Fashions Limited,454.75,457.60,446.05,446.45,446.05,453.55,,446.50,,,5762,2599886.00,174,F1,1,,,,,
2026-09-04,2026-09-04,CM,BSE,STK,542513,INF789F1AUU3,SNXT50BETA,B,,,,,UTI BSE  Sensex Next 50 ETF,95.43,96.00,94.00,94.66,94.00,95.13,,94.68,,,129,12238.00,11,F1,1,,,,,
2026-09-04,2026-09-04,CM,BSE,STK,542524,INE342U01016,AIHL,X,,,,,AMBASSADOR INTRA HOLDINGS LIMI,38.48,38.48,36.56,36.56,36.56,38.48,,36.56,,,12,447.00,3,F1,1,,,,,
2026-09-04,2026-09-04,CM,BSE,STK,542543,INE05KD23015,ENERGYINF,IF,,,,,Energy Infrastructure Trust,73.50,73.70,73.50,73.56,73.50,73.13,,73.56,,,950000,69841000.00,14,F1,25000,,,,,
2026-09-04,2026-09-04,CM,BSE,STK,542579,INE05FR01029,AGOL,B,,,,,Ashapuri Gold Ornament Limited,3.97,4.02,3.71,3.99,3.99,3.95,,3.99,,,378900,1504891.00,688,F1,1,,,,,
2026-09-04,2026-09-04,CM,BSE,STK,542580,INE01C001026,AARTECH,T,,,,,Aartech Solonics Limited,49.79,49.79,48.40,49.40,49.40,49.79,,48.65,,,2896,141831.00,29,F1,1,,,,,
2026-09-04,2026-09-04,CM,BSE,STK,542597,INE255X01014,MSTCLTD,B,,,,,MSTC Limited,748.00,748.90,726.55,734.10,739.00,744.30,,734.19,,,9507,7015788.00,422,F1,1,,,,,
2026-09-04,2026-09-04,CM,BSE,STK,542602,INE041025011,EMBASSY,IF,,,,,Embassy Office Parks REIT,439.10,440.16,437.00,438.57,438.50,438.60,,438.65,,,568807,249489729.00,2196,F1,1,,,,,
2026-09-04,2026-09-04,CM,BSE,STK,542627,INE01GZ01011,CHANDNIMACH,XT,,,,,Chandni Machines Limited,101.48,101.48,97.00,97.00,97.00,97.12,,97.00,,,1091,106689.00,19,F1,1,,,,,
2026-09-04,2026-09-04,CM,BSE,STK,542628,INE01BL01012,NSL,B,,,,,Northern Spirits Limited,137.50,138.65,134.50,134.90,134.50,137.50,,134.90,,,20158,2750913.00,236,F1,1,,,,,
2026-09-04,2026-09-04,CM,BSE,STK,542649,INE415G01027,RVNL,A,,,,,Rail Vikas Nigam Limited,212.40,214.15,209.80,212.00,212.00,209.50,,212.42,,,603919,128084160.00,6817,F1,1,,,,,
2026-09-04,2026-09-04,CM,BSE,STK,542650,INE112L01020,METROPOLIS,A,,,,,Metropolis Healthcare Limited,595.00,595.00,584.70,589.95,588.75,592.25,,589.49,,,654430,386087140.00,1632,F1,1,,,,,
2026-09-04,2026-09-04,CM,BSE,STK,542651,INE04I401011,KPITTECH,A,,,,,KPIT Technologies Ltd,583.55,593.55,575.40,576.00,576.00,583.50,,575.46,,,87200,50813184.00,3029,F1,1,,,,,
2026-09-04,2026-09-04,CM,BSE,STK,542652,INE455K01017,POLYCAB,A,,,,,Polycab India Limited,8549.90,8549.90,8254.00,8300.00,8300.00,8825.00,,8300.00,,,112029,935099353.00,23078,F1,1,,,,,
2026-09-04,2026-09-04,CM,BSE,STK,542655,INE161L01027,VIKASLIFE,B,,,,,VIKAS LIFECARE LIMITED,1.28,1.34,1.28,1.30,1.30,1.31,,1.29,,,406853,525942.00,7599,F1,1,,,,,
2026-09-04,2026-09-04,CM,BSE,STK,542665,INE136S01016,NEOGEN,B,,,,,Neogen Chemicals Limited,2124.70,2170.00,2124.70,2140.50,2142.00,2139.15,,2138.12,,,4949,10624228.00,500,F1,1,,,,,
2026-09-04,2026-09-04,CM,BSE,STK,542666,INE05QJ01015,GKP,B,,,,,G. K. P. Printing & Packaging,7.16,7.16,6.70,7.02,7.03,7.14,,7.02,,,7900,55161.00,54,F1,1,,,,,
2026-09-04,2026-09-04,CM,BSE,STK,542668,INE06TD01010,EVANS,M,,,,,EVANS ELECTRIC LIMITED,75.00,75.00,75.00,75.00,75.00,76.00,,75.00,,,1000,75000.00,1,F1,1000,,,,,
2026-09-04,2026-09-04,CM,BSE,STK,542669,INE374E01021,BMW,X,,,,,BMW INDUSTRIES LIMITED,50.90,51.95,50.25,50.98,50.73,50.52,,50.98,,,213780,10892192.00,766,F1,1,,,,,
2026-09-04,2026-09-04,CM,BSE,STK,542670,INE757T01025,AEPL,B,,,,,Artemis Electricals and Projec,17.22,18.00,16.60,17.77,17.40,16.88,,17.50,,,14662,254552.00,128,F1,1,,,,,
2026-09-04,2026-09-04,CM,BSE,STK,542677,INE01MO01013,MAHESH,X,,,,,Mahesh Developers Limited,18.00,18.00,17.02,17.03,17.02,17.91,,17.03,,,602,10250.00,4,F1,1,,,,,
2026-09-04,2026-09-04,CM,BSE,STK,542678,INE05BN01027,CHCL,MT,,,,,Cian Healthcare Limited,13.39,13.39,13.39,13.39,13.39,12.76,,13.39,,,137,1834.00,1,F1,137,,,,,
2026-09-04,2026-09-04,CM,BSE,STK,542679,INE413F01016,DEL,X,,,,,Dhanashree Electronics Limited,131.00,133.00,131.00,133.00,133.00,131.00,,133.00,,,256,33667.00,12,F1,1,,,,,
2026-09-04,2026-09-04,CM,BSE,STK,542682,INE01K301012,HARISH,X,,,,,Harish Textile Engineers Limit,67.40,67.95,65.00,67.74,67.74,63.66,,67.74,,,118,7825.00,12,F1,1,,,,,
2026-09-04,2026-09-04,CM,BSE,STK,542684,INE050001010,PPL,T,,,,,Prakash Pipes Limited,257.00,264.90,255.25,262.80,262.00,257.05,,262.05,,,1043,272337.00,17,F1,1,,,,,
2026-09-04,2026-09-04,CM,BSE,STK,542685,INE03JI01017,DGCONTENT,B,,,,,Digicontent Limited,24.48,24.48,24.48,24.48,24.48,24.48,,24.83,,,111,2717.00,3,F1,1,,,,,
2026-09-04,2026-09-04,CM,BSE,STK,542694,INE05MV01019,PARSHVA,B,,,,,Parshva Enterprises Limited,184.50,184.50,183.60,183.60,183.60,185.15,,183.60,,,2,368.00,2,F1,1,,,,,
2026-09-04,2026-09-04,CM,BSE,STK,542721,INE02GA01012,ARL,B,,,,,Anand Rayons Limited,42.60,42.97,41.33,42.04,42.00,41.98,,42.04,,,16681,697221.00,136,F1,1,,,,,
2026-09-04,2026-09-04,CM,BSE,STK,542725,INE04AK01028,SBC,B,,,,,SBC EXPORTS LIMITED,43.28,46.65,43.28,45.92,45.92,43.31,,45.77,,,1238329,55705653.00,1553,F1,1,,,,,
2026-09-04,2026-09-04,CM,BSE,STK,542726,INE933S01016,INDIAMART,A,,,,,IndiaMART InterMESH Limited,1732.30,1740.50,1724.05,1726.60,1725.00,1729.40,,1726.41,,,1827,3161209.00,263,F1,1,,,,,
2026-09-04,2026-09-04,CM,BSE,STK,542727,INE056001014,CPML,M,,,,,CITY PULSE MULTIVENTURES LIMIT,120.25,120.25,120.25,120.25,120.25,126.55,,120.25,,,650,78162.00,9,F1,50,,,,,
2026-09-04,2026-09-04,CM,BSE,STK,542729,INE08KP01019,DCMNVL,B,,,,,DCM NOUVELLE LIMITED,185.00,185.00,185.00,185.00,185.00,180.70,,184.99,,,542,100270.00,26,F1,1,,,,,
2026-09-04,2026-09-04,CM,BSE,STK,542730,INF109KC15I8,BANKIETF,B,,,,,ICICI Prudential Mutual Fund,59.10,59.34,59.03,59.14,59.11,59.05,,59.14,,,1747,103350.00,122,F1,1,,,,,
2026-09-04,2026-09-04,CM,BSE,STK,542747,INF204KB15D0,SNXT50BEES,B,,,,,NIPPON INDIA ETF SENSEX NEXT 5,92.51,93.98,92.51,93.00,93.00,93.13,,93.00,,,2146,199387.00,89,F1,1,,,,,
2026-09-04,2026-09-04,CM,BSE,STK,542752,INE00WC01027,AFFLE,A,,,,,AFFLE 3I LIMITED,1521.05,1644.00,1521.05,1617.85,1617.85,1520.25,,1616.58,,,216647,345925980.00,9812,F1,1,,,,,
2026-09-04,2026-09-04,CM,BSE,STK,542758,INF109KC18U7,PVTBANIETF,B,,,,,ICICI Prudential Mutual Fund,28.28,28.30,28.08,28.25,28.23,28.12,,28.17,,,5515,155746.00,191,F1,1,,,,,
2026-09-04,2026-09-04,CM,BSE,STK,542759,INE572J01011,SPANDANA,B,,,,,Spandana Sphoorty Financial Li,238.00,242.05,238.00,240.00,240.70,237.10,,239.82,,,9760,2338379.00,376,F1,1,,,,,
2026-09-04,2026-09-04,CM,BSE,STK,542760,INE00M201021,SWSOLAR,B,,,,,STERLING AND WILSON RENEWABLE,188.50,189.90,185.75,186.20,186.20,187.90,,186.23,,,52738,9889418.00,1205,F1,1,,,,,
2026-09-04,2026-09-04,CM,BSE,STK,542770,INE08E401029,ALPHALOGIC,B,,,,,Alphalogic Techsys Limited,40.68,40.68,39.12,39.98,39.95,39.95,,39.98,,,2330,92447.00,48,F1,1,,,,,
2026-09-04,2026-09-04,CM,BSE,STK,542772,INE466L01038,360ONE,A,,,,,360 ONE WAM LIMITED,1148.65,1154.60,1127.35,1137.00,1137.00,1155.00,,1137.00,,,29899,34069156.00,2295,F1,1,,,,,
2026-09-04,2026-09-04,CM,BSE,STK,542773,INE489L01022,IIFLCAPS,A,,,,,IIFL CAPITAL SERVICES LIMITED,334.15,341.90,334.15,340.50,341.20,338.00,,341.19,,,9145,3110698.00,341,F1,1,,,,,
2026-09-04,2026-09-04,CM,BSE,STK,542774,INE08KJ01020,MUFIN,B,,,,,MUFIN GREEN FINANCE LIMITED,138.00,138.75,136.50,137.80,137.80,137.10,,137.56,,,39321,5420031.00,681,F1,1,,,,,
2026-09-04,2026-09-04,CM,BSE,STK,542802,INE906Y01028,GALACTICO,B,,,,,Galactico Corporate Services L,2.35,2.38,2.11,2.19,2.22,2.35,,2.19,,,209805,472782.00,329,F1,1,,,,,
2026-09-04,2026-09-04,CM,BSE,STK,542803,INE560T01015,VEL,X,,,,,Vaxfab Enterprises Limited,69.00,69.00,65.10,65.13,65.10,65.37,,65.13,,,8050,533022.00,82,F1,1,,,,,
2026-09-04,2026-09-04,CM,BSE,STK,542812,INE09N301011,FLUOROCHEM,A,,,,,Gujarat Fluorochemicals Limite,4810.90,4848.00,4465.00,4553.45,4550.00,4691.60,,4553.98,,,16363,75709517.00,2318,F1,1,,,,,
2026-09-04,2026-09-04,CM,BSE,STK,542830,INE335Y01020,IRCTC,A,,,,,Indian Railway Catering and To,476.00,478.75,474.40,476.25,476.25,474.40,,476.07,,,47189,22465360.00,1660,F1,1,,,,,
2026-09-04,2026-09-04,CM,BSE,STK,542850,INE492Z01018,GOBLIN,M,,,,,GOBLIN INDIA LIMITED,12.01,12.01,12.00,12.00,12.01,11.44,,12.00,,,26000,312180.00,11,F1,2000,,,,,
2026-09-04,2026-09-04,CM,BSE,STK,542851,INE06H201014,GENSOL,Z,,,,,Gensol Engineering Limited,17.85,17.88,17.00,17.46,17.46,17.03,,17.28,,,16666,290164.00,106,F1,1,,,,,
2026-09-04,2026-09-04,CM,BSE,STK,542852,INE430N01022,VISHWARAJ,B,,,,,Vishwaraj Sugar Industries Lim,6.14,6.14,5.75,5.88,5.90,5.95,,5.90,,,69020,405981.00,198,F1,1,,,,,
2026-09-04,2026-09-04,CM,BSE,STK,542857,INE08ZM01014,GREENPANEL,B,,,,,Greenpanel Industries Limited,160.00,161.65,157.00,158.40,158.05,157.40,,158.32,,,18184,2888693.00,422,F1,1,,,,,
2026-09-04,2026-09-04,CM,BSE,STK,542862,INE052001026,SHAHLON,X,,,,,Shahlon Silk Industries Limite,24.00,24.80,23.80,24.00,24.00,23.80,,24.00,,,2301,54810.00,9,F1,1,,,,,
2026-09-04,2026-09-04,CM,BSE,STK,542863,INF209KB17D5,ABSLBANETF,B,,,,,Aditya Birla Sun Life Mutual F,59.22,59.50,58.96,59.47,59.39,59.16,,59.06,,,12,710.00,6,F1,1,,,,,
2026-09-04,2026-09-04,CM,BSE,STK,542865,INE490Z01012,ANUROOP,B,,,,,Anuroop Packaging Limited,11.55,11.55,9.56,10.82,10.90,10.75,,10.82,,,28334,301186.00,91,F1,1,,,,,
2026-09-04,2026-09-04,CM,BSE,STK,542867,INE679A01013,CSBBANK,A,,,,,CSB Bank Limited,325.00,331.15,321.00,328.15,327.00,324.90,,328.54,,,21679,7076047.00,535,F1,1,,,,,
2026-09-04,2026-09-04,CM,BSE,STK,542904,INE551W01018,UJJIVANSFB,A,,,,,Ujjivan Small Finance Bank Lim,63.01,64.85,62.92,64.43,64.43,62.98,,64.43,,,720460,46132469.00,3616,F1,1,,,,,
2026-09-04,2026-09-04,CM,BSE,STK,542905,INE05AN01011,HINDWAREAP,B,,,,,Hindware Home Innovation Limit,187.95,187.95,181.20,182.40,182.40,185.15,,182.61,,,5277,969063.00,199,F1,1,,,,,
2026-09-04,2026-09-04,CM,BSE,STK,542907,INE689W01016,PRINCEPIPE,B,,,,,Prince Pipes and Fittings Limi,289.95,289.95,281.10,282.80,282.80,289.55,,282.99,,,16478,4685506.00,615,F1,1,,,,,
2026-09-04,2026-09-04,CM,BSE,STK,542909,INF754K01KO2,EBBETF0430,F,,,,,Edelweiss Mutual Fund,1610.09,1611.02,1604.08,1605.40,1605.15,1608.62,,1608.46,,,392,630393.00,92,F1,1,,,,,
2026-09-04,2026-09-04,CM,BSE,STK,542911,INE165G01010,ASSAMENT,B,,,,,Assam Entrade Limited,845.75,845.75,766.00,766.00,766.00,805.50,,798.00,,,2,1611.00,2,F1,1,,,,,
2026-09-04,2026-09-04,CM,BSE,STK,542918,INE063601012,GIANLIFE,Z,,,,,Gian Life Care Limited,4.93,4.93,4.70,4.82,4.82,4.86,,4.82,,,5973,28130.00,28,F1,1,,,,,
2026-09-04,2026-09-04,CM,BSE,STK,542919,INE025R01021,ARTEMISMED,B,,,,,Artemis Medicare Services Limi,325.00,339.40,318.85,332.70,332.10,319.80,,332.79,,,75380,25184566.00,1475,F1,1,,,,,
2026-09-04,2026-09-04,CM,BSE,STK,542920,INE258G01013,SUMICHEM,A,,,,,SUMITOMO CHEMICAL INDIA LIMITE,500.35,504.00,491.50,493.60,499.50,498.70,,493.41,,,13376,6656051.00,677,F1,1,,,,,
2026-09-04,2026-09-04,CM,BSE,STK,542921,INF109KC11W8,MIDCAPIETF,B,,,,,ICICI Prudential Mutual Fund,24.11,24.17,23.85,24.02,23.85,24.09,,24.06,,,45111,1086505.00,188,F1,1,,,,,
2026-09-04,2026-09-04,CM,BSE,STK,542922,INF769K01FN2,NEXT50,B,,,,,Mirae Asset Mutual Fund,756.22,756.45,753.35,754.22,754.39,754.29,,755.09,,,819,618811.00,30,F1,1,,,,,
2026-09-04,2026-09-04,CM,BSE,STK,542933,INE03V001013,UNIVPHOTO,T,,,,,UNIVERSUS PHOTO IMAGINGS LIMIT,470.00,493.50,451.00,493.50,493.50,470.00,,491.47,,,1522,747815.00,45,F1,1,,,,,
2026-09-04,2026-09-04,CM,BSE,STK,543064,INE03QK01018,COHANCE,A,,,,,Cohance Lifesciences Limited,462.60,469.80,453.40,456.55,456.40,460.15,,456.60,,,34569,16004975.00,1198,F1,1,,,,,
2026-09-04,2026-09-04,CM,BSE,STK,543066,INE018E01016,SBICARD,A,,,,,SBI CARDS AND PAYMENT SERVICES,661.00,668.45,656.45,657.90,657.90,657.00,,658.25,,,51402,34020057.00,1755,F1,1,,,,,
2026-09-04,2026-09-04,CM,BSE,STK,543071,INF204KB10R1,07AGG,F,,,,,Nippon India Mutual Fund,13.20,13.20,13.09,13.10,13.10,12.02,,13.10,,,4,52.00,3,F1,1,,,,,
2026-09-04,2026-09-04,CM,BSE,STK,543079,INF204KB16R8,07GPG,F,,,,,Nippon India Mutual Fund,3.53,3.53,2.90,3.46,3.46,3.21,,3.46,,,3269,9734.00,16,F1,1,,,,,
2026-09-04,2026-09-04,CM,BSE,STK,543083,INF204KB10P5,09MPD,F,,,,,Nippon India Mutual Fund,3.12,3.12,3.12,3.12,3.12,2.84,,3.12,,,1,3.00,1,F1,1,,,,,
2026-09-04,2026-09-04,CM,BSE,STK,543092,INF204KB19O9,09GPG,F,,,,,Nippon India Mutual Fund,4.86,4.86,4.86,4.86,4.86,4.42,,4.86,,,107,520.00,3,F1,1,,,,,
2026-09-04,2026-09-04,CM,BSE,STK,543099,INF789F1ARF0,UTCRFS2DGR,F,,,,,UTI Mutual Fund,25.82,28.68,25.82,28.68,28.68,28.68,,28.68,,,24,622.00,2,F1,1,,,,,
2026-09-04,2026-09-04,CM,BSE,STK,543110,INF789F1ARQ7,UTCRFS2RGR,F,,,,,UTI Mutual Fund,6.36,6.36,6.35,6.35,6.35,5.79,,6.35,,,2,12.00,2,F1,1,,,,,
2026-09-04,2026-09-04,CM,BSE,STK,543144,INF204KB11T5,08MPD,B,,,,,Nippon India Mutual Fund,5.04,5.04,4.83,4.85,4.86,4.61,,4.85,,,208,1011.00,8,F1,1,,,,,
2026-09-04,2026-09-04,CM,BSE,STK,543150,INF204KB16S6,08GPG,B,,,,,Nippon India Mutual Fund,2.30,2.42,1.98,2.19,2.20,2.20,,2.19,,,10378,22477.00,36,F1,1,,,,,
2026-09-04,2026-09-04,CM,BSE,STK,543153,INF204KB18R4,08AGG,B,,,,,Nippon India Mutual Fund,30.98,30.98,30.96,30.96,30.96,30.98,,30.96,,,101,3128.00,2,F1,1,,,,,
2026-09-04,2026-09-04,CM,BSE,STK,543161,INF204KB14P7,10AGG,F,,,,,Nippon India Mutual Fund,107.50,108.87,107.50,108.50,108.50,108.87,,108.50,,,131,14210.00,12,F1,1,,,,,
2026-09-04,2026-09-04,CM,BSE,STK,543165,INF204KB17P0,10ARD,F,,,,,Nippon India Mutual Fund,86.83,86.83,86.83,86.83,86.83,86.74,,86.83,,,9,781.00,1,F1,1,,,,,
2026-09-04,2026-09-04,CM,BSE,STK,543167,INF204KB19P6,10GPG,F,,,,,Nippon India Mutual Fund,2.20,2.20,1.80,1.99,1.99,2.00,,1.99,,,20402,36753.00,25,F1,1,,,,,
2026-09-04,2026-09-04,CM,BSE,STK,543171,INE0BDU01028,ROJL,B,,,,,RO Jewels Limited,1.55,1.55,1.50,1.50,1.50,1.55,,1.50,,,12694,19178.00,36,F1,1,,,,,
2026-09-04,2026-09-04,CM,BSE,STK,543172,INE0CQB01010,COSPOWER,MT,,,,,Cospower Engineering Limited,1960.00,2058.00,1960.00,2045.00,2045.00,1960.00,,2045.00,,,1250,2546750.00,10,F1,125,,,,,
2026-09-04,2026-09-04,CM,BSE,STK,543173,INF204KB14U7,11DPR,B,,,,,Nippon India Mutual Fund,13.89,13.89,13.78,13.82,13.82,13.62,,13.82,,,14,193.00,5,F1,1,,,,,
2026-09-04,2026-09-04,CM,BSE,STK,543174,INF204KB10U5,11GPG,B,,,,,Nippon India Mutual Fund,1.65,1.73,1.50,1.66,1.72,1.65,,1.66,,,57846,90859.00,82,F1,1,,,,,
2026-09-04,2026-09-04,CM,BSE,STK,543175,INF204KB15U4,11MPD,B,,,,,Nippon India Mutual Fund,2.73,2.73,2.55,2.72,2.72,2.74,,2.72,,,3929,10038.00,12,F1,1,,,,,
2026-09-04,2026-09-04,CM,BSE,STK,543176,INF204KB16U2,11MPR,B,,,,,Nippon India Mutual Fund,70.16,70.16,61.39,61.39,61.39,63.79,,61.39,,,38,2359.00,7,F1,1,,,,,
2026-09-04,2026-09-04,CM,BSE,STK,543177,INF204KB11U3,11QPD,B,,,,,Nippon India Mutual Fund,7.00,7.00,6.90,6.90,6.90,6.74,,6.90,,,198,1367.00,11,F1,1,,,,,
2026-09-04,2026-09-04,CM,BSE,STK,543178,INF204KB12U1,11QPR,B,,,,,Nippon India Mutual Fund,38.60,47.16,38.60,38.64,47.16,42.88,,38.64,,,243,9388.00,12,F1,1,,,,,
2026-09-04,2026-09-04,CM,BSE,STK,543181,INF204KB13T1,11AGG,B,,,,,Nippon India Mutual Fund,25.29,27.79,22.86,25.18,27.50,25.29,,25.18,,,910,23993.00,9,F1,1,,,,,
2026-09-04,2026-09-04,CM,BSE,STK,543182,INF204KB18T0,11AMD,B,,,,,Nippon India Mutual Fund,29.90,32.84,29.90,30.95,30.95,29.90,,30.95,,,10,312.00,8,F1,1,,,,,
2026-09-04,2026-09-04,CM,BSE,STK,543184,INF204KB14T9,11AQD,B,,,,,Nippon India Mutual Fund,31.44,31.44,28.65,28.98,28.98,28.65,,28.98,,,13,383.00,7,F1,1,,,,,
2026-09-04,2026-09-04,CM,BSE,STK,543186,INF204KB13U9,11DPD,B,,,,,Nippon India Mutual Fund,5.39,5.49,4.68,4.68,4.68,5.19,,4.68,,,5556,26041.00,24,F1,1,,,,,
2026-09-04,2026-09-04,CM,BSE,STK,543187,INE07Y701011,POWERINDIA,A,,,,,HITACHI ENERGY INDIA LIMITED,32010.00,32200.00,31550.00,31650.00,31650.00,32030.05,,31650.00,,,4916,156180896.00,1894,F1,1,,,,,
2026-09-04,2026-09-04,CM,BSE,STK,543193,INE0B1K01014,DJML,B,,,,,DJ Mediaprint & Logistics Limi,71.66,76.50,71.28,75.36,75.65,71.47,,75.64,,,35506,2666714.00,703,F1,1,,,,,
2026-09-04,2026-09-04,CM,BSE,STK,543194,INE0CPQ01010,NIRMITEE,MS,,,,,Nirmitee Robotics India Limite,130.00,130.00,130.00,130.00,130.00,108.70,,130.00,,,900,117000.00,1,F1,900,,,,,
2026-09-04,2026-09-04,CM,BSE,STK,543207,INE06MM01016,NATURAL,X,,,,,Natural Biocon (India) Limited,3.67,3.67,3.53,3.58,3.58,3.52,,3.58,,,8044,29083.00,72,F1,1,,,,,
2026-09-04,2026-09-04,CM,BSE,STK,543208,INE745R01024,REGIS,X,,,,,REGIS INDUSTRIES LIMITED,2.14,2.14,2.05,2.07,2.12,2.07,,2.07,,,29176,60604.00,91,F1,1,,,,,
2026-09-04,2026-09-04,CM,BSE,STK,543209,INE0CRS01012,BILLWIN,M,,,,,Billwin Industries Limited,19.50,19.50,19.50,19.50,19.50,20.09,,19.50,,,12000,234000.00,3,F1,3000,,,,,
2026-09-04,2026-09-04,CM,BSE,STK,543210,INE09EO01013,AARTISURF,T,,,,,Aarti Surfactants Limited,558.90,559.90,537.00,542.70,541.35,544.10,,548.27,,,1760,968585.00,49,F1,1,,,,,
2026-09-04,2026-09-04,CM,BSE,STK,543211,INE0B9A01018,BONLON,B,,,,,BONLON INDUSTRIES LIMITED,40.20,41.89,40.02,40.22,40.22,40.20,,40.14,,,704,28340.00,12,F1,1,,,,,
2026-09-04,2026-09-04,CM,BSE,STK,543212,INE02PY01013,BOROLTD,B,,,,,Borosil Limited,248.00,259.70,247.80,258.50,259.65,249.05,,258.89,,,45049,11560390.00,575,F1,1,,,,,
2026-09-04,2026-09-04,CM,BSE,STK,543213,INE02A801020,ROSSARI,B,,,,,ROSSARI BIOTECH LIMITED,462.75,466.40,456.90,460.90,462.30,456.95,,460.31,,,3450,1591326.00,172,F1,1,,,,,
2026-09-04,2026-09-04,CM,BSE,STK,543214,INE07OG01012,NDRAUTO,B,,,,,NDR Auto Components Limited,719.50,729.45,715.75,723.15,720.00,725.10,,723.45,,,1471,1062164.00,113,F1,1,,,,,
2026-09-04,2026-09-04,CM,BSE,STK,543216,INF754K01LE1,EBBETF0431,F,,,,,Edelweiss Mutual Fund,1443.50,1443.89,1437.70,1440.00,1437.70,1428.48,,1440.42,,,20,28836.00,12,F1,1,,,,,
2026-09-04,2026-09-04,CM,BSE,STK,543217,INE0CCU25019,MINDSPACE,IF,,,,,Mindspace Business Parks REIT,500.10,504.89,500.10,501.20,501.70,499.28,,501.11,,,9924,4987098.00,898,F1,1,,,,,
2026-09-04,2026-09-04,CM,BSE,STK,543218,INE05ST01028,SBGLP,B,,,,,SURATWWALA BUSINESS GROUP LIMI,24.23,24.23,24.00,24.00,24.00,25.00,,23.96,,,30,725.00,2,F1,1,,,,,
2026-09-04,2026-09-04,CM,BSE,STK,543219,INF109KC17V7,ALPL30IETF,B,,,,,ICICI Prudential Mutual Fund,27.63,27.71,27.57,27.59,27.58,27.83,,27.59,,,10340,285669.00,113,F1,1,,,,,
2026-09-04,2026-09-04,CM,BSE,STK,543220,INE027H01010,MAXHEALTH,A,,,,,Max Healthcare Institute Limit,995.95,1000.00,981.35,985.00,985.00,994.20,,984.80,,,107592,106735864.00,3194,F1,1,,,,,
2026-09-04,2026-09-04,CM,BSE,STK,543221,INF109KC16I6,ITIETF,B,,,,,ICICI Prudential Mutual Fund,33.96,34.73,33.96,34.09,34.06,34.25,,34.01,,,5816,200275.00,69,F1,1,,,,,
2026-09-04,2026-09-04,CM,BSE,STK,543223,INE0CG601016,MAXIND,B,,,,,Max India Limited,152.45,153.75,150.30,150.30,150.30,152.40,,150.66,,,1375,209112.00,51,F1,1,,,,,
2026-09-04,2026-09-04,CM,BSE,STK,543224,INF179KC1HY0,HDFCNIFBAN,B,,,,,HDFC Mutual Fund,58.88,59.54,58.88,59.52,59.42,59.46,,59.22,,,1652,97978.00,32,F1,1,,,,,
2026-09-04,2026-09-04,CM,BSE,STK,543225,INE0BWS23018,ALTIUSINVIT,IF,,,,,Altius Telecom Infrastructure,176.00,178.00,176.00,178.00,178.00,179.50,,178.00,,,150000,26550000.00,6,F1,25000,,,,,
2026-09-04,2026-09-04,CM,BSE,STK,543226,INF789F1AUV1,BANKBETA,B,,,,,UTI Mutual Fund,59.54,59.73,59.50,59.53,59.54,59.47,,59.57,,,2879,171428.00,14,F1,1,,,,,
2026-09-04,2026-09-04,CM,BSE,STK,543227,INE419U01012,HAPPSTMNDS,A,,,,,Happiest Minds Technologies Li,355.00,358.00,352.60,354.35,354.35,353.95,,354.02,,,94006,33306198.00,1946,F1,1,,,,,
2026-09-04,2026-09-04,CM,BSE,STK,543228,INE450U01017,ROUTE,B,,,,,Route Mobile Limited,502.10,508.15,500.70,501.40,501.00,503.60,,501.54,,,2254,1134663.00,206,F1,1,,,,,
2026-09-04,2026-09-04,CM,BSE,STK,543229,INE412J01010,SAMRATFORG,X,,,,,Samrat Forgings Limited,242.00,242.00,242.00,242.00,242.00,242.00,,242.00,,,1,242.00,1,F1,1,,,,,
2026-09-04,2026-09-04,CM,BSE,STK,543230,INE0ALI01010,ADVAIT,B,,,,,ADVAIT ENERGY TRANSITIONS LIMI,2260.40,2260.40,2135.25,2155.70,2150.00,2208.55,,2151.63,,,5995,13123075.00,803,F1,1,,,,,
2026-09-04,2026-09-04,CM,BSE,STK,543231,INE0CHO01012,ADL,B,,,,,Archidply Decor Limited,72.14,72.14,72.00,72.00,72.00,77.38,,72.00,,,15,1081.00,3,F1,1,,,,,
2026-09-04,2026-09-04,CM,BSE,STK,543232,INE596I01020,CAMS,A,,,,,Computer Age Management Servic,749.00,757.10,746.25,748.10,748.10,749.00,,748.60,,,59168,44464442.00,2756,F1,1,,,,,
2026-09-04,2026-09-04,CM,BSE,STK,543233,INE03YM01018,CHEMCON,T,,,,,Chemcon Speciality Chemicals L,202.30,202.30,197.00,199.45,200.40,202.30,,198.39,,,2310,459687.00,62,F1,1,,,,,
2026-09-04,2026-09-04,CM,BSE,STK,543234,INE0BTM01013,SECMARK,B,,,,,Secmark Consultancy Limited,152.50,152.50,146.60,146.60,146.60,149.05,,144.40,,,158,23837.00,6,F1,1,,,,,
2026-09-04,2026-09-04,CM,BSE,STK,543235,INE732I01021,ANGELONE,A,,,,,ANGEL ONE LIMITED,294.90,308.20,294.85,298.00,298.00,285.95,,299.77,,,2666450,803215342.00,16185,F1,1,,,,,
2026-09-04,2026-09-04,CM,BSE,STK,543236,INE09KD01013,ATAM,B,,,,,Atam Valves Limited,56.00,58.00,50.40,53.52,52.35,54.82,,53.07,,,5815,317632.00,81,F1,1,,,,,
2026-09-04,2026-09-04,CM,BSE,STK,543237,INE249Z01020,MAZDOCK,A,,,,,Mazagon Dock Shipbuilders Limi,2496.60,2545.00,2476.65,2477.00,2477.00,2473.00,,2475.05,,,50608,127284482.00,3912,F1,1,,,,,
2026-09-04,2026-09-04,CM,BSE,STK,543238,INE094J01016,UTIAMC,A,,,,,UTI Asset Management Company L,878.00,886.00,878.00,880.20,881.00,880.45,,880.52,,,5601,4940117.00,465,F1,1,,,,,
2026-09-04,2026-09-04,CM,BSE,STK,543239,INE0E2801015,GMPL,M,,,,,G M Polyplast Limited,56.75,58.50,52.30,58.50,58.50,63.97,,58.50,,,4200,234395.00,6,F1,700,,,,,
2026-09-04,2026-09-04,CM,BSE,STK,543240,INE060901027,LIKHITHA,B,,,,,Likhitha Infrastructure Limite,202.75,207.70,202.75,205.00,206.05,204.15,,204.84,,,2639,542220.00,118,F1,1,,,,,
2026-09-04,2026-09-04,CM,BSE,STK,543241,INE244W01010,VGIL,B,,,,,Veer Global Infraconstruction,137.95,140.05,137.55,139.70,139.50,137.50,,139.70,,,2637,368638.00,27,F1,1,,,,,
2026-09-04,2026-09-04,CM,BSE,STK,543242,INE0AJG01018,HEMIPROP,B,,,,,Hemisphere Properties India Li,126.70,127.70,126.00,126.80,126.45,125.90,,126.56,,,9810,1241279.00,180,F1,1,,,,,
2026-09-04,2026-09-04,CM,BSE,STK,543243,INE063P01018,EQUITASBNK,A,,,,,Equitas Small Finance Bank Lim,72.87,73.96,72.78,73.00,73.47,73.17,,72.95,,,59228,4350113.00,773,F1,1,,,,,
2026-09-04,2026-09-04,CM,BSE,STK,543244,INE0BLY01023,SHINEFASH,M,,,,,Shine Fashions (India) Limited,25.95,25.95,25.95,25.95,25.95,26.00,,25.95,,,4000,103800.00,1,F1,4000,,,,,
2026-09-04,2026-09-04,CM,BSE,STK,543245,INE068V01023,GLAND,A,,,,,Gland Pharma Limited,2929.70,2969.85,2826.60,2932.40,2932.40,2904.85,,2932.40,,,10754687,30465277733.00,30819,F1,1,,,,,
2026-09-04,2026-09-04,CM,BSE,STK,543246,INF769K01GS9,ESG,B,,,,,Mirae Asset Mutual Fund,41.14,41.23,41.08,41.10,41.10,41.12,,41.15,,,932,38297.00,7,F1,1,,,,,
2026-09-04,2026-09-04,CM,BSE,STK,543248,INE07T201019,RBA,A,,,,,Restaurant Brands Asia Limited,98.17,101.12,96.60,97.04,96.78,97.89,,97.15,,,114751,11334918.00,1099,F1,1,,,,,
2026-09-04,2026-09-04,CM,BSE,STK,543249,INE0EK901012,TARC,B,,,,,TARC LIMITED,124.05,127.70,124.00,127.10,126.85,124.20,,127.00,,,27795,3517867.00,390,F1,1,,,,,
2026-09-04,2026-09-04,CM,BSE,STK,543250,INF247L01AK4,MOGSEC,F,,,,,Motilal Oswal Mutual Fund,65.77,65.79,65.06,65.73,65.69,65.05,,65.70,,,1280,83691.00,1265,F1,1,,,,,
2026-09-04,2026-09-04,CM,BSE,STK,543251,INE09E501017,RVHL,B,,,,,Ravinder Heights Limited,39.20,39.30,39.20,39.30,39.30,40.65,,39.75,,,549,21530.00,41,F1,1,,,,,
2026-09-04,2026-09-04,CM,BSE,STK,543252,INE0DNW01011,FAIRCHEMOR,T,,,,,Fairchem Organics Limited,667.90,667.90,655.80,658.00,658.00,668.90,,658.00,,,150,98608.00,14,F1,1,,,,,
2026-09-04,2026-09-04,CM,BSE,STK,543253,INE495P01020,BECTORFOOD,B,,,,,Mrs. Bectors Food Specialities,231.15,231.60,225.50,225.95,226.05,229.40,,225.96,,,61970,14155727.00,767,F1,1,,,,,
2026-09-04,2026-09-04,CM,BSE,STK,543254,INE01BK01022,AWHCL,B,,,,,Antony Waste Handling Cell Lim,374.25,374.50,368.40,370.45,370.75,371.55,,370.79,,,4786,1777425.00,309,F1,1,,,,,
2026-09-04,2026-09-04,CM,BSE,STK,543255,INF732E01268,INFRABEES,B,,,,,Nippon India Mutual Fund,955.00,959.83,950.20,954.50,950.20,955.16,,956.37,,,1172,1118254.00,63,F1,1,,,,,
2026-09-04,2026-09-04,CM,BSE,STK,543256,INE018S01016,RFLL,X,,,,,RITA FINANCE AND LEASING LIMIT,11.49,11.49,10.45,10.48,10.45,10.99,,10.48,,,58038,628313.00,51,F1,1,,,,,
2026-09-04,2026-09-04,CM,BSE,STK,543257,INE053F01010,IRFC,A,,,,,Indian Railway Finance Corpora,83.20,83.90,82.75,83.60,83.60,82.55,,83.40,,,523680,43636746.00,3496,F1,1,,,,,
2026-09-04,2026-09-04,CM,BSE,STK,543258,INE09VQ01012,INDIGOPNTS,A,,,,,Indigo Paints Limited,1183.00,1192.00,1171.05,1185.55,1188.10,1183.55,,1185.79,,,3784,4481109.00,389,F1,1,,,,,
2026-09-04,2026-09-04,CM,BSE,STK,543259,INE481N01025,HOMEFIRST,A,,,,,Home First Finance Company Ind,1218.65,1226.15,1195.00,1210.10,1208.10,1200.25,,1210.10,,,27489,33293209.00,898,F1,1,,,,,
2026-09-04,2026-09-04,CM,BSE,STK,543260,INE00IN01015,STOVEKRAFT,B,,,,,STOVE KRAFT LIMITED,843.50,851.20,824.00,831.15,833.05,840.25,,832.46,,,8794,7340852.00,421,F1,1,,,,,
2026-09-04,2026-09-04,CM,BSE,STK,543261,INE0FDU25010,BIRET,IF,,,,,Brookfield India Real Estate T,346.00,346.00,339.50,341.55,342.00,343.83,,341.79,,,209257,71762795.00,694,F1,1,,,,,
2026-09-04,2026-09-04,CM,BSE,STK,543262,INE0D7801012,MRP,M,,,,,MRP Agro Limited,88.00,91.00,88.00,91.00,91.00,88.00,,91.00,,,33000,2985190.00,15,F1,1000,,,,,
2026-09-04,2026-09-04,CM,BSE,STK,543263,INE103C01036,SMCGLOBAL,B,,,,,SMC Global Securities Limited,79.60,81.81,78.96,81.02,80.64,79.09,,81.25,,,48010,3832793.00,217,F1,1,,,,,
2026-09-04,2026-09-04,CM,BSE,STK,543264,INE0DSF01015,NURECA,T,,,,,Nureca Limited,331.90,334.00,320.85,325.00,325.00,334.00,,322.72,,,614,199466.00,44,F1,1,,,,,
2026-09-04,2026-09-04,CM,BSE,STK,543265,INE0DD101019,RAILTEL,A,,,,,RailTel Corporation of India L,271.00,273.75,270.00,271.15,271.50,271.00,,271.06,,,67620,18382410.00,1678,F1,1,,,,,
2026-09-04,2026-09-04,CM,BSE,STK,543266,INE694N01015,HERANBA,B,,,,,Heranba Industries Limited,175.50,178.70,173.10,175.10,175.10,176.00,,173.83,,,1548,269283.00,179,F1,1,,,,,
2026-09-04,2026-09-04,CM,BSE,STK,543267,INE179G01029,DAVANGERE,B,,,,,Davangere Sugar Company Limite,2.03,2.07,1.95,1.97,1.97,2.05,,1.96,,,1719495,3433295.00,865,F1,1,,,,,
2026-09-04,2026-09-04,CM,BSE,STK,543268,INE03RS01027,DRCSYSTEMS,B,,,,,DRC Systems India Limited,13.69,13.75,13.50,13.75,13.75,13.39,,13.67,,,6111,84004.00,14,F1,1,,,,,
2026-09-04,2026-09-04,CM,BSE,STK,543270,INE864I01014,MTARTECH,T,,,,,MTAR Technologies Limited,6949.95,7149.35,6750.50,7149.35,7149.35,6808.95,,7160.98,,,11560,81789523.00,1661,F1,1,,,,,
2026-09-04,2026-09-04,CM,BSE,STK,543271,INE0BY001018,JUBLINGREA,A,,,,,Jubilant Ingrevia Limited,699.10,699.10,679.30,681.15,679.35,690.00,,680.31,,,4099,2823087.00,225,F1,1,,,,,
2026-09-04,2026-09-04,CM,BSE,STK,543272,INE07O001026,EASEMYTRIP,B,,,,,Easy Trip Planners Limited,6.01,6.03,5.97,6.01,6.01,5.98,,6.00,,,667579,4008480.00,1132,F1,1,,,,,
2026-09-04,2026-09-04,CM,BSE,STK,543273,INE0CJD01029,KMEW,B,,,,,Knowledge Marine & Engineering,3175.00,3175.05,3010.95,3026.40,3028.00,3151.45,,3032.36,,,16095,49334850.00,2033,F1,1,,,,,
2026-09-04,2026-09-04,CM,BSE,STK,543275,INE930P01018,ANURAS,A,,,,,Anupam Rasayan India Limited,1251.95,1251.95,1234.55,1238.65,1238.65,1238.60,,1238.70,,,2755,3412195.00,76,F1,1,,,,,
2026-09-04,2026-09-04,CM,BSE,STK,543276,INE00LO01017,CRAFTSMAN,A,,,,,Craftsman Automation Limited,11222.00,11542.00,11108.05,11404.55,11380.00,11244.55,,11398.48,,,1618,18373388.00,501,F1,1,,,,,
2026-09-04,2026-09-04,CM,BSE,STK,543277,INE576O01020,LXCHEM,B,,,,,Laxmi Organic Industries Limit,175.30,176.05,171.60,172.05,172.30,175.55,,172.04,,,18685,3243808.00,413,F1,1,,,,,
2026-09-04,2026-09-04,CM,BSE,STK,543278,INE303R01014,KALYANKJIL,A,,,,,Kalyan Jewellers India Limited,589.90,605.00,585.20,598.50,598.50,585.50,,598.77,,,748715,447960383.00,11585,F1,1,,,,,
2026-09-04,2026-09-04,CM,BSE,STK,543279,INE428Q01011,SURYODAY,B,,,,,Suryoday Small Finance Bank Li,155.15,155.15,151.70,152.00,153.15,153.35,,152.07,,,8714,1330890.00,154,F1,1,,,,,
2026-09-04,2026-09-04,CM,BSE,STK,543280,INE418L01047,NAZARA,A,,,,,Nazara Technologies Limited,366.05,370.75,363.30,369.15,368.70,366.25,,368.66,,,35367,12982360.00,1558,F1,1,,,,,
2026-09-04,2026-09-04,CM,BSE,STK,543281,INE018401013,SUVIDHAA,B,,,,,Suvidhaa Infoserve Limited,2.05,2.48,2.00,2.41,2.45,2.10,,2.42,,,403355,929974.00,280,F1,1,,,,,
2026-09-04,2026-09-04,CM,BSE,STK,543283,INE382M01027,UFBL,T,,,,,UNITED FOODBRANDS LIMITED,705.15,737.00,696.30,701.40,696.30,715.95,,700.40,,,2512,1803270.00,139,F1,1,,,,,
2026-09-04,2026-09-04,CM,BSE,STK,543284,INE0CPR01018,EKI,B,,,,,EKI Energy Services Limited,75.85,76.99,73.86,74.67,74.67,74.00,,74.13,,,513,38239.00,35,F1,1,,,,,
2026-09-04,2026-09-04,CM,BSE,STK,543285,INE0CQ101015,RCAN,M,,,,,Rajeshwari Cans Limited,16.29,16.75,16.11,16.11,16.11,15.81,,16.11,,,2800,45804.00,7,F1,400,,,,,
2026-09-04,2026-09-04,CM,BSE,STK,543287,INE670K01029,LODHA,A,,,,,Lodha Developers Limited,1232.55,1237.70,1210.25,1214.40,1214.40,1220.60,,1222.00,,,77484,95094397.00,1967,F1,1,,,,,
2026-09-04,2026-09-04,CM,BSE,STK,543288,INE0FHS01024,DEEPINDS,B,,,,,Deep Industries Limited,755.20,793.55,750.00,787.00,787.00,745.35,,786.47,,,63658,49278976.00,2360,F1,1,,,,,
2026-09-04,2026-09-04,CM,BSE,STK,543290,INE0GGX23010,PGINVIT,IF,,,,,POWERGRID Infrastructure Inves,100.60,101.40,100.20,101.18,101.16,100.42,,101.17,,,101712,10252313.00,676,F1,1,,,,,
2026-09-04,2026-09-04,CM,BSE,STK,543291,INF769K01HF4,MAFANG,B,,,,,Mirae Asset Mutual Fund,207.56,207.56,207.56,207.56,207.56,207.08,,207.56,,,985,204446.00,39,F1,1,,,,,
2026-09-04,2026-09-04,CM,BSE,STK,543292,INF109KC1Q72,HEALTHIETF,B,,,,,ICICI Prudential Mutual Fund,170.00,170.18,168.20,168.80,169.00,170.24,,168.65,,,5362,906461.00,186,F1,1,,,,,
2026-09-04,2026-09-04,CM,BSE,STK,543298,INE505Y01010,VINEETLAB,B,,,,,Vineet Laboratories Limited,38.80,38.80,36.98,38.00,38.00,38.00,,37.46,,,6548,245651.00,23,F1,1,,,,,
2026-09-04,2026-09-04,CM,BSE,STK,543299,INE810G01011,SHYAMMETL,A,,,,,Shyam Metalics and Energy Limi,1072.45,1085.30,1058.55,1066.05,1068.95,1081.75,,1065.35,,,15761,16956634.00,987,F1,1,,,,,
2026-09-04,2026-09-04,CM,BSE,STK,543300,INE073K01018,SONACOMS,A,,,,,Sona BLW Precision Forgings Li,800.00,805.85,783.50,786.00,786.00,800.00,,788.61,,,74894,59373151.00,3731,F1,1,,,,,
2026-09-04,2026-09-04,CM,BSE,STK,543306,INE021O01019,DODLA,A,,,,,Dodla Dairy Limited,1074.30,1074.30,1062.05,1071.35,1062.05,1074.30,,1066.86,,,358,383387.00,37,F1,1,,,,,
2026-09-04,2026-09-04,CM,BSE,STK,543308,INE967H01025,KIMS,A,,,,,Krishna Institute of Medical S,767.65,778.15,758.55,764.15,761.95,767.40,,764.10,,,9172,7032331.00,527,F1,1,,,,,
2026-09-04,2026-09-04,CM,BSE,STK,543309,INE0H8J01015,ADESHWAR,M,,,,,Adeshwar Meditex Limited,16.25,16.30,16.25,16.30,16.30,14.70,,16.30,,,18000,293100.00,3,F1,6000,,,,,
2026-09-04,2026-09-04,CM,BSE,STK,543311,INE0D6701023,IPL,B,,,,,India Pesticides Limited,136.50,138.80,136.50,138.05,138.80,137.85,,138.32,,,9222,1274431.00,185,F1,1,,,,,
2026-09-04,2026-09-04,CM,BSE,STK,543317,INE201P01022,GRINFRA,B,,,,,G R Infraprojects Limited,888.60,888.60,867.00,870.00,868.00,870.25,,869.11,,,295,257314.00,43,F1,1,,,,,
2026-09-04,2026-09-04,CM,BSE,STK,543318,INE227W01023,CLEAN,A,,,,,Clean Science and Technology L,857.00,857.00,834.60,836.35,836.80,852.75,,836.17,,,22463,18891177.00,958,F1,1,,,,,
2026-09-04,2026-09-04,CM,BSE,STK,543320,INE758T01015,ETERNAL,A,,,,,Eternal Limited,325.95,327.50,320.80,323.00,323.00,326.55,,322.75,,,568958,184406416.00,7564,F1,1,,,,,
2026-09-04,2026-09-04,CM,BSE,STK,543321,INE0GK401011,TATVA,B,,,,,Tatva Chintan Pharma Chem Limi,1605.05,1685.00,1584.55,1679.05,1682.50,1599.00,,1678.52,,,6388,10500771.00,558,F1,1,,,,,
2026-09-04,2026-09-04,CM,BSE,STK,543322,INE03Q201024,ALIVUS,A,,,,,ALIVUS LIFE SCIENCES LIMITED,1418.00,1418.95,1363.50,1366.90,1366.35,1418.55,,1366.34,,,7413,10252568.00,574,F1,1,,,,,
2026-09-04,2026-09-04,CM,BSE,STK,543323,INF769K01HI8,BFSI,B,,,,,Mirae Asset Mutual Fund,26.94,27.24,26.80,27.15,27.15,27.00,,27.17,,,892,24222.00,171,F1,1,,,,,
2026-09-04,2026-09-04,CM,BSE,STK,543324,INE199P01028,GCSL,B,,,,,Gretex Corporate Services Limi,592.80,596.70,578.80,594.80,596.70,586.40,,595.15,,,4289,2525355.00,231,F1,1,,,,,
2026-09-04,2026-09-04,CM,BSE,STK,543325,INE645S01024,ROLEXRINGS,B,,,,,Rolex Rings Limited,175.05,176.45,171.25,171.60,172.55,174.85,,171.71,,,50396,8715795.00,860,F1,1,,,,,
2026-09-04,2026-09-04,CM,BSE,STK,543326,INF109KC19V3,FMCGIETF,B,,,,,ICICI Prudential Mutual Fund,49.50,49.70,49.35,49.54,49.63,49.47,,49.47,,,58168,2880389.00,870,F1,1,,,,,
2026-09-04,2026-09-04,CM,BSE,STK,543327,INE0GFE01026,EXXARO,B,,,,,Exxaro Tiles Limited,6.70,6.89,6.50,6.61,6.60,6.70,,6.59,,,1620611,10855572.00,257,F1,1,,,,,
2026-09-04,2026-09-04,CM,BSE,STK,543328,INE08LI01020,KRSNAA,B,,,,,Krsnaa Diagnostics Limited,555.00,560.95,550.05,559.25,559.00,547.90,,560.00,,,1837,1020544.00,90,F1,1,,,,,
2026-09-04,2026-09-04,CM,BSE,STK,543329,INE0H5O01029,WINDLAS,B,,,,,Windlas Biotech Limited,1130.45,1151.65,1119.15,1124.35,1119.55,1128.80,,1126.17,,,17256,19591200.00,1001,F1,1,,,,,
2026-09-04,2026-09-04,CM,BSE,STK,543330,INE872J01023,DEVYANI,A,,,,,Devyani International Limited,136.40,142.75,136.40,139.20,139.20,138.10,,139.28,,,189121,26520624.00,2491,F1,1,,,,,
2026-09-04,2026-09-04,CM,BSE,STK,543331,INE0CT101020,MOL,B,,,,,Meghmani Organics Limited,68.55,68.69,66.35,66.74,66.54,67.42,,66.66,,,103313,6964594.00,689,F1,1,,,,,
2026-09-04,2026-09-04,CM,BSE,STK,543332,INE071N01016,EPIGRAL,B,,,,,Epigral Limited,1228.00,1253.00,1213.85,1219.05,1230.10,1240.05,,1219.69,,,2200,2713788.00,225,F1,1,,,,,
2026-09-04,2026-09-04,CM,BSE,STK,543333,INE290S01011,CARTRADE,A,,,,,CarTrade Tech Limited,2990.00,3051.50,2950.00,3001.75,3001.75,2991.60,,3000.25,,,12734,38242308.00,1250,F1,1,,,,,
2026-09-04,2026-09-04,CM,BSE,STK,543334,INE118D01016,NUVOCO,A,,,,,Nuvoco Vistas Corporation Limi,338.20,354.40,338.15,352.15,352.15,337.95,,352.15,,,1002565,349049044.00,1634,F1,1,,,,,
2026-09-04,2026-09-04,CM,BSE,STK,543335,INE852O01025,APTUS,A,,,,,Aptus Value Housing Finance In,256.30,261.95,256.00,258.35,258.55,257.40,,258.84,,,124677,32289427.00,2714,F1,1,,,,,
2026-09-04,2026-09-04,CM,BSE,STK,543336,INE488A01050,CHEMPLASTS,B,,,,,Chemplast Sanmar Limited,170.40,172.55,168.15,170.30,170.45,167.25,,170.29,,,22825,3873741.00,515,F1,1,,,,,
2026-09-04,2026-09-04,CM,BSE,STK,543341,INE647W01014,SHARPLINE,X,,,,,SHARPLINE BROADCAST LIMITED,10.25,10.25,9.20,9.43,9.50,9.85,,9.43,,,1556,14747.00,15,F1,1,,,,,
2026-09-04,2026-09-04,CM,BSE,STK,543347,INF846K01Y96,ITAXIS,B,,,,,Axis Mutual Fund,343.16,343.16,337.31,337.36,337.31,337.61,,339.02,,,69,23444.00,8,F1,1,,,,,
2026-09-04,2026-09-04,CM,BSE,STK,543348,INF846K01Z12,HEALTHAXIS,B,,,,,Axis Mutual Fund,167.67,168.80,166.41,168.64,168.63,170.89,,167.06,,,387,64706.00,25,F1,1,,,,,
2026-09-04,2026-09-04,CM,BSE,STK,543349,INE00FF01025,ACUTAAS,A,,,,,ACUTAAS CHEMICALS LIMITED,3226.00,3226.00,3160.00,3166.30,3164.45,3199.45,,3168.42,,,6858,21834498.00,667,F1,1,,,,,
2026-09-04,2026-09-04,CM,BSE,STK,543350,INE043W01024,VIJAYA,A,,,,,Vijaya Diagnostic Centre Limit,1507.35,1510.00,1490.00,1496.35,1490.00,1505.95,,1493.58,,,4323,6490506.00,403,F1,1,,,,,
2026-09-04,2026-09-04,CM,BSE,STK,543351,INE0GOA01018,NBL,TS,,,,,Naapbooks Limited,135.05,135.25,134.05,135.20,135.25,141.10,,135.20,,,27600,3726240.00,12,F1,1200,,,,,
2026-09-04,2026-09-04,CM,BSE,STK,543357,INF846K016C7,CONSUMAXIS,B,,,,,Axis Mutual Fund,122.47,122.47,121.13,121.13,121.13,122.95,,119.02,,,35,4279.00,2,F1,1,,,,,
2026-09-04,2026-09-04,CM,BSE,STK,543358,INE953O01021,SANSERA,A,,,,,Sansera Engineering Limited,3833.45,3833.45,3730.95,3779.70,3771.40,3787.10,,3782.42,,,7047,26593426.00,775,F1,1,,,,,
2026-09-04,2026-09-04,CM,BSE,STK,543363,INE0GAO01018,PREVEST,M,,,,,Prevest Denpro Limited,389.70,390.00,376.00,381.85,380.00,389.70,,381.85,,,17200,6610050.00,44,F1,200,,,,,
2026-09-04,2026-09-04,CM,BSE,STK,543364,INE0FW001016,MARKOLINES,B,,,,,Markolines Pavement Technologi,172.00,172.90,170.65,171.95,172.00,171.60,,171.90,,,20955,3599946.00,330,F1,1,,,,,
2026-09-04,2026-09-04,CM,BSE,STK,543365,INF769K01HP3,MASPTOP50,B,,,,,Mirae Asset Mutual Fund,79.86,79.86,79.86,79.86,79.86,79.26,,79.86,,,2404,191983.00,13,F1,1,,,,,
2026-09-04,2026-09-04,CM,BSE,STK,543366,INE0DLM01024,SBLI,M,,,,,SBL Infratech Limited,45.70,48.10,45.70,48.10,48.10,47.00,,48.10,,,2400,112560.00,2,F1,1200,,,,,
2026-09-04,2026-09-04,CM,BSE,STK,543367,INE045601023,PARAS,A,,,,,Paras Defence and Space Techno,1406.20,1439.95,1406.20,1414.15,1415.40,1411.80,,1414.86,,,37094,52784573.00,2148,F1,1,,,,,
2026-09-04,2026-09-04,CM,BSE,STK,543373,INE0HLJ01013,SVRL,T,,,,,Shri Venkatesh Refineries Limi,515.00,515.00,486.85,499.00,499.00,512.45,,499.00,,,33650,16911484.00,52,F1,1,,,,,
2026-09-04,2026-09-04,CM,BSE,STK,543374,INE404A01024,ABSLAMC,A,,,,,Aditya Birla Sun Life AMC Limi,1052.95,1065.95,1036.15,1062.30,1062.60,1045.10,,1062.30,,,5081,5347911.00,535,F1,1,,,,,
2026-09-04,2026-09-04,CM,BSE,STK,543375,INE0I2F01015,PROMAX,M,,,,,Promax Power Limited,12.10,12.45,12.10,12.45,12.45,12.48,,12.45,,,5000,61375.00,2,F1,2500,,,,,
2026-09-04,2026-09-04,CM,BSE,STK,543376,INE0GD201014,SAMOR,B,,,,,Samor Reality Limited,91.95,91.95,89.00,90.10,91.95,90.00,,90.10,,,1946,175359.00,12,F1,1,,,,,
2026-09-04,2026-09-04,CM,BSE,STK,543377,INE0CWK01019,ADISHAKTI,M,,,,,Adishakti Loha and Ispat Limit,6.20,6.79,6.15,6.36,6.15,6.50,,6.36,,,210000,1325600.00,18,F1,10000,,,,,
2026-09-04,2026-09-04,CM,BSE,STK,543378,INE0H8H01019,CWD,MS,,,,,CWD Limited,320.50,320.50,315.00,315.65,316.90,326.00,,315.65,,,39000,12447275.00,36,F1,500,,,,,
2026-09-04,2026-09-04,CM,BSE,STK,543383,INF109KC1V42,CONSUMIETF,B,,,,,ICICI Prudential Mutual Fund,121.13,121.13,120.30,120.92,120.92,120.40,,120.67,,,501,60420.00,6,F1,1,,,,,
2026-09-04,2026-09-04,CM,BSE,STK,543384,INE388Y01029,NYKAA,A,,,,,FSN E-Commerce Ventures Limite,336.95,336.95,332.00,332.20,332.20,331.10,,332.50,,,55665,18596143.00,1558,F1,1,,,,,
2026-09-04,2026-09-04,CM,BSE,STK,543386,INE02NC01014,FINOPB,B,,,,,Fino Payments Bank Limited,140.55,140.80,138.95,139.15,138.95,140.05,,139.32,,,8877,1241548.00,165,F1,1,,,,,
2026-09-04,2026-09-04,CM,BSE,STK,543387,INE284S01014,SJS,A,,,,,S.J.S. Enterprises Limited,2406.20,2411.10,2288.90,2306.85,2325.00,2410.90,,2306.12,,,7891,18490718.00,1311,F1,1,,,,,
2026-09-04,2026-09-04,CM,BSE,STK,543388,INF740KA1QK2,EQUAL50ADD,B,,,,,DSP Nifty 50 Equal Weight ETF,342.08,348.40,340.37,347.90,348.40,342.22,,340.41,,,146,50248.00,7,F1,1,,,,,
2026-09-04,2026-09-04,CM,BSE,STK,543389,INE0D0K01022,SIGACHI,B,,,,,Sigachi Industries Limited,33.20,35.54,32.29,34.62,34.62,32.55,,34.73,,,754915,25971275.00,2328,F1,1,,,,,
2026-09-04,2026-09-04,CM,BSE,STK,543390,INE417T01026,POLICYBZR,A,,,,,PB Fintech Limited,1850.00,1860.80,1830.00,1853.00,1853.00,1845.20,,1836.12,,,177990,329225399.00,2275,F1,1,,,,,
2026-09-04,2026-09-04,CM,BSE,STK,543391,INE07GA01011,SGFRL,M,,,,,Suyog Gurbaxani Funicular Rope,93.01,93.01,92.00,92.50,92.50,93.01,,92.50,,,2250,208132.00,3,F1,750,,,,,
2026-09-04,2026-09-04,CM,BSE,STK,543396,INE982J01020,PAYTM,A,,,,,One 97 Communications Limited,1628.00,1697.95,1627.95,1657.00,1657.00,1625.00,,1659.49,,,308420,515853371.00,12774,F1,1,,,,,
2026-09-04,2026-09-04,CM,BSE,STK,543397,INE806T01020,SAPPHIRE,A,,,,,Sapphire Foods India Limited,231.10,233.95,225.75,228.15,226.35,228.70,,228.41,,,76626,17616341.00,2700,F1,1,,,,,
2026-09-04,2026-09-04,CM,BSE,STK,543398,INE0I7C01011,LATENTVIEW,A,,,,,Latent View Analytics Limited,265.55,270.95,265.55,266.90,266.90,266.00,,267.23,,,33785,9082209.00,664,F1,1,,,,,
2026-09-04,2026-09-04,CM,BSE,STK,543399,INE144Z01023,TARSONS,B,,,,,Tarsons Products Limited,335.05,341.20,333.85,334.95,334.10,337.15,,335.52,,,4466,1500216.00,191,F1,1,,,,,
2026-09-04,2026-09-04,CM,BSE,STK,543400,INE0JFE01012,OMNIPOTENT,M,,,,,Omnipotent Industries Limited,2.51,2.51,2.51,2.51,2.51,2.51,,2.51,,,2000,5020.00,1,F1,2000,,,,,
2026-09-04,2026-09-04,CM,BSE,STK,543401,INE0BJS01011,GOCOLORS,B,,,,,Go Fashion (India) Limited,324.55,328.55,323.15,326.05,326.30,322.10,,326.64,,,2574,838148.00,82,F1,1,,,,,
2026-09-04,2026-09-04,CM,BSE,STK,543410,INE07L501010,DMR,M,,,,,DMR ENGINEERING LIMITED,25.50,27.99,25.50,27.99,27.99,27.35,,27.99,,,7800,208533.00,3,F1,1950,,,,,
2026-09-04,2026-09-04,CM,BSE,STK,543411,INE106T01025,HITECH,B,,,,,HI-TECH PIPES LIMITED,75.79,76.24,74.25,75.78,75.87,75.09,,75.77,,,104126,7827970.00,1282,F1,1,,,,,
2026-09-04,2026-09-04,CM,BSE,STK,543412,INE575P01011,STARHEALTH,A,,,,,Star Health and Allied Insuran,563.40,565.00,554.45,556.80,558.80,558.90,,557.34,,,5332,2969973.00,385,F1,1,,,,,
2026-09-04,2026-09-04,CM,BSE,STK,543413,INE011K01018,TEGA,A,,,,,Tega Industries Limited,1553.00,1555.85,1537.85,1547.15,1541.25,1552.65,,1547.97,,,2395,3701015.00,214,F1,1,,,,,
2026-09-04,2026-09-04,CM,BSE,STK,543414,INF769K01HS7,MAHKTECH,B,,,,,Mirae Asset Mutual Fund,22.10,22.10,22.10,22.10,22.10,22.26,,22.10,,,28149,622092.00,23,F1,1,,,,,
2026-09-04,2026-09-04,CM,BSE,STK,543415,INE463V01026,ANANDRATHI,A,,,,,Anand Rathi Wealth Limited,2206.15,2224.20,2202.30,2214.75,2214.10,2204.55,,2215.88,,,6604,14630044.00,506,F1,1,,,,,
2026-09-04,2026-09-04,CM,BSE,STK,543416,INE761Y01019,ZODIAC,B,,,,,Zodiac Energy Limited,245.95,246.00,238.45,241.60,239.60,241.10,,240.21,,,1015,245944.00,62,F1,1,,,,,
2026-09-04,2026-09-04,CM,BSE,STK,543417,INE0CLI01024,RATEGAIN,A,,,,,RateGain Travel Technologies L,869.55,888.00,845.85,851.30,854.30,870.60,,851.16,,,26188,22511774.00,1681,F1,1,,,,,
2026-09-04,2026-09-04,CM,BSE,STK,543418,INF754K01OB1,BBETF0432,F,,,,,Edelweiss Mutual Fund,1340.10,1340.10,1340.10,1340.10,1340.10,1336.69,,1342.30,,,15,20101.00,1,F1,1,,,,,
2026-09-04,2026-09-04,CM,BSE,STK,543419,INE217L01019,SHRIRAMPPS,B,,,,,Shriram Properties Limited,77.00,77.10,76.25,76.81,76.65,76.17,,76.90,,,14169,1087492.00,264,F1,1,,,,,
2026-09-04,2026-09-04,CM,BSE,STK,543420,INE982V01025,JETFREIGHT,B,,,,,Jet Freight Logistics Limited,20.72,21.40,20.46,21.25,21.25,21.24,,21.18,,,20681,437220.00,312,F1,1,,,,,
2026-09-04,2026-09-04,CM,BSE,STK,543425,INE0BV301023,MAPMYINDIA,A,,,,,C.E. Info Systems Limited,972.75,980.80,967.60,972.55,973.55,968.60,,972.21,,,3681,3581769.00,296,F1,1,,,,,
2026-09-04,2026-09-04,CM,BSE,STK,543426,INE317I01021,METROBRAND,A,,,,,Metro Brands Limited,913.10,932.00,909.40,928.05,929.65,916.15,,929.09,,,204796,187206524.00,792,F1,1,,,,,
2026-09-04,2026-09-04,CM,BSE,STK,543427,INE804L01022,MEDPLUS,A,,,,,Medplus Health Services Limite,661.20,691.00,650.00,679.20,667.00,662.70,,676.47,,,198359,129318952.00,993,F1,1,,,,,
2026-09-04,2026-09-04,CM,BSE,STK,543428,INE0IX101010,DATAPATTNS,A,,,,,Data Patterns (India) Limited,4599.00,4668.30,4550.00,4580.30,4585.00,4584.45,,4584.63,,,30876,142379502.00,2289,F1,1,,,,,
2026-09-04,2026-09-04,CM,BSE,STK,543433,INE0GSL01024,HPAL,B,,,,,HP Adhesives Limited,36.95,36.95,35.40,35.70,35.70,35.41,,35.58,,,6592,237489.00,173,F1,1,,,,,
2026-09-04,2026-09-04,CM,BSE,STK,543434,INE07RO01027,SUPRIYA,B,,,,,Supriya Lifescience Limited,844.65,868.65,840.00,855.20,855.20,842.60,,852.94,,,14737,12663879.00,1486,F1,1,,,,,
2026-09-04,2026-09-04,CM,BSE,STK,543437,INF247L01AU3,MONQ50,B,,,,,Motilal Oswal Mutual Fund,141.93,141.93,141.93,141.93,141.93,141.73,,141.93,,,97,13767.00,5,F1,1,,,,,
2026-09-04,2026-09-04,CM,BSE,STK,543438,INF740KA1ZF3,MIDQ50ADD,B,,,,,DSP Nifty Midcap 150 Quality 5,25.15,25.15,24.92,24.92,24.92,25.18,,24.98,,,3898,97454.00,12,F1,1,,,,,
2026-09-04,2026-09-04,CM,BSE,STK,543440,INF740KA1CL0,NIFTYADD,B,,,,,DSP Nifty 50 ETF,253.26,253.40,251.90,253.13,253.13,252.00,,252.53,,,235,59447.00,31,F1,1,,,,,
2026-09-04,2026-09-04,CM,BSE,STK,543441,INE925R01014,CMSINFO,A,,,,,CMS Info Systems Limited,247.60,247.60,241.05,243.60,244.20,244.80,,243.47,,,23036,5595057.00,613,F1,1,,,,,
2026-09-04,2026-09-04,CM,BSE,STK,543442,INE977Y01011,BCONCEPTS,B,,,,,Brand Concepts Limited,167.00,174.90,167.00,170.65,170.65,165.35,,167.33,,,820,139878.00,36,F1,1,,,,,
2026-09-04,2026-09-04,CM,BSE,STK,543443,INE0E4I01027,ASCENSIVE,MS,,,,,Ascensive Educare Limited,16.15,16.15,16.15,16.15,16.15,16.15,,16.15,,,20000,323000.00,2,F1,10000,,,,,
2026-09-04,2026-09-04,CM,BSE,STK,543449,INE02WG01024,WEL,B,,,,,WONDER ELECTRICALS LIMITED,80.27,80.27,75.51,76.18,76.18,79.48,,76.03,,,130489,10005626.00,1036,F1,1,,,,,
2026-09-04,2026-09-04,CM,BSE,STK,543450,INF109KC10V2,AUTOIETF,B,,,,,ICICI Prudential Mutual Fund,28.93,29.03,28.75,28.82,29.03,28.93,,28.81,,,18285,527104.00,378,F1,1,,,,,
2026-09-04,2026-09-04,CM,BSE,STK,543451,INE583L01014,AGSTRA,Z,,,,,AGS TRANSACT TECHNOLOGIES LIMI,2.02,2.02,1.93,2.00,2.00,2.00,,2.00,,,35475,69884.00,97,F1,1,,,,,
2026-09-04,2026-09-04,CM,BSE,STK,543452,INF109KC1Y56,SILVERIETF,E,,,,,ICICI Prudential Mutual Fund,231.80,233.45,231.11,232.51,232.55,229.96,,232.48,,,105219,24449559.00,1746,F1,1,,,,,
2026-09-04,2026-09-04,CM,BSE,STK,543453,INE0KA601012,ALKOSIGN,M,,,,,ALKOSIGN LIMITED,58.10,65.60,58.10,65.60,65.60,61.00,,65.60,,,7875,482085.00,6,F1,1125,,,,,
2026-09-04,2026-09-04,CM,BSE,STK,543454,INF769K01IB1,MAKEINDIA,B,,,,,Mirae Asset Mutual Fund,165.74,165.88,165.16,165.36,165.17,165.31,,165.23,,,803,132920.00,24,F1,1,,,,,
2026-09-04,2026-09-04,CM,BSE,STK,543458,INE699H01024,AWL,A,,,,,AWL AGRI BUSINESS LIMITED,190.70,191.90,186.00,187.40,187.40,190.75,,187.30,,,332654,62464293.00,2188,F1,1,,,,,
2026-09-04,2026-09-04,CM,BSE,STK,543461,INE0JNA01014,SSTL,M,,,,,Safa Systems & Technologies Li,19.99,20.99,19.99,20.99,20.99,20.87,,20.99,,,10000,204900.00,2,F1,5000,,,,,
2026-09-04,2026-09-04,CM,BSE,STK,543462,INE060X01034,DEVIT,B,,,,,DEV INFORMATION TECHNOLOGY LIM,24.54,24.87,23.80,24.01,24.81,24.55,,24.19,,,6480,159229.00,130,F1,1,,,,,
2026-09-04,2026-09-04,CM,BSE,STK,543463,INE825V01034,MANYAVAR,A,,,,,Vedant Fashions Limited,568.00,603.20,562.60,594.25,593.50,569.45,,594.20,,,208689,123512675.00,2721,F1,1,,,,,
2026-09-04,2026-09-04,CM,BSE,STK,543464,INE0JSJ01014,SPITZE,M,,,,,Maruti Interior Products Limit,32.00,33.28,32.00,33.14,33.00,31.70,,33.14,,,37000,1222950.00,30,F1,1000,,,,,
2026-09-04,2026-09-04,CM,BSE,STK,543465,INF247L01BK2,MOMOMENTUM,B,,,,,Motilal Oswal Mutual Fund,62.34,62.79,61.93,62.69,62.79,62.21,,62.31,,,6187,384987.00,41,F1,1,,,,,
2026-09-04,2026-09-04,CM,BSE,STK,543470,INE728Z01015,SOFTTECH,B,,,,,SoftTech Engineers Limited,424.90,424.90,424.90,424.90,424.90,409.65,,423.15,,,100,42490.00,1,F1,1,,,,,
2026-09-04,2026-09-04,CM,BSE,STK,543471,INF209KB19F6,SILVER,E,,,,,Aditya Birla Sun Life Mutual F,231.01,233.53,231.01,232.56,232.60,229.55,,232.64,,,19875,4620139.00,666,F1,1,,,,,
2026-09-04,2026-09-04,CM,BSE,STK,543472,INF209KB11D8,TECH,B,,,,,Aditya Birla Sun Life Mutual F,33.18,34.29,33.18,34.28,33.50,33.86,,33.83,,,421,14346.00,25,F1,1,,,,,
2026-09-04,2026-09-04,CM,BSE,STK,543473,INF209KB10C2,HEALTHY,B,,,,,Aditya Birla Sun Life Mutual F,16.76,17.61,16.76,16.92,17.00,17.19,,16.84,,,16288,276465.00,228,F1,1,,,,,
2026-09-04,2026-09-04,CM,BSE,STK,543474,INF209KB19D1,BSLNIFTY,B,,,,,Aditya Birla Sun Life Mutual F,27.31,28.21,27.31,28.13,28.11,28.02,,28.14,,,6835,191947.00,264,F1,1,,,,,
2026-09-04,2026-09-04,CM,BSE,STK,543475,INE0KCM01010,EKENNIS,M,,,,,Ekennis Software Service Limit,41.74,41.74,41.74,41.74,41.74,43.93,,41.74,,,5600,233744.00,6,F1,800,,,,,
2026-09-04,2026-09-04,CM,BSE,STK,543481,INF769K01IC9,MIDCAPETF,B,,,,,Mirae Asset Mutual Fund,23.84,23.85,23.71,23.74,23.74,23.73,,23.73,,,77000,1830698.00,416,F1,1,,,,,
2026-09-04,2026-09-04,CM,BSE,STK,543482,INE0KCE01017,EUREKAFORB,A,,,,,Eureka Forbes Limited,427.50,428.35,422.15,424.00,424.25,428.70,,423.76,,,93870,39806099.00,199,F1,1,,,,,
2026-09-04,2026-09-04,CM,BSE,STK,543489,INE079J01017,GATEWAY,B,,,,,Gateway Distriparks Limited,55.25,55.25,54.38,54.69,54.87,54.48,,54.69,,,11063,605130.00,241,F1,1,,,,,
2026-09-04,2026-09-04,CM,BSE,STK,543490,INE0CU601026,GMRP&UI,A,,,,,GMR Power and Urban Infra Limi,92.57,96.59,91.02,95.26,95.83,91.56,,95.30,,,81274,7666685.00,687,F1,1,,,,,
2026-09-04,2026-09-04,CM,BSE,STK,543497,INE0KQ001017,BCCL,M,,,,,Bhatia Colour Chem Limited,30.50,30.99,29.45,30.98,30.99,31.00,,30.98,,,26800,798300.00,56,F1,400,,,,,
2026-09-04,2026-09-04,CM,BSE,STK,543498,INE0FS801015,MSUMI,A,,,,,Motherson Sumi Wiring India Li,36.99,37.00,36.20,36.50,36.50,37.01,,36.52,,,688074,25110896.00,3590,F1,1,,,,,
2026-09-04,2026-09-04,CM,BSE,STK,543499,INE0K1401020,ACHYUT,T,,,,,Achyut Healthcare Limited,7.07,7.07,6.70,6.98,7.00,6.90,,6.98,,,47423,327265.00,131,F1,1,,,,,
2026-09-04,2026-09-04,CM,BSE,STK,543500,INE0JVD01011,EVOQ,MT,,,,,Evoq Remedies Limited,1.62,1.62,1.56,1.56,1.56,1.62,,1.56,,,12000,19200.00,3,F1,4000,,,,,
2026-09-04,2026-09-04,CM,BSE,STK,543501,INF247L01BL0,MOLOWVOL,B,,,,,Motilal Oswal Mutual Fund,36.13,36.13,36.10,36.13,36.13,36.00,,36.12,,,147,5311.00,31,F1,1,,,,,
2026-09-04,2026-09-04,CM,BSE,STK,543512,INE652Z01025,AVROIND,B,,,,,Avro India Limited,8.85,9.02,8.65,8.67,8.82,9.50,,8.71,,,143255,1264341.00,375,F1,1,,,,,
2026-09-04,2026-09-04,CM,BSE,STK,543513,INE0GIU01018,UMAEXPORTS,T,,,,,Uma Exports Limited,24.44,24.44,24.44,24.44,24.44,24.93,,24.21,,,13,317.00,4,F1,1,,,,,
2026-09-04,2026-09-04,CM,BSE,STK,543514,INE0IQ001011,VERANDA,B,,,,,Veranda Learning Solutions Lim,242.75,243.65,238.50,242.40,242.30,242.10,,242.62,,,7246,1745981.00,127,F1,1,,,,,
2026-09-04,2026-09-04,CM,BSE,STK,543515,INE0KPY01017,SEML,MT,,,,,Sunrise Efficient Marketing Li,37.70,39.25,36.00,38.97,38.20,37.77,,38.97,,,15750,589931.00,24,F1,375,,,,,
2026-09-04,2026-09-04,CM,BSE,STK,543516,INE0K5F01014,DHYAANITR,MT,,,,,DHYAANI TRADEVENTTURES LIMITED,7.10,7.15,7.10,7.15,7.15,7.05,,7.15,,,103600,738360.00,10,F1,2800,,,,,
2026-09-04,2026-09-04,CM,BSE,STK,543517,INE00EV01017,HARIOMPIPE,B,,,,,Hariom Pipe Industries Limited,359.70,364.35,353.00,358.95,358.30,356.05,,359.18,,,9304,3336042.00,268,F1,1,,,,,
2026-09-04,2026-09-04,CM,BSE,STK,543518,INE0KSN01014,EIGHTY,MT,,,,,Eighty Jewellers Limited,36.92,36.92,36.92,36.92,36.92,35.17,,36.92,,,3000,110760.00,1,F1,3000,,,,,
2026-09-04,2026-09-04,CM,BSE,STK,543519,INE0JMN01019,SFSL,M,,,,,Shashwat Furnishing Solutions,86.40,86.41,86.40,86.41,86.41,74.95,,86.41,,,3000,259215.00,2,F1,1500,,,,,
2026-09-04,2026-09-04,CM,BSE,STK,543520,INE0J2K01014,GLHRL,M,,,,,Global Longlife Hospital and R,12.19,12.37,12.15,12.27,12.37,11.79,,12.27,,,59000,723580.00,22,F1,1000,,,,,
2026-09-04,2026-09-04,CM,BSE,STK,543522,INE0E5R01017,NVENTURES,M,,,,,Nanavati Ventures Limited,82.30,82.30,82.30,82.30,82.30,82.30,,82.30,,,1500,123450.00,1,F1,750,,,,,
2026-09-04,2026-09-04,CM,BSE,STK,543523,INE278Y01022,CAMPUS,A,,,,,Campus Activewear Limited,225.85,225.85,220.70,223.10,222.00,223.90,,223.23,,,14910,3318440.00,313,F1,1,,,,,
2026-09-04,2026-09-04,CM,BSE,STK,543524,INE961O01016,RAINBOW,A,,,,,Rainbow Children's Medicare Li,1454.00,1454.00,1430.00,1444.90,1442.05,1442.05,,1447.08,,,4569,6592499.00,524,F1,1,,,,,
2026-09-04,2026-09-04,CM,BSE,STK,543525,INE625X01026,SILVERTUC,B,,,,,Silver Touch Technologies Limi,166.00,174.00,166.00,168.30,168.50,169.75,,168.01,,,100069,16793551.00,1069,F1,1,,,,,
2026-09-04,2026-09-04,CM,BSE,STK,543526,INE0J1Y01017,LICI,A,,,,,LIFE INSURANCE CORPORATION OF,417.80,419.35,415.25,415.25,415.25,420.00,,415.35,,,297497,124161630.00,4330,F1,1,,,,,
2026-09-04,2026-09-04,CM,BSE,STK,543527,INE00F201020,PRUDENT,A,,,,,Prudent Corporate Advisory Ser,3308.85,3367.00,3204.00,3351.00,3332.55,3332.70,,3347.94,,,3982,13001849.00,623,F1,1,,,,,
2026-09-04,2026-09-04,CM,BSE,STK,543528,INE0JA001018,VENUSPIPES,B,,,,,Venus Pipes & Tubes Limited,1628.00,1640.55,1600.40,1631.65,1624.95,1596.80,,1631.02,,,4942,8035557.00,570,F1,1,,,,,
2026-09-04,2026-09-04,CM,BSE,STK,543529,INE148O01028,DELHIVERY,A,,,,,Delhivery Limited,460.20,465.50,457.25,458.10,458.10,459.60,,457.90,,,37550,17336077.00,1460,F1,1,,,,,
2026-09-04,2026-09-04,CM,BSE,STK,543530,INE088F01024,PARADEEP,A,,,,,Paradeep Phosphates Limited,155.90,157.50,152.50,156.95,157.20,153.40,,157.00,,,237479,36835722.00,2070,F1,1,,,,,
2026-09-04,2026-09-04,CM,BSE,STK,543531,INE05CY01014,TIERRA,X,,,,,Tierra Agrotech Limited,60.00,62.50,57.06,61.74,61.74,57.06,,61.74,,,163413,9864488.00,378,F1,1,,,,,
2026-09-04,2026-09-04,CM,BSE,STK,543532,INE04TZ01018,ETHOSLTD,A,,,,,ETHOS LIMITED,2821.60,2902.05,2780.00,2792.70,2790.90,2793.80,,2792.80,,,1406,3979128.00,208,F1,1,,,,,
2026-09-04,2026-09-04,CM,BSE,STK,543533,INE01QM01018,EMUDHRA,B,,,,,eMudhra Limited,523.50,531.90,519.70,524.25,523.00,517.35,,524.79,,,2073,1089748.00,171,F1,1,,,,,
2026-09-04,2026-09-04,CM,BSE,STK,543534,INE0BWX01014,AETHER,A,,,,,Aether Industries Limited,1660.50,1660.55,1614.70,1626.45,1620.00,1656.35,,1625.69,,,17734,28943646.00,1240,F1,1,,,,,
2026-09-04,2026-09-04,CM,BSE,STK,543535,INE082W01014,WEWIN,B,,,,,We Win Limited,41.00,44.45,40.80,44.20,44.20,43.00,,41.91,,,581,23782.00,56,F1,1,,,,,
2026-09-04,2026-09-04,CM,BSE,STK,543538,INE0K6L01010,GOEL,M,,,,,Goel Food Products Limited,11.45,11.50,11.40,11.44,11.40,12.15,,11.44,,,34000,389400.00,10,F1,2000,,,,,
2026-09-04,2026-09-04,CM,BSE,STK,543539,INE0L0L01012,MODIS,B,,,,,MODI'S NAVNIRMAN LIMITED,381.90,385.00,376.95,380.95,385.00,378.90,,380.86,,,1071,407619.00,64,F1,1,,,,,
2026-09-04,2026-09-04,CM,BSE,STK,543540,INE0GTX01019,PGCRL,M,,,,,Pearl Green Clubs and Resorts,116.00,116.00,114.85,114.85,114.85,115.00,,114.85,,,1800,208110.00,2,F1,600,,,,,
2026-09-04,2026-09-04,CM,BSE,STK,543542,INE0L1C01019,KESAR,M,,,,,KESAR INDIA LIMITED,1140.00,1180.00,1126.00,1150.00,1150.05,1140.00,,1150.00,,,1054000,1211985370.00,264,F1,100,,,,,
2026-09-04,2026-09-04,CM,BSE,STK,543543,INE0IZQ01016,BRRL,M,,,,,B-RIGHT REALESTATE LIMITED,925.00,925.00,925.00,925.00,925.00,923.80,,925.00,,,200,185000.00,1,F1,200,,,,,
2026-09-04,2026-09-04,CM,BSE,STK,543544,INE0KR801019,JAYANT,MT,,,,,JAYANT INFRATECH LIMITED,71.00,72.50,71.00,72.30,72.30,74.40,,72.30,,,9000,646050.00,7,F1,750,,,,,
2026-09-04,2026-09-04,CM,BSE,STK,543545,INE0ID001024,VEERKRUPA,M,,,,,Veerkrupa Jewellers Limited,0.52,0.52,0.47,0.48,0.48,0.50,,0.48,,,133600,65631.00,8,F1,16700,,,,,
2026-09-04,2026-09-04,CM,BSE,STK,543546,INE0L3501015,HEALTHYLIFE,MT,,,,,HEALTHY LIFE AGRITEC LIMITED,7.10,7.10,6.78,7.09,7.09,7.10,,7.09,,,18000,124620.00,8,F1,2000,,,,,
2026-09-04,2026-09-04,CM,BSE,STK,543547,INE0HR601026,DDEVPLSTIK,B,,,,,DDEV PLASTIKS INDUSTRIES LIMIT,274.35,274.35,271.45,273.00,272.50,273.50,,273.00,,,3768,1027881.00,196,F1,1,,,,,
2026-09-04,2026-09-04,CM,BSE,STK,543563,INF247L01BB1,MOHEALTH,B,,,,,Motilal Oswal Mutual Fund,51.93,52.22,51.68,51.91,51.91,52.17,,51.84,,,2639,137259.00,39,F1,1,,,,,
2026-09-04,2026-09-04,CM,BSE,STK,543568,INF109KC17C7,MOM30IETF,B,,,,,ICICI Prudential Mutual Fund,31.29,31.65,31.21,31.44,31.41,31.33,,31.38,,,47924,1503734.00,278,F1,1,,,,,
2026-09-04,2026-09-04,CM,BSE,STK,543569,INF179KC1HR4,HDFCNIF100,B,,,,,HDFC Mutual Fund,25.95,26.19,25.85,26.10,26.10,26.10,,25.93,,,1672,43457.00,22,F1,1,,,,,
2026-09-04,2026-09-04,CM,BSE,STK,543570,INF179KC1HS2,HDFCNEXT50,B,,,,,HDFC Mutual Fund,74.86,75.17,74.51,74.80,74.80,74.78,,74.76,,,7206,537972.00,107,F1,1,,,,,
2026-09-04,2026-09-04,CM,BSE,STK,543571,INF109KC16E5,INFRAIETF,B,,,,,ICICI Prudential Mutual Fund,94.83,95.27,94.52,94.79,94.75,94.91,,94.80,,,3849,365383.00,90,F1,1,,,,,
2026-09-04,2026-09-04,CM,BSE,STK,543572,INF740KA1ZQ0,SILVERADD,E,,,,,DSP Silver ETF,21.77,22.56,21.77,22.44,22.43,22.20,,22.44,,,96751,2169445.00,321,F1,1,,,,,
2026-09-04,2026-09-04,CM,BSE,STK,543573,INE0DYJ01015,SYRMA,A,,,,,Syrma SGS Technology Limited,1459.75,1469.00,1450.35,1458.95,1460.00,1452.40,,1458.53,,,296845,433091079.00,1676,F1,1,,,,,
2026-09-04,2026-09-04,CM,BSE,STK,543574,INF209KB15K4,NIFTYQLITY,B,,,,,Aditya Birla Sun Life Mutual F,21.40,21.40,21.29,21.32,21.32,21.30,,21.32,,,691,14716.00,13,F1,1,,,,,
2026-09-04,2026-09-04,CM,BSE,STK,543575,INF209KB14K7,MOMENTUM,B,,,,,Aditya Birla Sun Life Mutual F,31.58,31.58,30.99,31.11,31.05,31.25,,31.06,,,1944,60556.00,23,F1,1,,,,,
2026-09-04,2026-09-04,CM,BSE,STK,543576,INF247L01BE5,MOVALUE,B,,,,,Motilal Oswal Mutual Fund,115.47,115.47,112.60,112.81,112.60,112.66,,113.21,,,2943,333077.00,77,F1,1,,,,,
2026-09-04,2026-09-04,CM,BSE,STK,543578,INE0M3901015,OLATECH,M,,,,,Olatech Solutions Limited,73.40,73.40,73.40,73.40,73.40,71.65,,73.40,,,925,67895.00,1,F1,925,,,,,
2026-09-04,2026-09-04,CM,BSE,STK,543590,INE0KKN01029,RHETAN,B,,,,,Rhetan TMT Limited,25.41,25.45,25.40,25.45,25.45,23.14,,25.45,,,5347164,136067015.00,1772,F1,1,,,,,
2026-09-04,2026-09-04,CM,BSE,STK,543591,INE0JS101016,DREAMFOLKS,B,,,,,DREAMFOLKS SERVICES LIMITED,66.00,67.47,65.97,66.63,67.10,66.41,,66.88,,,6607,438515.00,181,F1,1,,,,,
2026-09-04,2026-09-04,CM,BSE,STK,543592,INF179KC1DI2,HDFCSILVER,E,,,,,HDFC Mutual Fund,221.96,223.72,221.35,222.90,222.86,220.03,,222.71,,,49652,11060644.00,1244,F1,1,,,,,
2026-09-04,2026-09-04,CM,BSE,STK,543593,INE0I3401014,DBOL,B,,,,,Dhampur Bio Organics Limited,128.20,128.20,124.00,124.70,124.70,130.00,,124.98,,,30872,3879052.00,713,F1,1,,,,,
2026-09-04,2026-09-04,CM,BSE,STK,543594,INE0MC401013,DPL,M,,,,,DIPNA PHARMACHEM LIMITED,5.80,5.93,5.51,5.51,5.51,5.80,,5.51,,,75000,420720.00,22,F1,3000,,,,,
2026-09-04,2026-09-04,CM,BSE,STK,543595,INE0D2I01014,EPBIO,M,,,,,EP BIOCOMPOSITES LIMITED,90.00,90.00,90.00,90.00,90.00,94.99,,90.00,,,500,45000.00,1,F1,500,,,,,
2026-09-04,2026-09-04,CM,BSE,STK,543596,INE668A01016,TMB,A,,,,,Tamilnad Mercantile Bank Limit,945.85,946.00,930.05,931.75,934.60,943.85,,932.44,,,6295,5879716.00,493,F1,1,,,,,
2026-09-04,2026-09-04,CM,BSE,STK,543597,INE0I0T01010,VOEPL,B,,,,,Virtuoso Optoelectronics Limit,550.55,560.00,540.40,554.65,560.00,546.05,,553.47,,,11818,6491663.00,309,F1,1,,,,,
2026-09-04,2026-09-04,CM,BSE,STK,543599,INE0D6I01023,KSOLVES,B,,,,,Ksolves India Limited,278.95,278.95,268.80,272.65,273.20,271.40,,272.06,,,1546,421992.00,64,F1,1,,,,,
2026-09-04,2026-09-04,CM,BSE,STK,543600,INE0JUS01029,HARSHA,B,,,,,Harsha Engineers International,448.90,457.00,447.75,454.70,455.50,450.85,,454.36,,,6275,2843701.00,336,F1,1,,,,,
2026-09-04,2026-09-04,CM,BSE,STK,543605,INF179KC1DL6,HDFCQUAL,B,,,,,HDFC Mutual Fund,57.63,59.26,57.63,58.45,58.45,58.70,,58.65,,,201,11772.00,11,F1,1,,,,,
2026-09-04,2026-09-04,CM,BSE,STK,543606,INE0M8901010,CONTAINE,M,,,,,CONTAINE TECHNOLOGIES LIMITED,17.45,19.16,17.34,17.34,17.34,18.25,,17.34,,,77000,1393990.00,44,F1,1000,,,,,
2026-09-04,2026-09-04,CM,BSE,STK,543607,INF179KC1DJ0,HDFCGROWTH,B,,,,,HDFC Mutual Fund,117.81,119.80,117.81,118.17,118.16,119.00,,118.29,,,103,12228.00,14,F1,1,,,,,
2026-09-04,2026-09-04,CM,BSE,STK,543608,INF179KC1DK8,HDFCVALUE,B,,,,,HDFC Mutual Fund,126.00,126.41,126.00,126.41,126.41,125.29,,125.88,,,410,51664.00,14,F1,1,,,,,
2026-09-04,2026-09-04,CM,BSE,STK,543613,INE0KQQ01011,MAFIA,M,,,,,MAFIA TRENDS LIMITED,5.25,5.89,5.25,5.60,5.60,5.15,,5.60,,,68000,382400.00,16,F1,4000,,,,,
2026-09-04,2026-09-04,CM,BSE,STK,543614,INE0LQS01015,TIPSFILMS,B,,,,,Tips Films Limited,337.00,337.00,328.60,329.70,328.60,329.90,,330.87,,,132,43586.00,17,F1,1,,,,,
2026-09-04,2026-09-04,CM,BSE,STK,543615,INE0MNV01014,SRSOLTD,M,,,,,SILICON RENTAL SOLUTIONS LIMIT,84.00,84.00,71.10,74.96,74.00,77.50,,74.96,,,9600,732016.00,12,F1,800,,,,,
2026-09-04,2026-09-04,CM,BSE,STK,543616,INE0MKA01014,TLL,M,,,,,Trident Lifeline Limited,279.00,301.00,275.10,293.30,297.00,272.70,,293.30,,,37800,10986450.00,61,F1,600,,,,,
2026-09-04,2026-09-04,CM,BSE,STK,543617,INE0MKO01015,REETECH,M,,,,,REETECH INTERNATIONAL LIMITED,15.50,15.50,15.50,15.50,15.50,15.00,,15.50,,,1200,18600.00,1,F1,1200,,,,,
2026-09-04,2026-09-04,CM,BSE,STK,543619,INE0N0J01014,CNCRD,M,,,,,Concord Control Systems Limite,2240.00,2240.00,2175.00,2195.65,2200.00,2241.30,,2195.65,,,7050,15504057.00,118,F1,50,,,,,
2026-09-04,2026-09-04,CM,BSE,STK,543620,INE0LGX01024,INA,B,,,,,INSOLATION ENERGY LIMITED,91.50,91.90,89.11,90.28,90.20,89.03,,90.24,,,55320,5011614.00,675,F1,1,,,,,
2026-09-04,2026-09-04,CM,BSE,STK,543626,INE02YR01019,EMIL,B,,,,,Electronics Mart India Limited,175.95,176.90,167.90,174.20,172.85,176.10,,173.75,,,50601,8722891.00,933,F1,1,,,,,
2026-09-04,2026-09-04,CM,BSE,STK,543627,INF179KC1HU8,HDFCLOWVOL,B,,,,,HDFC Mutual Fund,20.54,20.71,20.38,20.38,20.38,20.44,,20.48,,,69,1410.00,5,F1,1,,,,,
2026-09-04,2026-09-04,CM,BSE,STK,543628,INF179KC1HV6,HDFCMOMENT,B,,,,,HDFC Mutual Fund,31.11,31.11,30.89,30.96,30.96,31.12,,30.98,,,7445,230626.00,55,F1,1,,,,,
2026-09-04,2026-09-04,CM,BSE,STK,543635,INE0DK501011,PPLPHARMA,A,,,,,PIRAMAL PHARMA LIMITED,214.50,216.95,210.60,214.20,214.20,214.45,,214.22,,,179631,38313289.00,1522,F1,1,,,,,
2026-09-04,2026-09-04,CM,BSE,STK,543636,INE0A1101019,DCI,B,,,,,Dc Infotech and Communication,365.00,365.00,346.30,352.80,347.50,357.60,,350.59,,,7056,2489314.00,299,F1,1,,,,,
2026-09-04,2026-09-04,CM,BSE,STK,543637,INE0N1L01018,PACE,M,,,,,PACE E-COMMERCE VENTURES LIMIT,17.46,19.99,17.46,18.19,18.19,16.91,,18.19,,,60000,1124664.00,44,F1,1200,,,,,
2026-09-04,2026-09-04,CM,BSE,STK,543638,INE0HMF01019,TRACXN,B,,,,,Tracxn Technologies Limited,30.20,30.20,29.89,30.01,30.01,30.00,,29.96,,,2817,84553.00,58,F1,1,,,,,
2026-09-04,2026-09-04,CM,BSE,STK,543643,INE117Z01029,NARMADA,B,,,,,Narmada Agrobase Limited,13.51,13.75,13.40,13.55,13.55,13.69,,13.51,,,45498,614619.00,194,F1,1,,,,,
2026-09-04,2026-09-04,CM,BSE,STK,543644,INE344S01016,INFOBEAN,B,,,,,InfoBeans Technologies Limited,156.50,167.00,156.50,162.15,161.60,157.70,,162.08,,,86998,14289228.00,1732,F1,1,,,,,
2026-09-04,2026-09-04,CM,BSE,STK,543645,INE05X901010,HPIL,B,,,,,HINDPRAKASH INDUSTRIES LIMITED,127.90,127.90,116.35,121.95,121.95,127.90,,122.51,,,508,61587.00,19,F1,1,,,,,
2026-09-04,2026-09-04,CM,BSE,STK,543650,INE0KL801015,DCXINDIA,B,,,,,DCX Systems Limited,170.25,172.35,168.50,168.90,170.00,169.60,,168.83,,,20922,3558705.00,546,F1,1,,,,,
2026-09-04,2026-09-04,CM,BSE,STK,543652,INE139R01012,FUSION,B,,,,,FUSION FINANCE LIMITED,202.00,207.00,199.90,203.20,203.20,199.20,,203.19,,,73870,15075415.00,1019,F1,1,,,,,
2026-09-04,2026-09-04,CM,BSE,STK,543653,INE00E101023,BIKAJI,A,,,,,Bikaji Foods International Lim,586.90,588.60,581.25,583.90,584.00,586.75,,584.18,,,5107,2991339.00,379,F1,1,,,,,
2026-09-04,2026-09-04,CM,BSE,STK,543654,INE474Q01031,MEDANTA,A,,,,,Global Health Limited,1420.30,1490.90,1420.30,1468.85,1478.00,1418.85,,1469.71,,,112870,166092827.00,6770,F1,1,,,,,
2026-09-04,2026-09-04,CM,BSE,STK,543655,INE0MIZ23019,ANZEN,IF,,,,,Anzen India Energy Yield Plus,128.00,128.00,128.00,128.00,128.00,129.00,,128.50,,,100000,12800000.00,1,F1,25000,,,,,
2026-09-04,2026-09-04,CM,BSE,STK,543656,INE0MXP01015,TECHNOPACK,M,,,,,Technopack Polymers Limited,11.27,11.27,11.05,11.05,11.05,11.27,,11.05,,,8000,89280.00,2,F1,4000,,,,,
2026-09-04,2026-09-04,CM,BSE,STK,543657,INE128X01021,ACI,A,,,,,Archean Chemical Industries Li,500.00,512.10,495.00,505.45,503.00,494.50,,504.23,,,35584,17872411.00,1265,F1,1,,,,,
2026-09-04,2026-09-04,CM,BSE,STK,543663,INE128S01021,FIVESTAR,A,,,,,Five-Star Business Finance Ltd,540.95,540.95,513.00,523.10,522.00,533.80,,523.05,,,38355,19996609.00,1814,F1,1,,,,,
2026-09-04,2026-09-04,CM,BSE,STK,543664,INE918Z01012,KAYNES,A,,,,,KAYNES TECHNOLOGY INDIA LIMITE,3485.00,3618.00,3450.25,3590.00,3590.00,3487.30,,3596.90,,,141673,502034094.00,13839,F1,1,,,,,
2026-09-04,2026-09-04,CM,BSE,STK,543665,INF179KC1IA8,HDFCNIFIT,B,,,,,HDFC Mutual Fund,33.33,33.49,32.80,32.83,32.80,33.17,,32.86,,,481,15839.00,24,F1,1,,,,,
2026-09-04,2026-09-04,CM,BSE,STK,543666,INF179KC1HZ7,HDFCPVTBAN,B,,,,,HDFC Mutual Fund,28.98,28.98,27.99,28.48,28.48,28.28,,28.39,,,1328,37810.00,30,F1,1,,,,,
2026-09-04,2026-09-04,CM,BSE,STK,543667,INE510W01014,INOXGREEN,A,,,,,INOX GREEN ENERGY SERVICES LIM,172.60,176.55,168.85,174.85,174.85,169.70,,175.09,,,64373,11076214.00,740,F1,1,,,,,
2026-09-04,2026-09-04,CM,BSE,STK,543669,INE263M01029,RUSTOMJEE,B,,,,,Keystone Realtors Limited,380.05,381.75,372.00,373.30,372.00,378.40,,373.91,,,1700,640926.00,94,F1,1,,,,,
2026-09-04,2026-09-04,CM,BSE,STK,543670,INE01KI01027,VINNY,B,,,,,VINNY OVERSEAS LIMITED,1.03,1.04,1.02,1.03,1.03,1.04,,1.02,,,51621,52883.00,52,F1,1,,,,,
2026-09-04,2026-09-04,CM,BSE,STK,543671,INE0D0U01013,AAATECH,B,,,,,AAA TECHNOLOGIES LIMITED,92.79,93.00,89.77,91.59,91.53,94.44,,91.72,,,6812,622619.00,222,F1,1,,,,,
2026-09-04,2026-09-04,CM,BSE,STK,543677,INF109KC17L8,FINIETF,B,,,,,ICICI Prudential Mutual Fund,32.87,33.06,32.82,32.89,32.89,32.64,,32.95,,,3323,109370.00,44,F1,1,,,,,
2026-09-04,2026-09-04,CM,BSE,STK,543678,INE0N6V01016,AMBOAGRI,M,,,,,AMBO AGRITEC LIMITED,10.99,10.99,10.27,10.44,10.90,10.56,,10.44,,,8000,83510.00,4,F1,1000,,,,,
2026-09-04,2026-09-04,CM,BSE,STK,543686,INE792Z01011,SIRCA,B,,,,,Sirca Paints India Limited,440.95,443.00,437.95,438.65,438.75,440.50,,439.24,,,3922,1727400.00,184,F1,1,,,,,
2026-09-04,2026-09-04,CM,BSE,STK,543687,INE00OQ01016,DHARMAJ,B,,,,,Dharmaj Crop Guard Limited,267.60,270.55,264.40,270.45,270.55,267.60,,270.05,,,360,96238.00,83,F1,1,,,,,
2026-09-04,2026-09-04,CM,BSE,STK,543688,INE324X01026,SARVESHWAR,B,,,,,Sarveshwar Foods Limited,3.39,3.43,3.35,3.36,3.36,3.34,,3.36,,,137542,466953.00,179,F1,1,,,,,
2026-09-04,2026-09-04,CM,BSE,STK,543689,INE244O01017,UNIPARTS,B,,,,,Uniparts India Limited,894.95,898.35,848.90,874.30,882.60,904.00,,874.06,,,32133,28096545.00,1375,F1,1,,,,,
2026-09-04,2026-09-04,CM,BSE,STK,543699,INF754K01QX0,EBBETF0433,F,,,,,Edelweiss Mutual Fund,1318.23,1318.23,1303.13,1303.13,1303.13,1314.91,,1311.12,,,53,69111.00,5,F1,1,,,,,
2026-09-04,2026-09-04,CM,BSE,STK,543709,INE0NT601018,GARGI,M,,,,,PNGS GARGI FASHION JEWELLERY L,550.00,550.00,546.00,547.00,548.00,549.80,,547.00,,,14375,7874693.00,64,F1,125,,,,,
2026-09-04,2026-09-04,CM,BSE,STK,543710,INF109KC19O8,COMMOIETF,B,,,,,ICICI Prudential Mutual Fund,99.90,100.39,99.90,100.05,100.05,99.20,,100.32,,,659,65958.00,59,F1,1,,,,,
2026-09-04,2026-09-04,CM,BSE,STK,543711,INE142Q01026,SULA,B,,,,,Sula Vineyards Limited,149.05,150.00,147.65,149.00,148.40,147.50,,149.00,,,11786,1754647.00,271,F1,1,,,,,
2026-09-04,2026-09-04,CM,BSE,STK,543712,INE00ZE01026,AFSL,B,,,,,ABANS FINANCIAL SERVICES LIMIT,208.50,220.00,202.00,202.10,202.00,207.10,,202.07,,,424,86795.00,25,F1,1,,,,,
2026-09-04,2026-09-04,CM,BSE,STK,543713,INE0MQD01015,DRONACHRYA,M,,,,,Droneacharya Aerial Innovation,33.00,33.37,32.52,33.28,33.28,33.22,,33.28,,,23000,759540.00,23,F1,1000,,,,,
2026-09-04,2026-09-04,CM,BSE,STK,543714,INE559R01029,LANDMARK,B,,,,,LANDMARK CARS LIMITED,500.00,513.75,496.60,510.05,510.00,498.85,,510.15,,,4983,2524792.00,228,F1,1,,,,,
2026-09-04,2026-09-04,CM,BSE,STK,543720,INE138Y01010,KFINTECH,A,,,,,KFin Technologies Limited,937.95,947.80,923.95,930.00,930.00,929.65,,928.94,,,82192,77084615.00,3551,F1,1,,,,,
2026-09-04,2026-09-04,CM,BSE,STK,543725,INE050401020,ELIN,B,,,,,Elin Electronics Limited,95.75,97.35,95.05,95.25,95.45,95.30,,95.39,,,13278,1273754.00,211,F1,1,,,,,
2026-09-04,2026-09-04,CM,BSE,STK,543732,INE855R01021,RADIANTCMS,B,,,,,Radiant Cash Management Servic,40.20,45.06,40.19,41.24,41.88,39.83,,41.73,,,147929,6376482.00,923,F1,1,,,,,
2026-09-04,2026-09-04,CM,BSE,STK,543737,INE09BN01011,AVEER,X,,,,,Aveer Foods Limited,580.00,580.00,549.95,549.95,549.95,553.50,,549.95,,,502,276186.00,8,F1,1,,,,,
2026-09-04,2026-09-04,CM,BSE,STK,543738,INF740KA1RX3,BANKADD,B,,,,,DSP Nifty Bank ETF,59.03,59.15,59.01,59.15,59.15,58.87,,58.99,,,1228,72519.00,13,F1,1,,,,,
2026-09-04,2026-09-04,CM,BSE,STK,543743,INE035801013,AERONEU,B,,,,,Aeroflex Neu Limited,81.30,86.05,80.00,80.08,80.00,78.60,,80.57,,,10891,902189.00,120,F1,1,,,,,
2026-09-04,2026-09-04,CM,BSE,STK,543746,INE0BSU01018,LOGICA,M,,,,,LOGICA INFOWAY LIMITED,159.95,160.80,158.00,158.00,158.00,165.85,,158.00,,,19200,3075480.00,15,F1,600,,,,,
2026-09-04,2026-09-04,CM,BSE,STK,543747,INE0BTI01037,KAMOPAINTS,B,,,,,Kamdhenu Ventures Limited,4.77,4.77,4.50,4.54,4.57,4.50,,4.53,,,40495,185410.00,70,F1,1,,,,,
2026-09-04,2026-09-04,CM,BSE,STK,543748,INE0LRU01027,AARTIPHARM,A,,,,,Aarti Pharmalabs Limited,870.35,879.50,854.85,860.00,861.45,865.95,,858.81,,,20036,17320674.00,585,F1,1,,,,,
2026-09-04,2026-09-04,CM,BSE,STK,543766,INE094B01013,ASHIKAG,T,,,,,Ashika Global Securities Limit,424.90,431.90,421.40,422.10,422.10,424.15,,426.84,,,1132,480954.00,27,F1,1,,,,,
2026-09-04,2026-09-04,CM,BSE,STK,543767,INE0EEJ01023,BTML,B,,,,,BODHI TREE MULTIMEDIA LIMITED,8.43,8.71,8.21,8.25,8.71,8.49,,8.51,,,22597,188919.00,29,F1,1,,,,,
2026-09-04,2026-09-04,CM,BSE,STK,543768,INE0NNS01018,NSLNISP,A,,,,,NMDC Steel Limited,45.50,46.50,44.99,46.04,46.04,45.44,,46.02,,,399791,18290034.00,1932,F1,1,,,,,
2026-09-04,2026-09-04,CM,BSE,STK,543769,INE0KN201016,INDONG,MT,,,,,INDONG TEA COMPANY LIMITED,7.20,7.20,7.00,7.00,7.00,7.25,,7.00,,,12000,84800.00,3,F1,4000,,,,,
2026-09-04,2026-09-04,CM,BSE,STK,543774,INF179KC1EZ4,HDFCBSE500,B,,,,,HDFC Mutual Fund,38.00,38.00,37.45,37.68,37.68,37.82,,37.56,,,10529,397087.00,26,F1,1,,,,,
2026-09-04,2026-09-04,CM,BSE,STK,543775,INF179KC1FB2,HDFCSML250,B,,,,,HDFC Mutual Fund,187.35,187.35,186.31,186.53,186.64,186.12,,186.65,,,16607,3101990.00,427,F1,1,,,,,
2026-09-04,2026-09-04,CM,BSE,STK,543776,INF179KC1HT0,HDFCMID150,B,,,,,HDFC Mutual Fund,23.61,23.62,23.46,23.58,23.62,23.59,,23.51,,,24402,574398.00,324,F1,1,,,,,
2026-09-04,2026-09-04,CM,BSE,STK,543781,INF769K01JP9,GOLDETF,E,,,,,Mirae Asset Mutual Fund,148.26,150.73,148.26,149.47,149.53,148.31,,149.46,,,26091,3901600.00,841,F1,1,,,,,
2026-09-04,2026-09-04,CM,BSE,STK,543782,INE0O4601016,SEALMATIC,M,,,,,Sealmatic India Limited,386.95,387.00,375.00,377.50,375.05,373.75,,377.50,,,3240,1230048.00,15,F1,180,,,,,
2026-09-04,2026-09-04,CM,BSE,STK,543787,INE0OLH01013,ROBU,M,,,,,Macfos Limited,1127.00,1169.95,1095.10,1095.10,1095.10,1089.75,,1095.10,,,15510,17558120.00,80,F1,165,,,,,
2026-09-04,2026-09-04,CM,BSE,STK,543798,INE0NPA01011,PATRON,M,,,,,Patron Exim Limited,1.92,1.97,1.92,1.97,1.97,1.97,,1.97,,,12000,23240.00,2,F1,4000,,,,,
2026-09-04,2026-09-04,CM,BSE,STK,543799,INE0JZS01010,SVJ,M,,,,,S. V. J. Enterprises Limited,190.15,199.00,190.15,199.00,199.00,199.15,,199.00,,,750,144825.00,3,F1,250,,,,,
2026-09-04,2026-09-04,CM,BSE,STK,543805,INE0NYN01016,RESGEN,M,,,,,RESGEN LIMITED,42.63,47.99,42.51,47.34,47.00,43.50,,47.34,,,48750,2220780.00,45,F1,750,,,,,
2026-09-04,2026-09-04,CM,BSE,STK,543806,INE0O6A01019,ITCONS,M,,,,,ITCONS E-Solutions Limited,291.00,296.20,275.00,293.45,293.45,291.95,,293.45,,,74200,21417620.00,235,F1,200,,,,,
2026-09-04,2026-09-04,CM,BSE,STK,543811,INE645W01026,AIRAN,B,,,,,AIRAN LIMITED,14.52,15.55,14.52,15.53,15.55,14.80,,15.47,,,35689,549993.00,221,F1,1,,,,,
2026-09-04,2026-09-04,CM,BSE,STK,543812,INE753U01022,DIVGIITTS,B,,,,,DIVGI TORQTRANSFER SYSTEMS LIM,1233.05,1254.95,1213.35,1234.40,1235.00,1239.50,,1235.67,,,9664,11876187.00,676,F1,1,,,,,
2026-09-04,2026-09-04,CM,BSE,STK,543813,INF209KB18T9,ABSLLIQUID,F,,,,,Aditya Birla Sun Life Mutual F,1000.01,1000.01,999.99,999.99,1000.01,1000.01,,1000.00,,,230,229999.00,4,F1,1,,,,,
2026-09-04,2026-09-04,CM,BSE,STK,543814,INE0OKG01017,PCL,M,,,,,PROSPECT CONSUMER PRODUCTS LIM,33.24,37.99,33.24,37.99,37.99,36.94,,37.99,,,2000,71230.00,2,F1,1000,,,,,
2026-09-04,2026-09-04,CM,BSE,STK,543819,INF109KC10S8,PSUBNKIETF,B,,,,,ICICI Prudential Mutual Fund,86.80,87.27,86.11,86.47,86.11,86.45,,86.53,,,51914,4487240.00,57,F1,1,,,,,
2026-09-04,2026-09-04,CM,BSE,STK,543828,INE00TV01023,SUDARSHAN,M,,,,,SUDARSHAN PHARMA INDUSTRIES LI,39.00,40.95,38.11,39.42,39.35,39.02,,39.42,,,1240000,49388400.00,56,F1,4000,,,,,
2026-09-04,2026-09-04,CM,BSE,STK,543829,INE0JSX01015,GSLSU,B,,,,,Global Surfaces Limited,27.20,29.24,27.20,29.19,29.19,27.85,,28.79,,,38399,1110566.00,147,F1,1,,,,,
2026-09-04,2026-09-04,CM,BSE,STK,543830,INE0NLJ01011,LABELKRAFT,M,,,,,LABELKRAFT TECHNOLOGIES LIMITE,62.00,62.00,62.00,62.00,62.00,65.00,,62.00,,,2000,124000.00,1,F1,2000,,,,,
2026-09-04,2026-09-04,CM,BSE,STK,543831,INE0OMI01019,BRIGHT,M,,,,,Bright Outdoor Media Limited,349.00,355.00,347.50,351.25,355.00,349.00,,351.25,,,2250,788606.00,6,F1,375,,,,,
2026-09-04,2026-09-04,CM,BSE,STK,543848,INE0NIJ01025,DEVLAB,M,,,,,Dev Labtech Venture Limited,17.79,18.25,17.79,18.25,18.25,17.69,,18.25,,,24000,433520.00,5,F1,4000,,,,,
2026-09-04,2026-09-04,CM,BSE,STK,543853,INF846K010Q0,SENSEXAXIS,B,,,,,AXIS BSE SENSEX ETF,80.00,81.00,79.37,80.19,79.37,80.00,,79.81,,,10,800.00,5,F1,1,,,,,
2026-09-04,2026-09-04,CM,BSE,STK,543858,INF769K01JU9,LOWVOL,B,,,,,Mirae Asset Mutual Fund,204.13,204.13,204.13,204.13,204.13,205.69,,204.13,,,1,204.00,1,F1,1,,,,,
2026-09-04,2026-09-04,CM,BSE,STK,543860,INE825B01010,JAFINANCE,X,,,,,J.A. Finance Limited,131.65,131.65,119.20,125.60,125.95,125.40,,125.60,,,1247,160468.00,14,F1,1,,,,,
2026-09-04,2026-09-04,CM,BSE,STK,543861,INE0N0Y01013,USK,B,,,,,Udayshivakumar infra limited,21.30,21.30,20.38,21.02,21.03,20.70,,20.99,,,3441,72654.00,37,F1,1,,,,,
2026-09-04,2026-09-04,CM,BSE,STK,543874,INE0O1T01010,MAIDEN,M,,,,,Maiden Forgings Limited,111.95,111.95,107.00,107.00,107.00,107.65,,107.00,,,15000,1614500.00,15,F1,1000,,,,,
2026-09-04,2026-09-04,CM,BSE,STK,543895,INE0O8901016,EXHICON,M,,,,,Exhicon Events Media Solutions,475.00,478.65,468.00,469.85,468.00,473.50,,469.85,,,11250,5314887.00,41,F1,250,,,,,
2026-09-04,2026-09-04,CM,BSE,STK,543896,INE0LCL01028,AVALON,A,,,,,Avalon Technologies Limited,2281.20,2345.00,2181.50,2196.75,2196.75,2247.45,,2196.60,,,30747,69286484.00,2653,F1,1,,,,,
2026-09-04,2026-09-04,CM,BSE,STK,543897,INE0P7001013,SANCODE,MT,,,,,Sancode Technologies Limited,613.70,613.70,613.70,613.70,613.70,601.70,,613.70,,,500,306850.00,1,F1,500,,,,,
2026-09-04,2026-09-04,CM,BSE,STK,543898,INE0N7W01012,BLAL,B,,,,,BEML Land Assets Limited,162.00,165.55,160.55,161.25,162.20,162.00,,160.88,,,729,118164.00,114,F1,1,,,,,
2026-09-04,2026-09-04,CM,BSE,STK,543899,INE0NR623014,CUBEINVIT,IF,,,,,Cube Highways Trust,159.48,159.48,156.50,157.33,156.52,156.80,,157.49,,,9426,1482447.00,190,F1,1,,,,,
2026-09-04,2026-09-04,CM,BSE,STK,543900,INF789F1AYK6,SILVERBETA,E,,,,,UTI Mutual Fund,224.43,225.90,223.70,224.80,224.79,222.07,,224.83,,,8649,1943316.00,331,F1,1,,,,,
2026-09-04,2026-09-04,CM,BSE,STK,543901,INE508K01013,RHL,B,,,,,ROBUST HOTELS LIMITED,168.10,168.10,168.10,168.10,168.10,169.40,,167.90,,,15,2521.00,1,F1,1,,,,,
2026-09-04,2026-09-04,CM,BSE,STK,543902,INE0NTC01019,RETINA,M,,,,,Retina Paints Limited,37.90,39.01,36.10,37.50,37.50,38.00,,37.50,,,86000,3175540.00,21,F1,2000,,,,,
2026-09-04,2026-09-04,CM,BSE,STK,543903,INF740KA1ZP2,GOLDADD,E,,,,,DSP GOLD ETF,15.17,15.29,14.87,14.97,14.97,14.80,,14.95,,,16214,243018.00,58,F1,1,,,,,
2026-09-04,2026-09-04,CM,BSE,STK,543904,INE634S01028,MANKIND,A,,,,,Mankind Pharma Limited,2350.05,2368.00,2321.00,2328.55,2328.55,2345.00,,2327.94,,,5784,13571635.00,945,F1,1,,,,,
2026-09-04,2026-09-04,CM,BSE,STK,543905,INE0LDI01022,INNOKAIZ,MT,,,,,INNOKAIZ INDIA LIMITED,12.59,12.60,11.40,11.40,11.40,12.00,,11.40,,,4800,58552.00,5,F1,800,,,,,
2026-09-04,2026-09-04,CM,BSE,STK,543910,INE680Z01018,AVG,T,,,,,AVG Logistics Limited,168.00,171.15,165.50,165.90,165.90,172.05,,166.03,,,2714,454744.00,44,F1,1,,,,,
2026-09-04,2026-09-04,CM,BSE,STK,543911,INE0ALR01029,ATALREAL,B,,,,,Atal Realtech Limited,26.30,26.45,26.02,26.31,26.31,25.90,,26.23,,,348694,9133307.00,368,F1,1,,,,,
2026-09-04,2026-09-04,CM,BSE,STK,543912,INE557Z01018,PIGL,B,,,,,Power & Instrumentation (Gujar,101.45,101.45,99.00,99.00,99.00,99.25,,98.78,,,483,48528.00,27,F1,1,,,,,
2026-09-04,2026-09-04,CM,BSE,STK,543913,INE0NDH25011,NXST,IF,,,,,Nexus Select Trust,168.00,168.20,164.00,164.22,166.80,167.92,,164.55,,,3851455,632512858.00,1903,F1,1,,,,,
2026-09-04,2026-09-04,CM,BSE,STK,543914,INE210F01016,SWATIPRO,XT,,,,,Swati Projects Limited,39.62,42.12,39.62,39.62,39.62,41.70,,39.62,,,57604,2283701.00,372,F1,1,,,,,
2026-09-04,2026-09-04,CM,BSE,STK,543915,INE07S101038,PAVNAIND,B,,,,,Pavna Industries Limited,16.56,17.55,16.56,17.01,17.01,16.90,,17.22,,,9867,169782.00,260,F1,1,,,,,
2026-09-04,2026-09-04,CM,BSE,STK,543916,INE0GYI01028,HSIL,M,,,,,Hemant Surgical Industries Lim,373.00,373.90,368.00,372.35,373.00,368.65,,372.35,,,6000,2231420.00,15,F1,400,,,,,
2026-09-04,2026-09-04,CM,BSE,STK,543917,INE0A0S01028,SIGMA,B,,,,,SIGMA SOLVE LIMITED,48.90,48.90,45.92,46.97,46.69,47.27,,46.67,,,8341,390753.00,153,F1,1,,,,,
2026-09-04,2026-09-04,CM,BSE,STK,543918,INE0PA801013,GHCLTEXTIL,B,,,,,GHCL Textiles Limited,139.90,139.90,135.25,136.70,136.30,138.10,,136.72,,,23718,3247848.00,400,F1,1,,,,,
2026-09-04,2026-09-04,CM,BSE,STK,543919,INE964W01021,MKPL,B,,,,,M.K.Proteins Limited,4.10,4.10,3.97,4.03,4.03,4.08,,4.02,,,18910,76179.00,146,F1,1,,,,,
2026-09-04,2026-09-04,CM,BSE,STK,543920,INE0NJ001013,CFF,M,,,,,CFF FLUID CONTROL LIMITED,995.00,1000.00,986.00,989.30,986.70,994.50,,989.30,,,20000,19822070.00,99,F1,200,,,,,
2026-09-04,2026-09-04,CM,BSE,STK,543921,INE0NXA01015,COMRADE,MT,,,,,Comrade Appliances Limited,35.70,35.70,35.70,35.70,35.70,35.00,,35.70,,,2000,71400.00,1,F1,1000,,,,,
2026-09-04,2026-09-04,CM,BSE,STK,543922,INF769K01KG6,SILVERAG,E,,,,,Mirae Asset Mutual Fund,226.16,227.67,226.07,226.79,227.67,224.20,,227.02,,,2441,553497.00,66,F1,1,,,,,
2026-09-04,2026-09-04,CM,BSE,STK,543923,INE0LOJ01019,IKIO,B,,,,,IKIO Technologies Limited,207.60,221.90,207.60,212.65,212.00,208.10,,212.35,,,48693,10536424.00,883,F1,1,,,,,
2026-09-04,2026-09-04,CM,BSE,STK,543924,INE0N5O01013,SONALIS,M,,,,,Sonalis Consumer Products Limi,42.50,43.00,42.00,42.00,42.00,43.20,,42.00,,,10000,424020.00,5,F1,2000,,,,,
2026-09-04,2026-09-04,CM,BSE,STK,543926,INE0OJ401014,BIZOTIC,M,,,,,Bizotic Commercial Limited,79.90,82.82,78.00,82.81,82.50,78.88,,82.81,,,164400,13410048.00,98,F1,1200,,,,,
2026-09-04,2026-09-04,CM,BSE,STK,543927,INE04Z101016,ASIAN,X,,,,,Asian Warehousing Limited,34.00,34.00,32.25,32.75,33.63,32.91,,32.75,,,793,26322.00,29,F1,1,,,,,
2026-09-04,2026-09-04,CM,BSE,STK,543928,INE0ORA01015,COSMICCRF,MT,,,,,Cosmic CRF Limited,1260.00,1322.45,1260.00,1304.70,1318.00,1302.05,,1304.70,,,2300,2980115.00,21,F1,100,,,,,
2026-09-04,2026-09-04,CM,BSE,STK,543929,INE0ECP01024,HMAAGRO,B,,,,,HMA Agro Industries Limited,21.09,21.09,20.67,20.83,20.91,20.76,,20.84,,,53203,1108318.00,188,F1,1,,,,,
2026-09-04,2026-09-04,CM,BSE,STK,543930,INE568Z01015,URAVIDEF,T,,,,,Uravi Defence and Technology L,120.55,120.60,120.55,120.55,120.55,123.00,,120.55,,,606,73059.00,10,F1,1,,,,,
2026-09-04,2026-09-04,CM,BSE,STK,543931,INE0Q0M01015,VEEFIN,M,,,,,VEEFIN SOLUTIONS LIMITED,233.95,237.00,226.00,234.00,237.00,231.05,,234.00,,,9800,2275110.00,49,F1,200,,,,,
2026-09-04,2026-09-04,CM,BSE,STK,543932,INE349Y01013,IDEAFORGE,B,,,,,IDEAFORGE TECHNOLOGY LIMITED,777.65,799.00,776.00,777.55,776.00,776.80,,777.07,,,24400,19163906.00,1148,F1,1,,,,,
2026-09-04,2026-09-04,CM,BSE,STK,543933,INE055S01018,CYIENTDLM,B,,,,,Cyient DLM Limited,836.25,893.10,836.25,856.20,850.85,836.40,,856.93,,,82906,72028721.00,2434,F1,1,,,,,
2026-09-04,2026-09-04,CM,BSE,STK,543934,INE01BT01015,MACIND,X,,,,,Machhar Industries Limited,372.00,392.35,372.00,392.35,392.35,373.70,,392.35,,,511,196957.00,28,F1,1,,,,,
2026-09-04,2026-09-04,CM,BSE,STK,543935,INF740KA1SX1,ITADD,B,,,,,DSP NIFTY IT ETF,32.89,32.89,32.55,32.55,32.55,32.73,,32.56,,,1004,32967.00,8,F1,1,,,,,
2026-09-04,2026-09-04,CM,BSE,STK,543936,INE602W01027,SENCO,A,,,,,Senco Gold Limited,349.05,362.95,349.05,358.25,358.25,348.65,,358.62,,,105819,37822885.00,1971,F1,1,,,,,
2026-09-04,2026-09-04,CM,BSE,STK,543939,INE0P3N01018,KAKA,M,,,,,Kaka Industries Limited,225.85,225.90,223.65,223.70,223.70,225.90,,223.70,,,3000,675450.00,4,F1,500,,,,,
2026-09-04,2026-09-04,CM,BSE,STK,543940,INE758E01017,JIOFIN,A,,,,,Jio Financial Services Limited,237.55,240.55,237.55,239.85,239.85,237.70,,239.53,,,1072017,256603971.00,10168,F1,1,,,,,
2026-09-04,2026-09-04,CM,BSE,STK,543941,INE0NEV01011,AHASOLAR,M,,,,,AHASOLAR TECHNOLOGIES LIMITED,76.00,77.99,75.11,76.01,76.01,76.25,,76.01,,,2000,152284.00,5,F1,400,,,,,
2026-09-04,2026-09-04,CM,BSE,STK,543942,INE735W01017,UTKARSHBNK,B,,,,,UTKARSH SMALL FINANCE BANK LIM,15.04,15.05,14.54,14.59,14.68,14.88,,14.56,,,184005,2722126.00,562,F1,1,,,,,
2026-09-04,2026-09-04,CM,BSE,STK,543943,INE0DN001027,ASARFI,M,,,,,ASARFI HOSPITAL LIMITED,196.40,199.45,193.00,196.70,198.50,196.40,,196.70,,,51000,9988800.00,46,F1,1000,,,,,
2026-09-04,2026-09-04,CM,BSE,STK,543944,INF769K01KR3,BANKETF,B,,,,,Mirae Asset Mutual Fund,586.03,588.12,585.92,586.41,586.41,586.03,,586.33,,,28,16424.00,7,F1,1,,,,,
2026-09-04,2026-09-04,CM,BSE,STK,543945,INE0NT901020,NETWEB,A,,,,,NETWEB TECHNOLOGIES INDIA LIMI,5309.95,5424.00,5170.00,5193.55,5193.55,5272.65,,5193.04,,,269601,1426344405.00,19897,F1,1,,,,,
2026-09-04,2026-09-04,CM,BSE,STK,543946,INF769K01KS1,LIQUID,F,,,,,Mirae Asset Mutual Fund,1000.00,1000.01,1000.00,1000.00,1000.01,1000.00,,999.99,,,45117,45117034.00,38,F1,1,,,,,
2026-09-04,2026-09-04,CM,BSE,STK,543947,INF740KA1SZ6,SENSEXADD,B,,,,,DSP BSE Sensex ETF,79.44,79.44,78.81,78.81,78.81,79.08,,79.27,,,4,316.00,4,F1,1,,,,,
2026-09-04,2026-09-04,CM,BSE,STK,543948,INF740KA1SY9,PSUBANKADD,B,,,,,DSP NIFTY PSU BANK ETF,88.80,88.80,86.23,86.69,87.18,86.64,,86.48,,,2284,198035.00,115,F1,1,,,,,
2026-09-04,2026-09-04,CM,BSE,STK,543949,INF740KA1TA7,PVTBANKADD,B,,,,,DSP NIFTY PRIVATE BANK ETF,28.38,28.45,28.32,28.40,28.40,28.39,,28.34,,,638,18072.00,6,F1,1,,,,,
2026-09-04,2026-09-04,CM,BSE,STK,543950,INE0JO301016,YATHARTH,A,,,,,YATHARTH HOSPITAL & TRAUMA CAR,973.00,995.95,966.10,990.60,991.10,962.75,,991.09,,,24836,24430584.00,1036,F1,1,,,,,
2026-09-04,2026-09-04,CM,BSE,STK,543952,INE342G01023,NIITMTS,B,,,,,NIIT Learning Systems Limited,225.70,227.35,222.80,226.70,226.60,222.80,,225.96,,,9985,2257758.00,297,F1,1,,,,,
2026-09-04,2026-09-04,CM,BSE,STK,543953,INE0OWC01011,KHAZANCHI,M,,,,,Khazanchi Jewellers Limited,757.80,767.35,754.00,763.60,764.50,754.00,,763.60,,,13000,9878787.00,40,F1,250,,,,,
2026-09-04,2026-09-04,CM,BSE,STK,543954,INE0NN701020,ATL,B,,,,,Allcargo Terminals Limited,23.79,25.50,23.79,25.34,24.88,24.34,,25.32,,,27530,693223.00,454,F1,1,,,,,
2026-09-04,2026-09-04,CM,BSE,STK,543955,INE0O3901029,TREL,B,,,,,Transindia Real Estate Limited,28.25,28.25,26.90,27.41,27.41,26.81,,27.44,,,1401,37968.00,48,F1,1,,,,,
2026-09-04,2026-09-04,CM,BSE,STK,543956,INF109KC18V5,QUAL30IETF,B,,,,,ICICI Prudential Mutual Fund,21.05,21.15,21.03,21.07,21.07,21.19,,21.12,,,463,9745.00,14,F1,1,,,,,
2026-09-04,2026-09-04,CM,BSE,STK,543957,INE0LXT01019,REDTAPE,B,,,,,REDTAPE Limited,119.00,121.90,117.75,120.50,120.00,117.50,,120.43,,,26472,3178031.00,319,F1,1,,,,,
2026-09-04,2026-09-04,CM,BSE,STK,543958,INE03HW01020,VLEGOV,T,,,,,VL E-Governance & IT Solutions,10.50,11.28,10.25,10.70,10.60,10.77,,10.62,,,13072,138204.00,89,F1,1,,,,,
2026-09-04,2026-09-04,CM,BSE,STK,543959,INE423Y01016,SBFC,A,,,,,SBFC Finance Limited,100.59,100.70,98.47,100.05,100.05,99.88,,100.08,,,95441,9479639.00,634,F1,1,,,,,
2026-09-04,2026-09-04,CM,BSE,STK,543960,INE338H01029,CONCORDBIO,A,,,,,Concord Biotech Limited,1448.05,1451.00,1408.60,1414.75,1426.95,1448.45,,1416.76,,,10453,14951087.00,807,F1,1,,,,,
2026-09-04,2026-09-04,CM,BSE,STK,543962,INE864X01013,DPWIRES,T,,,,,D.P. WIRES LIMITED,152.45,158.00,151.55,151.85,151.60,154.00,,152.63,,,1028,157783.00,35,F1,1,,,,,
2026-09-04,2026-09-04,CM,BSE,STK,543963,INE013V01011,SHELTER,M,,,,,SHELTER PHARMA LIMITED,33.00,33.00,31.60,31.60,31.60,31.37,,31.60,,,21000,677130.00,7,F1,3000,,,,,
2026-09-04,2026-09-04,CM,BSE,STK,543965,INE395N01027,TVSSCS,B,,,,,TVS Supply Chain Solutions Lim,129.20,132.50,127.00,130.45,130.50,129.80,,130.41,,,57745,7469646.00,725,F1,1,,,,,
2026-09-04,2026-09-04,CM,BSE,STK,543969,INE0MIS01010,PYRAMID,B,,,,,Pyramid Technoplast Limited,156.00,156.20,152.00,152.40,153.50,153.40,,153.73,,,2032,311818.00,74,F1,1,,,,,
2026-09-04,2026-09-04,CM,BSE,STK,543970,INE0OJZ01019,SHOORA,M,,,,,Shoora Designs Limited,68.60,68.60,68.60,68.60,68.60,68.60,,68.60,,,207000,14200200.00,3,F1,1500,,,,,
2026-09-04,2026-09-04,CM,BSE,STK,543971,INE0Q8P01029,BONDADA,M,,,,,Bondada Engineering Limited,282.95,285.00,278.15,282.25,282.50,279.75,,282.25,,,83800,23612650.00,317,F1,200,,,,,
2026-09-04,2026-09-04,CM,BSE,STK,543972,INE024001021,AEROFLEX,B,,,,,Aeroflex Industries Limited,545.00,552.95,528.50,537.55,542.00,542.35,,537.46,,,93608,50562946.00,2198,F1,1,,,,,
2026-09-04,2026-09-04,CM,BSE,STK,543974,INE0AE001013,VPRPL,B,,,,,VISHNU PRAKASH R PUNGLIA LIMIT,35.84,37.52,35.84,36.38,36.59,36.05,,36.30,,,65756,2405022.00,794,F1,1,,,,,
2026-09-04,2026-09-04,CM,BSE,STK,543976,INE489B01031,SHRAAITECH,X,,,,,Shradha AI Technologies Limite,23.87,23.89,23.10,23.60,23.57,23.70,,23.60,,,14111,330438.00,147,F1,1,,,,,
2026-09-04,2026-09-04,CM,BSE,STK,543977,INE0N2P01017,RISHABH,B,,,,,Rishabh Instruments Limited,741.50,746.90,716.45,740.30,740.90,734.70,,738.50,,,9110,6662322.00,385,F1,1,,,,,
2026-09-04,2026-09-04,CM,BSE,STK,543978,INE05CZ01011,RATNAVEER,B,,,,,Ratnaveer Precision Engineerin,288.05,308.00,288.05,305.50,305.50,287.10,,304.77,,,200653,60236973.00,3029,F1,1,,,,,
2026-09-04,2026-09-04,CM,BSE,STK,543980,INE682M01020,JLHL,A,,,,,Jupiter Life Line Hospitals Li,290.25,291.95,284.00,286.35,285.00,289.90,,286.44,,,6902,1990449.00,530,F1,1,,,,,
2026-09-04,2026-09-04,CM,BSE,STK,543981,INE777K01022,RRKABEL,A,,,,,R R KABEL LIMITED,2526.30,2608.10,2375.25,2451.10,2451.10,2618.80,,2453.95,,,236092,582972199.00,18647,F1,1,,,,,
2026-09-04,2026-09-04,CM,BSE,STK,543982,INE0OYE01013,QUESTFLOW,M,,,,,QUEST FLOW CONTROLS LIMITED,150.00,154.75,149.15,153.95,154.00,150.30,,153.95,,,8800,1344890.00,31,F1,200,,,,,
2026-09-04,2026-09-04,CM,BSE,STK,543983,INE0OV601013,EMSLIMITED,B,,,,,EMS LIMITED,385.70,388.00,381.05,382.95,382.95,387.55,,383.05,,,20036,7669868.00,522,F1,1,,,,,
2026-09-04,2026-09-04,CM,BSE,STK,543984,INE08U801020,SAMHI,A,,,,,Samhi Hotels Limited,152.60,155.00,152.45,153.90,155.00,152.70,,153.98,,,63364,9720780.00,887,F1,1,,,,,
2026-09-04,2026-09-04,CM,BSE,STK,543985,INE07K301024,ZAGGLE,A,,,,,ZAGGLE PREPAID OCEAN SERVICES,182.80,186.90,180.40,180.90,180.90,182.80,,180.78,,,76677,13969760.00,1435,F1,1,,,,,
2026-09-04,2026-09-04,CM,BSE,STK,543986,INE980Y01015,SOUTHWEST,B,,,,,South West Pinnacle Exploratio,216.00,219.65,212.35,213.25,213.25,212.15,,212.93,,,11587,2504874.00,277,F1,1,,,,,
2026-09-04,2026-09-04,CM,BSE,STK,543988,INE531F01023,NUVAMA,A,,,,,Nuvama Wealth Management Limit,1860.20,1860.30,1801.00,1815.65,1826.10,1838.70,,1815.60,,,9257,16931682.00,743,F1,1,,,,,
2026-09-04,2026-09-04,CM,BSE,STK,543989,INE438K01021,KALAMANDIR,B,,,,,Sai Silks (Kalamandir) Limited,86.90,86.93,85.97,86.41,86.77,85.96,,86.49,,,14424,1245429.00,200,F1,1,,,,,
2026-09-04,2026-09-04,CM,BSE,STK,543990,INE903U01023,SIGNATURE,A,,,,,SIGNATUREGLOBAL (INDIA) LIMITE,799.60,809.50,784.30,796.95,798.80,793.70,,796.57,,,19588,15527511.00,691,F1,1,,,,,
2026-09-04,2026-09-04,CM,BSE,STK,543991,INE0P4P01011,TECHKGREEN,M,,,,,TECHKNOWGREEN SOLUTIONS LIMITE,133.00,139.00,133.00,138.50,139.00,135.00,,138.50,,,6000,820060.00,13,F1,400,,,,,
2026-09-04,2026-09-04,CM,BSE,STK,543992,INE0JR601024,YATRA,B,,,,,YATRA ONLINE LIMITED,113.50,116.10,113.30,113.55,113.60,113.40,,113.50,,,215778,24689023.00,5053,F1,1,,,,,
2026-09-04,2026-09-04,CM,BSE,STK,543993,INE372M01010,ARCL,B,,,,,ARCL Organics Ltd,217.80,217.80,216.60,217.25,217.25,218.85,,225.00,,,42,9112.00,3,F1,1,,,,,
2026-09-04,2026-09-04,CM,BSE,STK,543994,INE880J01026,JSWINFRA,A,,,,,JSW Infrastructure Limited,339.30,339.30,332.45,333.10,332.45,333.15,,333.00,,,1049087,350403930.00,1557,F1,1,,,,,
2026-09-04,2026-09-04,CM,BSE,STK,543995,INE0KNT01012,MVGJL,B,,,,,MANOJ VAIBHAV GEMS 'N' JEWELLE,173.35,187.60,173.35,179.50,178.00,169.60,,179.89,,,69559,12656985.00,1770,F1,1,,,,,
2026-09-04,2026-09-04,CM,BSE,STK,543996,INE851I01011,UDS,B,,,,,Updater Services Limited,240.90,240.90,231.80,238.15,237.80,236.60,,238.95,,,31089,7352800.00,885,F1,1,,,,,
2026-09-04,2026-09-04,CM,BSE,STK,543997,INE0MIO01019,ORGANICREC,M,,,,,ORGANIC RECYCLING SYSTEMS LIMI,160.00,161.10,160.00,160.90,160.50,158.00,,160.90,,,63000,10110420.00,57,F1,900,,,,,
2026-09-04,2026-09-04,CM,BSE,STK,543998,INE0JWS01017,VALIANTLAB,T,,,,,Valiant Laboratories Limited,107.27,107.27,104.10,107.27,107.27,102.17,,105.97,,,50748,5438769.00,182,F1,1,,,,,
2026-09-04,2026-09-04,CM,BSE,STK,543999,INF769K01KT9,SENSEXETF,B,,,,,Mirae Asset Mutual Fund,79.28,79.34,79.00,79.07,79.27,79.10,,79.15,,,2773,219927.00,11,F1,1,,,,,
2026-09-04,2026-09-04,CM,BSE,STK,544001,INE0Q1S01010,SUNITATOOL,MT,,,,,Sunita Tools Limited,982.50,1014.00,972.00,1008.40,1014.00,1021.55,,1008.40,,,14500,14351668.00,94,F1,125,,,,,
2026-09-04,2026-09-04,CM,BSE,STK,544002,INE0PA601017,VIVAA,MT,,,,,Vivaa Tradecom Limited,130.00,130.00,130.00,130.00,130.00,130.00,,130.00,,,2000,260000.00,1,F1,2000,,,,,
2026-09-04,2026-09-04,CM,BSE,STK,544003,INE0INJ01017,PLAZACABLE,B,,,,,Plaza Wires Limited,64.00,64.00,60.96,61.77,61.60,62.21,,61.33,,,15245,946571.00,306,F1,1,,,,,
2026-09-04,2026-09-04,CM,BSE,STK,544004,INE07U701015,IRMENERGY,B,,,,,IRM ENERGY LIMITED,288.00,288.00,280.95,281.70,281.70,284.60,,281.41,,,4439,1260343.00,316,F1,1,,,,,
2026-09-04,2026-09-04,CM,BSE,STK,544006,INF769K01KV5,ITETF,B,,,,,Mirae Asset Mutual Fund,32.99,33.10,32.50,32.53,32.59,32.77,,32.54,,,12826,418449.00,220,F1,1,,,,,
2026-09-04,2026-09-04,CM,BSE,STK,544007,INF769K01KU7,ALPHAETF,B,,,,,Mirae Asset Mutual Fund,26.69,26.73,26.54,26.58,26.55,26.53,,26.58,,,15918,423302.00,232,F1,1,,,,,
2026-09-04,2026-09-04,CM,BSE,STK,544008,INE03EI01018,MAXESTATES,B,,,,,Max Estates Limited,532.10,545.00,526.20,543.45,541.25,529.55,,542.24,,,3785,2033385.00,106,F1,1,,,,,
2026-09-04,2026-09-04,CM,BSE,STK,544009,INE0KBH01020,BLUEJET,A,,,,,Blue Jet Healthcare Limited,581.00,583.50,563.25,569.15,569.45,579.15,,569.77,,,35364,20194625.00,844,F1,1,,,,,
2026-09-04,2026-09-04,CM,BSE,STK,544010,INF200KA13Z8,LIQUIDSBI,F,,,,,SBI Mutual Fund,1000.01,1000.01,999.99,999.99,999.99,999.99,,1000.00,,,13,12999.00,2,F1,1,,,,,
2026-09-04,2026-09-04,CM,BSE,STK,544012,INE0LMW01024,CELLO,A,,,,,Cello World Limited,343.55,345.65,340.10,342.50,342.60,343.50,,342.03,,,18706,6415085.00,763,F1,1,,,,,
2026-09-04,2026-09-04,CM,BSE,STK,544014,INE0J5401028,HONASA,A,,,,,Honasa Consumer Limited,476.05,494.00,468.95,470.75,476.50,477.45,,471.04,,,56550,27169783.00,1763,F1,1,,,,,
2026-09-04,2026-09-04,CM,BSE,STK,544015,INE0QI101019,MISHDESIGN,M,,,,,Mish Designs Limited,34.50,36.00,33.44,36.00,36.00,37.15,,36.00,,,2000,68720.00,4,F1,500,,,,,
2026-09-04,2026-09-04,CM,BSE,STK,544020,INE818W01011,ESAFSFB,T,,,,,ESAF Small Finance Bank Ltd,41.32,42.39,40.27,41.69,41.75,41.32,,41.45,,,25582,1058958.00,159,F1,1,,,,,
2026-09-04,2026-09-04,CM,BSE,STK,544021,INE004A01022,PROTEAN,A,,,,,Protean eGov Technologies Limi,496.05,502.10,489.90,497.35,500.85,495.25,,496.34,,,23919,11860747.00,1207,F1,1,,,,,
2026-09-04,2026-09-04,CM,BSE,STK,544022,INE491J01022,ASKAUTOLTD,B,,,,,ASK Automotive Limited,634.85,634.85,616.40,619.05,618.20,632.55,,618.86,,,8374,5218330.00,399,F1,1,,,,,
2026-09-04,2026-09-04,CM,BSE,STK,544023,INE0N6U01018,KALYANI,M,,,,,Kalyani Cast-Tech Limited,992.00,998.95,976.00,976.85,976.00,992.00,,976.85,,,10250,10106500.00,33,F1,250,,,,,
2026-09-04,2026-09-04,CM,BSE,STK,544026,INE202E01016,IREDA,A,,,,,Indian Renewable Energy Develo,113.50,114.60,113.25,113.60,113.60,113.50,,113.63,,,560111,63824041.00,5022,F1,1,,,,,
2026-09-04,2026-09-04,CM,BSE,STK,544027,INE007N01010,FEDFINA,B,,,,,Fedbank Financial Services Lim,159.90,163.25,157.85,161.65,162.00,157.20,,161.56,,,49767,7990024.00,703,F1,1,,,,,
2026-09-04,2026-09-04,CM,BSE,STK,544028,INE142M01025,TATATECH,A,,,,,Tata Technologies Limited,814.70,830.10,796.45,799.85,799.85,804.60,,800.00,,,2189226,1721028440.00,3321,F1,1,,,,,
2026-09-04,2026-09-04,CM,BSE,STK,544029,INE717W01049,GANDHAR,B,,,,,Gandhar Oil Refinery (India) L,267.50,269.95,260.80,267.55,267.35,267.55,,267.60,,,79361,21026787.00,1048,F1,1,,,,,
2026-09-04,2026-09-04,CM,BSE,STK,544030,INE00Y201027,FLAIR,B,,,,,Flair Writing Industries Limit,251.65,251.65,242.50,243.45,243.00,248.00,,243.70,,,9589,2366923.00,266,F1,1,,,,,
2026-09-04,2026-09-04,CM,BSE,STK,544035,INE0RDR01012,SPL,M,,,,,Swashthik Plascon Limited,22.40,22.40,22.40,22.40,22.40,22.24,,22.40,,,1600,35840.00,1,F1,1600,,,,,
2026-09-04,2026-09-04,CM,BSE,STK,544036,INE0RDM01013,DEEPAKCHEM,M,,,,,DEEPAK CHEMTEX LIMITED,83.00,83.00,77.50,80.28,83.00,83.90,,80.28,,,13600,1096000.00,12,F1,800,,,,,
2026-09-04,2026-09-04,CM,BSE,STK,544037,INE0P9J01013,AMIC,M,,,,,Amic Forging Limited,2170.00,2214.00,2126.25,2152.95,2138.05,2173.25,,2152.95,,,82200,179328075.00,423,F1,100,,,,,
2026-09-04,2026-09-04,CM,BSE,STK,544042,INE0KQN01018,BAJEL,B,,,,,Bajel Projects Limited,185.70,186.95,183.00,183.75,184.85,185.70,,183.81,,,17468,3229745.00,357,F1,1,,,,,
2026-09-04,2026-09-04,CM,BSE,STK,544043,INF251K01SU9,BBNPPGOLD,E,,,,,BARODA BNP PARIBAS MUTUAL FUND,149.16,150.25,148.16,148.16,148.16,147.07,,148.70,,,202,30225.00,9,F1,1,,,,,
2026-09-04,2026-09-04,CM,BSE,STK,544044,INE922K01024,INDIASHLTR,A,,,,,India Shelter Finance Corporat,673.65,679.20,671.45,677.40,679.20,670.50,,677.11,,,5535,3735993.00,192,F1,1,,,,,
2026-09-04,2026-09-04,CM,BSE,STK,544045,INE321T01012,DOMS,A,,,,,DOMS Industries Limited,2236.90,2236.90,2186.00,2207.95,2205.90,2206.40,,2208.68,,,2114,4657559.00,290,F1,1,,,,,
2026-09-04,2026-09-04,CM,BSE,STK,544046,INE616N01034,INOXINDIA,A,,,,,INOX India Limited,2220.05,2321.55,2207.95,2248.45,2258.20,2180.15,,2247.83,,,82602,187351998.00,6517,F1,1,,,,,
2026-09-04,2026-09-04,CM,BSE,STK,544047,INE0QSK01017,SIYARAM,M,,,,,Siyaram Recycling Industries L,35.28,35.85,34.85,35.32,35.55,35.27,,35.32,,,46500,1636905.00,29,F1,1500,,,,,
2026-09-04,2026-09-04,CM,BSE,STK,544052,INE0Q2Z01013,BENCHMARK,MT,,,,,Benchmark Computer Solutions L,45.00,45.10,45.00,45.10,45.10,45.00,,45.10,,,14000,630280.00,5,F1,2000,,,,,
2026-09-04,2026-09-04,CM,BSE,STK,544053,INE0FRK01020,MOTISONS,B,,,,,Motisons Jewellers Limited,15.19,17.49,15.19,16.51,16.51,15.40,,16.48,,,4018743,66060640.00,3583,F1,1,,,,,
2026-09-04,2026-09-04,CM,BSE,STK,544054,INE843S01025,SURAJEST,B,,,,,Suraj Estate Developers Limite,181.75,181.75,177.90,178.20,178.60,178.30,,178.25,,,8789,1581244.00,169,F1,1,,,,,
2026-09-04,2026-09-04,CM,BSE,STK,544055,INE046W01019,MUTHOOTMF,B,,,,,Muthoot Microfin Limited,207.95,209.00,204.55,205.35,207.00,207.05,,205.30,,,26509,5477539.00,458,F1,1,,,,,
2026-09-04,2026-09-04,CM,BSE,STK,544057,INE330T01021,HAPPYFORGE,B,,,,,Happy Forgings Limited,2295.00,2311.75,2229.85,2239.75,2239.85,2290.05,,2238.58,,,53731,121725082.00,693,F1,1,,,,,
2026-09-04,2026-09-04,CM,BSE,STK,544058,INE220Q01020,MUFTI,B,,,,,Credo Brands Marketing Limited,73.99,75.60,72.33,75.12,75.14,73.18,,75.23,,,12405,919339.00,201,F1,1,,,,,
2026-09-04,2026-09-04,CM,BSE,STK,544059,INE0QZQ01019,SHANTIDENM,M,,,,,SHANTI SPINTEX LIMITED,35.00,35.70,35.00,35.70,35.70,37.65,,35.70,,,10000,351400.00,2,F1,2000,,,,,
2026-09-04,2026-09-04,CM,BSE,STK,544060,INE0PEQ01016,RBZJEWEL,B,,,,,RBZ Jewellers Limited,196.55,205.45,194.00,200.75,200.75,192.65,,200.69,,,363372,72778499.00,3992,F1,1,,,,,
2026-09-04,2026-09-04,CM,BSE,STK,544061,INE02IJ01035,AZAD,A,,,,,Azad Engineering Limited,2794.50,2823.95,2756.55,2775.95,2790.00,2765.75,,2777.25,,,11446,31945546.00,838,F1,1,,,,,
2026-09-04,2026-09-04,CM,BSE,STK,544066,INE0Q3R01026,SUNCLAY,B,,,,,SUNDARAM-CLAYTON LIMITED,1297.85,1297.85,1297.85,1297.85,1297.85,1297.85,,1304.29,,,11,14276.00,8,F1,1,,,,,
2026-09-04,2026-09-04,CM,BSE,STK,544067,INE0DUT01020,INNOVACAP,B,,,,,INNOVA CAPTAB LIMITED,1123.95,1200.00,1117.50,1174.45,1181.25,1124.20,,1175.37,,,15753,18395327.00,1430,F1,1,,,,,
2026-09-04,2026-09-04,CM,BSE,STK,544072,INE0QFT01015,AIKPIPES,M,,,,,AIK Pipes and Polymers Limited,32.00,33.30,32.00,32.65,32.65,31.85,,32.65,,,3200,103960.00,4,F1,800,,,,,
2026-09-04,2026-09-04,CM,BSE,STK,544074,INE0RNZ01014,SBVCL,MT,,,,,Shri Balaji Valve Components L,132.00,132.00,125.60,125.60,125.60,131.95,,125.60,,,2400,312060.00,4,F1,600,,,,,
2026-09-04,2026-09-04,CM,BSE,STK,544079,INE0PSC01024,DIGIDRIVE,B,,,,,DIGIDRIVE DISTRIBUTORS LIMITED,17.85,17.85,17.60,17.60,17.60,17.33,,17.65,,,100,1761.00,7,F1,1,,,,,
2026-09-04,2026-09-04,CM,BSE,STK,544080,INE0MGS01014,SHILINDORE,X,,,,,Sayaji Hotels (Indore) Limited,1250.00,1251.00,1250.00,1250.90,1251.00,1210.65,,1250.90,,,192,240012.00,5,F1,1,,,,,
2026-09-04,2026-09-04,CM,BSE,STK,544081,INE980O01024,JYOTICNC,A,,,,,Jyoti CNC Automation Limited,1036.80,1042.00,1001.00,1002.85,1004.60,1026.55,,1003.86,,,75866,77083618.00,2325,F1,1,,,,,
2026-09-04,2026-09-04,CM,BSE,STK,544082,INE0GEN01012,SWANAGRO,M,,,,,New Swan Multitech Limited,40.10,41.02,40.05,40.90,40.90,41.05,,40.90,,,22000,891180.00,11,F1,2000,,,,,
2026-09-04,2026-09-04,CM,BSE,STK,544088,INE456Z01021,MEDIASSIST,A,,,,,Medi Assist Healthcare Service,346.80,348.50,339.00,340.40,340.00,343.60,,340.35,,,7165,2452694.00,225,F1,1,,,,,
2026-09-04,2026-09-04,CM,BSE,STK,544089,INF0R8F01034,LIQUIDCASE,F,,,,,Zerodha Mutual Fund,115.77,115.81,115.77,115.80,115.80,115.77,,115.80,,,799215,92550284.00,553,F1,1,,,,,
2026-09-04,2026-09-04,CM,BSE,STK,544090,INE07G501017,SHPLPUNE,X,,,,,Sayaji Hotels (Pune) Limited,845.00,845.00,838.60,838.60,838.60,819.65,,838.60,,,3,2528.00,3,F1,1,,,,,
2026-09-04,2026-09-04,CM,BSE,STK,544091,INE0Q1R01012,QLL,M,,,,,Qualitek Labs Limited,413.00,435.45,413.00,430.00,430.00,435.50,,430.00,,,23600,9901440.00,21,F1,400,,,,,
2026-09-04,2026-09-04,CM,BSE,STK,544092,INF0QA701722,NIFTYBETF,B,,,,,Bajaj Finserv Mutual Fund,251.00,251.00,246.58,247.37,247.37,245.72,,246.65,,,20074,4951669.00,30,F1,1,,,,,
2026-09-04,2026-09-04,CM,BSE,STK,544093,INF0QA701714,BANKBETF,B,,,,,Bajaj Finserv Mutual Fund,58.00,58.86,58.00,58.72,58.72,58.83,,58.56,,,297,17365.00,20,F1,1,,,,,
2026-09-04,2026-09-04,CM,BSE,STK,544094,INE0PYT01018,EUPHORIAIT,M,,,,,Euphoria Infotech (India) Limi,30.00,30.00,30.00,30.00,30.00,30.00,,30.00,,,3600,108000.00,3,F1,1200,,,,,
2026-09-04,2026-09-04,CM,BSE,STK,544095,INE0G5901015,EPACK,B,,,,,EPACK Durable Limited,189.25,191.85,187.80,189.30,189.30,189.25,,189.27,,,37994,7208884.00,702,F1,1,,,,,
2026-09-04,2026-09-04,CM,BSE,STK,544100,INE02H701025,NOVAAGRI,T,,,,,Nova Agritech Limited,23.41,24.25,23.05,24.22,24.22,23.51,,23.87,,,1432,34043.00,23,F1,1,,,,,
2026-09-04,2026-09-04,CM,BSE,STK,544101,INE0Q6L01014,BRISK,MT,,,,,Brisk Technovision Limited,70.60,70.65,70.60,70.65,70.65,68.01,,70.65,,,2400,169480.00,3,F1,800,,,,,
2026-09-04,2026-09-04,CM,BSE,STK,544102,INF789F1AZD8,ITBETA,B,,,,,UTI Mutual Fund,326.27,326.27,326.27,326.27,326.27,325.80,,322.95,,,1,326.00,1,F1,1,,,,,
2026-09-04,2026-09-04,CM,BSE,STK,544103,INF789F1AZE6,GILT5BETA,F,,,,,UTI Mutual Fund,65.80,67.06,65.80,66.87,67.06,65.85,,66.92,,,1033,69077.00,3,F1,1,,,,,
2026-09-04,2026-09-04,CM,BSE,STK,544104,INF789F1AZF3,GILT10BETA,F,,,,,UTI Mutual Fund,26.22,26.67,26.22,26.67,26.67,26.77,,26.58,,,281,7368.00,3,F1,1,,,,,
2026-09-04,2026-09-04,CM,BSE,STK,544105,INE0OLZ01015,HARSHDEEP,M,,,,,HARSHDEEP HORTICO LIMITED,85.00,85.00,84.57,84.57,84.57,85.19,,84.57,,,3000,254355.00,2,F1,1500,,,,,
2026-09-04,2026-09-04,CM,BSE,STK,544106,INE0R5Z01015,MCFL,MT,,,,,Mayank Cattle Food Limited,112.00,117.00,112.00,117.00,117.00,113.05,,117.00,,,6000,678900.00,4,F1,1200,,,,,
2026-09-04,2026-09-04,CM,BSE,STK,544107,INE0NLT01010,BLSE,B,,,,,BLS E-Services Limited,327.60,327.60,319.30,320.60,319.40,323.60,,320.07,,,19185,6184825.00,290,F1,1,,,,,
2026-09-04,2026-09-04,CM,BSE,STK,544108,INE0QZF01012,GPSL,M,,,,,Gabriel Pet Straps Limited,60.11,60.11,60.10,60.10,60.10,63.18,,60.10,,,2400,144246.00,4,F1,600,,,,,
2026-09-04,2026-09-04,CM,BSE,STK,544109,INF740KA1ZG1,HEALTHADD,B,,,,,DSP NIFTY Healthcare ETF,16.60,16.70,16.60,16.68,16.68,16.68,,16.58,,,163,2718.00,6,F1,1,,,,,
2026-09-04,2026-09-04,CM,BSE,STK,544110,INF179KC1HW4,HDFCPSUBK,B,,,,,HDFC Mutual Fund,87.10,87.10,85.88,85.93,85.88,86.29,,86.16,,,843,72829.00,110,F1,1,,,,,
2026-09-04,2026-09-04,CM,BSE,STK,544111,INE988S01028,PARKHOTELS,B,,,,,Apeejay Surrendra Park Hotels,114.25,114.25,111.70,112.30,112.05,113.05,,112.21,,,9657,1085714.00,540,F1,1,,,,,
2026-09-04,2026-09-04,CM,BSE,STK,544112,INE0QXV01014,JGTL,X,,,,,JASCH GAUGING TECHNOLOGIES LIM,549.90,549.90,520.35,530.10,530.00,531.35,,530.10,,,1915,1013765.00,53,F1,1,,,,,
2026-09-04,2026-09-04,CM,BSE,STK,544117,INE0KGZ01021,SIGNPOST,B,,,,,Signpost India Limited,248.00,249.05,243.25,244.25,245.00,245.35,,244.25,,,6120,1503031.00,172,F1,1,,,,,
2026-09-04,2026-09-04,CM,BSE,STK,544118,INE953L01027,JSFB,A,,,,,JANA SMALL FINANCE BANK LIMITE,533.00,543.70,524.75,537.55,537.55,534.70,,535.15,,,20171,10774015.00,846,F1,1,,,,,
2026-09-04,2026-09-04,CM,BSE,STK,544119,INE0J1F01024,RPTECH,B,,,,,Rashi Peripherals Limited,827.95,832.10,813.40,823.55,823.40,814.75,,823.65,,,11903,9774856.00,547,F1,1,,,,,
2026-09-04,2026-09-04,CM,BSE,STK,544120,INE646H01017,CAPITALSFB,B,,,,,Capital Small Finance Bank Ltd,282.00,285.05,279.55,280.20,280.00,282.00,,280.76,,,1342,378103.00,103,F1,1,,,,,
2026-09-04,2026-09-04,CM,BSE,STK,544121,INE0OYK01010,RUDRAGAS,M,,,,,Rudra Gas Enterprise Limited,75.00,75.05,75.00,75.05,75.05,75.00,,75.05,,,3000,225050.00,3,F1,1000,,,,,
2026-09-04,2026-09-04,CM,BSE,STK,544122,INE010601016,ENTERO,B,,,,,Entero Healthcare Solutions Li,1869.95,1869.95,1811.75,1827.20,1838.10,1847.60,,1827.59,,,3539,6515002.00,404,F1,1,,,,,
2026-09-04,2026-09-04,CM,BSE,STK,544123,INF767K01RN1,LICNMID100,B,,,,,LIC Mutual Fund,63.48,63.79,63.48,63.77,63.77,63.80,,63.84,,,201,12776.00,8,F1,1,,,,,
2026-09-04,2026-09-04,CM,BSE,STK,544124,INE0QTF01015,VSTL,B,,,,,VIBHOR STEEL TUBES LIMITED,117.45,118.70,114.40,117.80,117.00,113.80,,117.68,,,2194,256893.00,193,F1,1,,,,,
2026-09-04,2026-09-04,CM,BSE,STK,544129,INE696F01016,JUNIPER,B,,,,,Juniper Hotels Limited,218.35,218.60,214.75,217.30,216.50,217.40,,216.89,,,3313,717117.00,73,F1,1,,,,,
2026-09-04,2026-09-04,CM,BSE,STK,544130,INF769K01LC3,SMALLCAP,B,,,,,Mirae Asset Mutual Fund,49.20,49.39,49.06,49.12,49.23,49.07,,48.97,,,830036,40784371.00,454,F1,1,,,,,
2026-09-04,2026-09-04,CM,BSE,STK,544131,INE486R01017,GPTHEALTH,B,,,,,GPT Healthcare Limited,155.00,158.65,151.55,158.40,157.20,152.60,,158.18,,,10513,1644451.00,430,F1,1,,,,,
2026-09-04,2026-09-04,CM,BSE,STK,544132,INF0R8F01042,GOLDCASE,E,,,,,Zerodha Mutual Fund,24.55,24.55,24.10,24.20,24.23,24.04,,24.21,,,557826,13506666.00,1164,F1,1,,,,,
2026-09-04,2026-09-04,CM,BSE,STK,544133,INE777F01014,EXICOM,B,,,,,EXICOM TELE-SYSTEMS LIMITED,167.55,180.00,166.85,178.05,178.05,166.30,,177.87,,,440777,77558167.00,4422,F1,1,,,,,
2026-09-04,2026-09-04,CM,BSE,STK,544134,INE0PT501018,PLATIND,B,,,,,Platinum Industries Limited,233.95,236.00,229.40,232.40,230.95,235.05,,231.55,,,5647,1307403.00,177,F1,1,,,,,
2026-09-04,2026-09-04,CM,BSE,STK,544135,INE0CG401037,MUKKA,B,,,,,Mukka Proteins Limited,29.80,32.40,29.00,31.33,31.33,28.66,,31.34,,,737149,22533886.00,2604,F1,1,,,,,
2026-09-04,2026-09-04,CM,BSE,STK,544136,INE0NQ801033,RKSWAMY,B,,,,,R K Swamy Limited,92.00,94.59,91.66,94.59,94.59,92.63,,94.25,,,5464,511466.00,182,F1,1,,,,,
2026-09-04,2026-09-04,CM,BSE,STK,544137,INE0NHL23019,INDUSINVIT,IF,,,,,Indus Infra Trust,135.40,135.40,133.64,134.31,134.59,133.90,,133.95,,,1669,223758.00,113,F1,1,,,,,
2026-09-04,2026-09-04,CM,BSE,STK,544138,INE0MB501011,JGCHEM,B,,,,,J.G.Chemicals Limited,619.70,619.70,594.95,597.60,597.60,610.50,,598.13,,,12370,7425432.00,597,F1,1,,,,,
2026-09-04,2026-09-04,CM,BSE,STK,544139,INE0M8R01011,KOURA,MT,,,,,KOURA FINE DIAMOND JEWELRY LIM,50.10,50.10,49.10,49.10,49.10,50.05,,49.10,,,4000,198400.00,2,F1,2000,,,,,
2026-09-04,2026-09-04,CM,BSE,STK,544140,INE0L9R01028,GOPAL,B,,,,,Gopal Snacks Limited,279.00,279.00,264.00,265.40,267.30,265.40,,265.12,,,8812,2337326.00,195,F1,1,,,,,
2026-09-04,2026-09-04,CM,BSE,STK,544141,INE510U01018,PESB,M,,,,,Pune E - Stock Broking Limited,246.00,269.00,246.00,265.65,265.65,245.00,,265.65,,,111200,29107840.00,84,F1,800,,,,,
2026-09-04,2026-09-04,CM,BSE,STK,544142,INE0PB301013,SCILAL,B,,,,,Shipping Corporation of India,40.54,40.54,39.60,39.88,39.91,39.98,,39.77,,,16410,654024.00,119,F1,1,,,,,
2026-09-04,2026-09-04,CM,BSE,STK,544144,INE772T01024,PVSL,B,,,,,Popular Vehicles and Services,109.90,109.90,101.25,102.30,102.30,102.50,,102.63,,,2135,218413.00,160,F1,1,,,,,
2026-09-04,2026-09-04,CM,BSE,STK,544149,INE0QN801017,KRYSTAL,B,,,,,KRYSTAL INTEGRATED SERVICES LI,660.05,660.05,649.45,653.20,656.70,660.80,,654.50,,,1403,920257.00,69,F1,1,,,,,
2026-09-04,2026-09-04,CM,BSE,STK,544150,INE0QVH01025,KPGEL,M,,,,,KP GREEN ENGINEERING LIMITED,295.00,303.00,287.00,288.50,289.00,295.30,,288.50,,,91750,26774862.00,233,F1,250,,,,,
2026-09-04,2026-09-04,CM,BSE,STK,544151,INE0AH901011,CHATHA,MT,,,,,CHATHA FOODS LIMITED,111.00,111.00,111.00,111.00,111.00,111.50,,111.00,,,2000,222000.00,2,F1,1000,,,,,
2026-09-04,2026-09-04,CM,BSE,STK,544158,INE0R6Z01013,SRM,B,,,,,SRM CONTRACTORS LIMITED,480.00,483.00,459.70,462.45,460.25,469.80,,462.35,,,7321,3443277.00,330,F1,1,,,,,
2026-09-04,2026-09-04,CM,BSE,STK,544159,INF740KA1UM0,LIQUIDADD,F,,,,,DSP BSE LIQUID RATE ETF,1143.54,1143.54,1143.50,1143.50,1143.50,1143.12,,1143.51,,,40941,46816060.00,19,F1,1,,,,,
2026-09-04,2026-09-04,CM,BSE,STK,544160,INE0MSS01019,JAYKAILASH,MT,,,,,Jay Kailash Namkeen Limited,71.90,72.35,67.11,70.79,70.98,68.91,,70.79,,,51200,3616144.00,30,F1,1600,,,,,
2026-09-04,2026-09-04,CM,BSE,STK,544161,INE266Y01019,DPABHUSHAN,B,,,,,D P ABHUSHAN LIMITED,1367.70,1445.35,1367.00,1413.05,1419.55,1359.85,,1414.08,,,4609,6507652.00,404,F1,1,,,,,
2026-09-04,2026-09-04,CM,BSE,STK,544162,INE343G01021,BHARTIHEXA,A,,,,,Bharti Hexacom Limited,1525.65,1525.65,1493.25,1495.40,1495.40,1505.10,,1495.40,,,1706,2557777.00,186,F1,1,,,,,
2026-09-04,2026-09-04,CM,BSE,STK,544164,INE0Q9W01015,FAALCON,MT,,,,,Faalcon Concepts Limited,43.78,43.78,43.78,43.78,43.78,41.71,,43.78,,,4000,175120.00,2,F1,2000,,,,,
2026-09-04,2026-09-04,CM,BSE,STK,544165,INE0SGR01013,SHIVAM,M,,,,,SHIVAM CHEMICALS LIMITED,115.00,115.00,110.50,114.00,115.00,109.20,,114.00,,,31500,3564750.00,19,F1,1500,,,,,
2026-09-04,2026-09-04,CM,BSE,STK,544166,INE0SDC01012,EMMFORCE,MT,,,,,EMMFORCE AUTOTECH LIMITED,183.50,185.50,174.25,179.05,179.05,183.00,,179.05,,,15600,2854680.00,11,F1,1200,,,,,
2026-09-04,2026-09-04,CM,BSE,STK,544167,INE0OAF01028,JNKINDIA,B,,,,,JNK India Limited,435.85,449.75,435.25,445.30,445.80,431.25,,445.05,,,6260,2786100.00,258,F1,1,,,,,
2026-09-04,2026-09-04,CM,BSE,STK,544168,INE0R6801013,VARYAA,M,,,,,VARYAA CREATIONS LIMITED,25.90,25.90,25.90,25.90,25.90,29.95,,25.90,,,1000,25900.00,1,F1,1000,,,,,
2026-09-04,2026-09-04,CM,BSE,STK,544169,INE0QSB01016,AMKAY,M,,,,,Amkay Products Limited,50.75,50.75,49.00,49.00,49.00,51.55,,49.00,,,20000,985900.00,10,F1,2000,,,,,
2026-09-04,2026-09-04,CM,BSE,STK,544170,INE0QXT01018,DKUAL,M,,,,,Dolphin Kitchen Utensils and A,8.15,8.44,8.15,8.44,8.44,7.95,,8.44,,,14000,115700.00,7,F1,2000,,,,,
2026-09-04,2026-09-04,CM,BSE,STK,544171,INE0RGM01016,STAL,MT,,,,,Storage Technologies and Autom,33.00,34.17,33.00,34.17,34.17,34.00,,34.17,,,2400,80536.00,3,F1,800,,,,,
2026-09-04,2026-09-04,CM,BSE,STK,544172,INE065X01017,INDGN,A,,,,,Indegene Limited,608.20,610.75,597.75,600.40,600.40,600.15,,601.46,,,440168,264852578.00,1841,F1,1,,,,,
2026-09-04,2026-09-04,CM,BSE,STK,544173,INE0QOQ01013,FTL,M,,,,,Finelistings Technologies Limi,12.15,12.15,11.55,11.57,11.55,12.15,,11.57,,,4000,46850.00,4,F1,1000,,,,,
2026-09-04,2026-09-04,CM,BSE,STK,544174,INE673O01025,TBOTEK,A,,,,,TBO TEK LIMITED,1710.45,1735.15,1674.00,1684.25,1674.00,1732.65,,1688.75,,,3394,5795946.00,358,F1,1,,,,,
2026-09-04,2026-09-04,CM,BSE,STK,544175,INE0SMU01015,TGIF,M,,,,,TGIF AGRIBUSINESS LIMITED,103.75,103.75,92.50,92.50,92.50,105.30,,92.50,,,2400,235500.00,2,F1,1200,,,,,
2026-09-04,2026-09-04,CM,BSE,STK,544176,INE883F01010,AADHARHFC,A,,,,,Aadhar Housing Finance Limited,480.00,487.30,478.05,483.25,485.00,477.05,,483.54,,,15409,7435687.00,598,F1,1,,,,,
2026-09-04,2026-09-04,CM,BSE,STK,544177,INE0SCB01016,AZTEC,M,,,,,Aztec Fluids & Machinery Limit,95.50,97.95,94.60,97.95,97.95,95.63,,97.95,,,9000,871830.00,9,F1,1000,,,,,
2026-09-04,2026-09-04,CM,BSE,STK,544178,INE0R4W01015,PIOTEX,M,,,,,PIOTEX INDUSTRIES LIMITED,29.20,30.00,29.15,30.00,30.00,31.00,,30.00,,,3600,106020.00,3,F1,1200,,,,,
2026-09-04,2026-09-04,CM,BSE,STK,544179,INE03JT01014,GODIGIT,A,,,,,Go Digit General Insurance Lim,258.95,260.40,255.00,259.65,260.20,258.40,,258.55,,,32908,8517547.00,601,F1,1,,,,,
2026-09-04,2026-09-04,CM,BSE,STK,544180,INF769K01LJ8,MIDSMALL,B,,,,,Mirae Asset Mutual Fund,51.95,52.11,51.74,51.83,51.84,52.06,,51.82,,,8362,434052.00,147,F1,1,,,,,
2026-09-04,2026-09-04,CM,BSE,STK,544181,INE108V01019,AWFIS,A,,,,,Awfis Space Solutions Limited,261.50,263.15,258.10,261.15,261.80,256.35,,260.82,,,15967,4163309.00,319,F1,1,,,,,
2026-09-04,2026-09-04,CM,BSE,STK,544182,INF0QA701854,LIQUIDBETF,F,,,,,Bajaj Finserv Mutual Fund,1097.64,1097.65,1097.64,1097.65,1097.65,1097.28,,1097.63,,,777,852870.00,11,F1,1,,,,,
2026-09-04,2026-09-04,CM,BSE,STK,544184,INE02L001032,BOROSCI,B,,,,,Borosil Scientific Limited,137.25,137.25,131.80,132.15,132.70,136.80,,132.16,,,3679,485863.00,125,F1,1,,,,,
2026-09-04,2026-09-04,CM,BSE,STK,544185,INE257C01014,ADTECH,X,,,,,ADTECH SYSTEMS LIMITED,52.10,52.10,50.00,50.21,50.12,50.87,,50.21,,,571,29337.00,28,F1,1,,,,,
2026-09-04,2026-09-04,CM,BSE,STK,544186,INE0TT901016,TOTEM,X,,,,,Forbes Precision Tools and Mac,143.05,143.80,136.40,137.65,137.95,141.65,,137.65,,,25883,3599629.00,297,F1,1,,,,,
2026-09-04,2026-09-04,CM,BSE,STK,544187,INE0ATZ01017,KRONOX,T,,,,,KRONOX LAB SCIENCES LIMITED,184.10,186.00,181.20,184.15,183.00,183.20,,184.61,,,9324,1718424.00,115,F1,1,,,,,
2026-09-04,2026-09-04,CM,BSE,STK,544189,INE0QUV01010,SATTRIX,M,,,,,SATTRIX INFORMATION SECURITY L,327.00,334.95,320.00,321.60,323.95,335.00,,321.60,,,4500,1462600.00,9,F1,500,,,,,
2026-09-04,2026-09-04,CM,BSE,STK,544191,INE0CYK01015,PURPLEFIN,X,,,,,Purple Finance Limited,70.80,72.01,69.00,71.31,71.91,70.77,,71.31,,,96336,6909833.00,101,F1,1,,,,,
2026-09-04,2026-09-04,CM,BSE,STK,544192,INE0HV901016,IXIGO,A,,,,,Le Travenues Technology Limite,160.85,170.30,160.85,166.75,166.50,162.20,,166.75,,,205588,34294582.00,5281,F1,1,,,,,
2026-09-04,2026-09-04,CM,BSE,STK,544193,INF0R8F01059,MID150CASE,B,,,,,Zerodha Mutual Fund,11.74,11.85,11.64,11.70,11.85,11.62,,11.68,,,40637,474795.00,190,F1,1,,,,,
2026-09-04,2026-09-04,CM,BSE,STK,544194,INF0R8F01067,TOP100CASE,B,,,,,Zerodha Mutual Fund,10.50,10.76,10.50,10.56,10.53,10.55,,10.54,,,21801,229724.00,151,F1,1,,,,,
2026-09-04,2026-09-04,CM,BSE,STK,544195,INE0S0I01011,COTFAB,M,,,,,United Cotfab Limited,13.40,14.35,13.40,14.22,14.19,13.50,,14.22,,,10000,140380.00,5,F1,2000,,,,,
2026-09-04,2026-09-04,CM,BSE,STK,544197,INE03DD01011,RETAIL,B,,,,,JHS SVENDGAARD RETAIL VENTURES,17.02,17.02,16.70,17.00,17.00,17.00,,17.15,,,146,2449.00,11,F1,1,,,,,
2026-09-04,2026-09-04,CM,BSE,STK,544198,INE841L01016,DEEDEV,B,,,,,DEE DEVELOPMENT ENGINEERS LIMI,646.45,673.30,640.55,659.05,656.00,646.45,,658.28,,,25155,16692981.00,1141,F1,1,,,,,
2026-09-04,2026-09-04,CM,BSE,STK,544199,INE0RUJ01013,GEMENVIRO,M,,,,,GEM Enviro Management Limited,36.00,36.00,35.10,35.97,35.98,36.00,,35.97,,,10400,371232.00,12,F1,800,,,,,
2026-09-04,2026-09-04,CM,BSE,STK,544200,INE916Y01027,AFIL,B,,,,,Akme Fintrade (India) Limited,9.31,9.38,9.20,9.25,9.25,9.30,,9.22,,,12612,117073.00,63,F1,1,,,,,
2026-09-04,2026-09-04,CM,BSE,STK,544201,INE0S6R01027,DFPL,M,,,,,DINDIGUL FARM PRODUCT LIMITED,15.85,15.90,15.50,15.73,15.50,15.35,,15.73,,,12000,189320.00,6,F1,2000,,,,,
2026-09-04,2026-09-04,CM,BSE,STK,544202,INE01A001028,STANLEY,B,,,,,STANLEY LIFESTYLES LIMITED,137.25,139.15,135.25,136.00,136.00,136.90,,135.49,,,1943,266893.00,105,F1,1,,,,,
2026-09-04,2026-09-04,CM,BSE,STK,544203,INE552Z01027,ABDL,A,,,,,Allied Blenders and Distillers,608.00,614.40,605.60,610.10,607.85,609.15,,609.95,,,4151,2529055.00,235,F1,1,,,,,
2026-09-04,2026-09-04,CM,BSE,STK,544204,INE0S2V01010,VRAJ,B,,,,,VRAJ IRON AND STEEL LIMITED,125.00,125.00,122.00,122.00,122.00,122.65,,121.74,,,864,105761.00,167,F1,1,,,,,
2026-09-04,2026-09-04,CM,BSE,STK,544205,INE0PO601011,NPL,XT,,,,,National Peroxide Limited,626.25,643.00,626.25,638.00,643.00,626.25,,638.00,,,452,285236.00,36,F1,1,,,,,
2026-09-04,2026-09-04,CM,BSE,STK,544206,INF200KB1217,SBISILVER,E,,,,,SBI Mutual Fund,226.66,229.36,226.66,228.31,228.07,225.41,,228.31,,,26752,6102203.00,1114,F1,1,,,,,
2026-09-04,2026-09-04,CM,BSE,STK,544207,INE375Y01018,RELIABLE,B,,,,,Reliable Data Services Limited,141.20,141.95,139.05,141.30,141.95,141.70,,141.02,,,5483,774475.00,113,F1,1,,,,,
2026-09-04,2026-09-04,CM,BSE,STK,544209,INE0B9K01025,BANSALWIRE,B,,,,,Bansal Wire Industries Limited,320.80,321.90,313.55,315.10,313.55,318.60,,315.02,,,11441,3628115.00,251,F1,1,,,,,
2026-09-04,2026-09-04,CM,BSE,STK,544210,INE168P01015,EMCURE,A,,,,,Emcure Pharmaceuticals Limited,1889.00,1933.00,1876.00,1928.55,1932.80,1858.10,,1927.65,,,24556,46957280.00,2526,F1,1,,,,,
2026-09-04,2026-09-04,CM,BSE,STK,544211,INF209KC1134,ABGSEC,F,,,,,Aditya Birla Sun Life Mutual F,114.10,114.10,114.10,114.10,114.10,114.50,,113.58,,,90,10269.00,4,F1,1,,,,,
2026-09-04,2026-09-04,CM,BSE,STK,544212,INF769K01LQ3,EVINDIA,B,,,,,Mirae Asset Mutual Fund,32.70,32.70,32.40,32.45,32.47,32.70,,32.44,,,52150,1697402.00,437,F1,1,,,,,
2026-09-04,2026-09-04,CM,BSE,STK,544213,INE0T3401029,ACLD,M,,,,,AELEA COMMODITIES LIMITED,161.95,166.00,153.00,160.05,160.00,159.00,,160.05,,,50400,8126940.00,74,F1,600,,,,,
2026-09-04,2026-09-04,CM,BSE,STK,544215,INF200KB1282,SBINEQWETF,B,,,,,SBI Mutual Fund,33.01,33.37,32.80,32.81,32.80,33.27,,33.19,,,1093,36125.00,29,F1,1,,,,,
2026-09-04,2026-09-04,CM,BSE,STK,544216,INF109KC18W3,OILIETF,B,,,,,ICICI Prudential Mutual Fund,11.34,11.43,11.32,11.39,11.36,11.32,,11.37,,,14178,161457.00,431,F1,1,,,,,
2026-09-04,2026-09-04,CM,BSE,STK,544217,INE08NE01025,SANSTAR,B,,,,,SANSTAR LIMITED,107.60,114.95,107.60,111.35,111.35,108.15,,111.31,,,21106,2361568.00,332,F1,1,,,,,
2026-09-04,2026-09-04,CM,BSE,STK,544218,INF209KB19Z4,ABSLPSE,B,,,,,Aditya Birla Sun Life Mutual F,10.09,10.18,10.06,10.18,10.18,10.14,,10.18,,,10171,103414.00,44,F1,1,,,,,
2026-09-04,2026-09-04,CM,BSE,STK,544219,INE0MNP01016,VVIPIL,M,,,,,VVIP Infratech Limited,142.00,143.00,138.00,138.00,138.00,141.65,,138.00,,,12600,1755690.00,15,F1,600,,,,,
2026-09-04,2026-09-04,CM,BSE,STK,544221,INE0RMR01013,KIZI,MT,,,,,Kizi Apparels Limited,16.70,16.90,16.70,16.90,16.90,16.10,,16.90,,,9000,151500.00,3,F1,3000,,,,,
2026-09-04,2026-09-04,CM,BSE,STK,544222,INE09XN01023,AKUMS,B,,,,,Akums Drugs and Pharmaceutical,781.25,781.25,749.05,765.70,763.90,781.45,,765.75,,,18814,14314506.00,1079,F1,1,,,,,
2026-09-04,2026-09-04,CM,BSE,STK,544223,INE0AG901020,CEIGALL,B,,,,,Ceigall India Limited,363.60,363.60,351.00,356.10,356.10,348.45,,355.81,,,84749,30110879.00,1548,F1,1,,,,,
2026-09-04,2026-09-04,CM,BSE,STK,544224,INE0OXY01013,AFCOM,M,,,,,Afcom Holdings Limited,1675.00,1675.00,1626.05,1630.65,1630.65,1652.35,,1630.65,,,32160,52799436.00,230,F1,120,,,,,
2026-09-04,2026-09-04,CM,BSE,STK,544225,INE0LXG01040,OLAELEC,A,,,,,Ola Electric Mobility Limited,37.60,38.95,37.56,38.23,38.23,37.49,,38.20,,,5566500,211890098.00,9961,F1,1,,,,,
2026-09-04,2026-09-04,CM,BSE,STK,544226,INE02RE01045,FIRSTCRY,A,,,,,Brainbees Solutions Limited,179.00,182.25,176.50,180.10,180.10,179.25,,180.15,,,203461,36503330.00,1912,F1,1,,,,,
2026-09-04,2026-09-04,CM,BSE,STK,544227,INE00U401027,UNIECOM,B,,,,,UNICOMMERCE ESOLUTIONS LIMITED,86.99,88.00,85.30,87.56,87.82,85.80,,87.62,,,17033,1465570.00,189,F1,1,,,,,
2026-09-04,2026-09-04,CM,BSE,STK,544229,INF109KC19W1,METALIETF,B,,,,,ICICI Prudential Mutual Fund,13.33,13.45,13.21,13.41,13.42,13.20,,13.40,,,213318,2836637.00,889,F1,1,,,,,
2026-09-04,2026-09-04,CM,BSE,STK,544230,INE0PQ101010,SSDL,B,,,,,SARASWATI SAREE DEPOT LIMITED,55.62,57.84,55.58,56.82,57.00,55.63,,56.70,,,5811,330524.00,336,F1,1,,,,,
2026-09-04,2026-09-04,CM,BSE,STK,544232,INE00M901018,INTERARCH,B,,,,,Interarch Building Solutions L,1704.75,1723.45,1692.00,1708.30,1700.00,1699.90,,1707.11,,,1716,2927767.00,231,F1,1,,,,,
2026-09-04,2026-09-04,CM,BSE,STK,544233,INE0US801024,MFML,B,,,,,Mahalaxmi Fabric Mills Limited,18.50,19.11,18.50,19.11,19.11,18.06,,18.59,,,665,12556.00,7,F1,1,,,,,
2026-09-04,2026-09-04,CM,BSE,STK,544234,INE0URU01010,GLOBALE,B,,,,,Globale Tessile Limited,11.57,11.57,11.00,11.00,11.00,11.29,,11.39,,,5315,60028.00,8,F1,1,,,,,
2026-09-04,2026-09-04,CM,BSE,STK,544235,INE0PPK01015,ORIENTTECH,B,,,,,Orient Technologies Limited,238.00,242.00,237.10,238.95,238.80,238.85,,238.41,,,5907,1412565.00,243,F1,1,,,,,
2026-09-04,2026-09-04,CM,BSE,STK,544238,INE0BS701011,PREMIERENE,A,,,,,Premier Energies Limited,1002.00,1009.85,996.30,998.00,998.00,1002.00,,1001.99,,,19416,19428232.00,874,F1,1,,,,,
2026-09-04,2026-09-04,CM,BSE,STK,544239,INE06HJ01020,ECOSMOBLTY,B,,,,,ECOS (India) Mobility & Hospit,115.60,116.15,112.50,113.55,113.50,114.05,,113.54,,,5697,646559.00,257,F1,1,,,,,
2026-09-04,2026-09-04,CM,BSE,STK,544240,INE02ID01020,RAYMONDLSL,A,,,,,Raymond Lifestyle Limited,642.95,683.00,642.95,662.95,663.90,649.30,,663.64,,,20787,13838606.00,787,F1,1,,,,,
2026-09-04,2026-09-04,CM,BSE,STK,544241,INF769K01LX9,MULTICAP,B,,,,,Mirae Asset Mutual Fund,16.79,16.83,16.77,16.78,16.78,16.78,,16.79,,,10391,174554.00,287,F1,1,,,,,
2026-09-04,2026-09-04,CM,BSE,STK,544242,INE0SG001011,TRAVELS,M,,,,,Travels & rentals Limited,8.39,8.39,8.39,8.39,8.39,8.31,,8.39,,,3000,25170.00,1,F1,3000,,,,,
2026-09-04,2026-09-04,CM,BSE,STK,544243,INE01FR01028,STYLEBAAZA,B,,,,,Baazar Style Retail Limited,398.20,403.55,392.00,398.45,399.50,395.55,,400.14,,,37755,15085688.00,716,F1,1,,,,,
2026-09-04,2026-09-04,CM,BSE,STK,544244,INE0RE001014,GALAPREC,B,,,,,Gala Precision Engineering Lim,1032.35,1037.90,1015.00,1024.20,1015.00,1027.40,,1024.02,,,2620,2686967.00,251,F1,1,,,,,
2026-09-04,2026-09-04,CM,BSE,STK,544246,INE0DAB01012,RVTH,B,,,,,Revathi Equipment India Limite,760.85,760.90,710.00,759.90,759.90,701.25,,735.00,,,284,207151.00,7,F1,1,,,,,
2026-09-04,2026-09-04,CM,BSE,STK,544247,INF740KA1UR9,TOP10ADD,B,,,,,DSP Nifty Top 10 Equal Weight,88.01,88.44,87.71,88.13,88.40,87.82,,87.98,,,3536,311206.00,198,F1,1,,,,,
2026-09-04,2026-09-04,CM,BSE,STK,544248,INE0UYT01018,MACHLTD,M,,,,,MACH TRAVEL SOLUTIONS LIMITED,170.70,170.70,162.00,164.95,165.50,165.00,,164.95,,,10800,1783620.00,17,F1,600,,,,,
2026-09-04,2026-09-04,CM,BSE,STK,544249,INE0S2G01011,BALAJEE,B,,,,,SHREE TIRUPATI BALAJEE AGRO TR,26.96,26.96,25.50,26.28,26.38,26.24,,26.17,,,5735,150768.00,64,F1,1,,,,,
2026-09-04,2026-09-04,CM,BSE,STK,544250,INE0UOS01011,SANOFICONR,B,,,,,Sanofi Consumer Healthcare Ind,4187.45,4227.95,4104.00,4219.35,4220.00,4214.10,,4201.94,,,215,898296.00,101,F1,1,,,,,
2026-09-04,2026-09-04,CM,BSE,STK,544251,INE0LY301010,SSL,MT,,,,,Share Samadhan Limited,48.00,48.00,47.20,47.20,47.20,47.70,,47.20,,,20800,983040.00,5,F1,1600,,,,,
2026-09-04,2026-09-04,CM,BSE,STK,544252,INE377Y01014,BAJAJHFL,A,,,,,Bajaj Housing Finance Limited,82.92,83.50,82.91,83.02,83.07,82.92,,83.07,,,204585,17013292.00,1952,F1,1,,,,,
2026-09-04,2026-09-04,CM,BSE,STK,544253,INE0O6601022,KROSS,B,,,,,Kross Limited,211.00,217.60,209.95,211.15,210.75,211.60,,211.51,,,28009,5947254.00,564,F1,1,,,,,
2026-09-04,2026-09-04,CM,BSE,STK,544254,INE0RWQ01014,TOLINS,B,,,,,Tolins Tyres Limited,96.00,96.00,91.00,92.01,92.00,91.83,,91.98,,,2563,234850.00,89,F1,1,,,,,
2026-09-04,2026-09-04,CM,BSE,STK,544256,INE953R01016,PNGJL,B,,,,,P N GADGIL JEWELLERS LIMITED,590.00,614.00,579.95,607.40,607.40,591.80,,608.46,,,70872,42966459.00,1566,F1,1,,,,,
2026-09-04,2026-09-04,CM,BSE,STK,544257,INE0Q3401017,SAFE,M,,,,,Sodhani Academy of Fintech Ena,134.00,150.00,134.00,150.00,150.00,134.60,,150.00,,,1000,142000.00,2,F1,500,,,,,
2026-09-04,2026-09-04,CM,BSE,STK,544258,INE0CJF01024,WCIL,B,,,,,Western Carriers (India) Limit,83.96,84.50,83.00,83.28,83.01,83.52,,83.35,,,2232,186540.00,71,F1,1,,,,,
2026-09-04,2026-09-04,CM,BSE,STK,544259,INE0PZB01013,PFL,M,,,,,POPULAR FOUNDATIONS LIMITED,29.70,29.70,29.70,29.70,29.70,29.30,,29.70,,,3000,89100.00,1,F1,3000,,,,,
2026-09-04,2026-09-04,CM,BSE,STK,544260,INE850M01015,NORTHARC,A,,,,,Northern Arc Capital Ltd.,307.95,307.95,299.20,300.55,302.90,304.70,,301.91,,,117565,35492732.00,954,F1,1,,,,,
2026-09-04,2026-09-04,CM,BSE,STK,544261,INE0QRL01017,ARKADE,B,,,,,ARKADE DEVELOPERS LIMITED,124.65,126.25,122.45,124.55,126.00,123.95,,125.17,,,14619,1811263.00,370,F1,1,,,,,
2026-09-04,2026-09-04,CM,BSE,STK,544262,INE939X01013,MANBA,B,,,,,Manba Finance Limited,131.00,141.10,129.00,129.55,132.15,129.40,,128.96,,,6487,855425.00,41,F1,1,,,,,
2026-09-04,2026-09-04,CM,BSE,STK,544263,INE0Q3J01015,KRN,A,,,,,KRN HEAT EXCHANGER AND REFRIGE,1548.95,1580.90,1522.00,1579.75,1579.75,1505.65,,1578.78,,,26795,42183683.00,906,F1,1,,,,,
2026-09-04,2026-09-04,CM,BSE,STK,544264,INE184O01015,DIFFNKG,B,,,,,Diffusion Engineers Limited,482.00,519.70,471.50,475.85,475.85,479.10,,474.94,,,89908,44612227.00,2666,F1,1,,,,,
2026-09-04,2026-09-04,CM,BSE,STK,544266,INF769K01LZ4,BANKPSU,B,,,,,Mirae Asset Mutual Fund,86.30,86.80,86.30,86.80,86.80,86.30,,86.14,,,15,1295.00,3,F1,1,,,,,
2026-09-04,2026-09-04,CM,BSE,STK,544267,INE0U6201010,SUBAM,M,,,,,SUBAM PAPERS LIMITED,213.75,213.90,213.75,213.90,213.90,207.00,,213.90,,,1600,342120.00,2,F1,800,,,,,
2026-09-04,2026-09-04,CM,BSE,STK,544268,INF769K01LY7,METAL,B,,,,,Mirae Asset Mutual Fund,13.26,13.51,13.26,13.47,13.47,13.28,,13.46,,,226283,3034610.00,634,F1,1,,,,,
2026-09-04,2026-09-04,CM,BSE,STK,544269,INE471R01019,NPFL,M,,,,,NEOPOLITAN PIZZA AND FOODS LIM,6.87,7.51,6.80,7.35,7.20,6.30,,7.35,,,66000,462420.00,8,F1,6000,,,,,
2026-09-04,2026-09-04,CM,BSE,STK,544271,INE0JVO01026,GARUDA,B,,,,,Garuda Construction and Engine,180.00,181.00,178.05,178.80,178.10,179.00,,178.73,,,26155,4696648.00,371,F1,1,,,,,
2026-09-04,2026-09-04,CM,BSE,STK,544272,INE0YRO01015,SHIVTEXCHEM,M,,,,,SHIV TEXCHEM LIMITED,110.00,110.00,106.75,109.30,109.95,110.00,,109.30,,,3600,392460.00,8,F1,400,,,,,
2026-09-04,2026-09-04,CM,BSE,STK,544273,INE0APB01032,MGEL,T,,,,,MANGALAM GLOBAL ENTERPRISE LIM,14.48,14.65,13.82,14.25,14.26,14.48,,14.24,,,23411,325923.00,56,F1,1,,,,,
2026-09-04,2026-09-04,CM,BSE,STK,544274,INE0V6F01027,HYUNDAI,A,,,,,HYUNDAI MOTOR INDIA LIMITED,2150.80,2214.55,2150.80,2205.00,2205.00,2150.00,,2205.00,,,21555,47173756.00,2859,F1,1,,,,,
2026-09-04,2026-09-04,CM,BSE,STK,544275,INF109KC16X5,VAL30IETF,B,,,,,ICICI Prudential Mutual Fund,15.16,15.21,15.12,15.16,15.16,15.15,,15.19,,,1564,23703.00,29,F1,1,,,,,
2026-09-04,2026-09-04,CM,BSE,STK,544276,INE0OPA01027,DBEIL,T,,,,,Deepak Builders and Engineers,6.10,6.45,5.95,6.40,6.40,6.22,,6.42,,,58338,365721.00,139,F1,1,,,,,
2026-09-04,2026-09-04,CM,BSE,STK,544277,INE377N01017,WAAREEENER,A,,,,,Waaree Energies Limited,2593.95,2649.00,2575.50,2636.00,2636.00,2580.00,,2635.07,,,63222,164724331.00,5303,F1,1,,,,,
2026-09-04,2026-09-04,CM,BSE,STK,544278,INE0PK601023,OCCLLTD,T,,,,,OCCL Limited,166.80,166.80,163.55,164.00,164.00,163.60,,163.93,,,3200,526484.00,31,F1,1,,,,,
2026-09-04,2026-09-04,CM,BSE,STK,544279,INE497S01012,GODAVARIB,B,,,,,Godavari Biorefineries Limited,243.60,245.10,240.55,242.05,241.00,245.10,,241.73,,,7090,1716516.00,182,F1,1,,,,,
2026-09-04,2026-09-04,CM,BSE,STK,544280,INE101I01011,AFCONS,A,,,,,Afcons Infrastructure Limited,294.15,297.25,291.35,292.55,293.40,295.00,,292.79,,,34398,10113935.00,881,F1,1,,,,,
2026-09-04,2026-09-04,CM,BSE,STK,544281,INE00YB01025,ABINFRA,T,,,,,A B INFRABUILD LIMITED,11.04,11.50,10.90,11.41,11.50,11.25,,11.35,,,31098,344972.00,102,F1,1,,,,,
2026-09-04,2026-09-04,CM,BSE,STK,544282,INE0W2G01015,SAGILITY,A,,,,,Sagility Limited,46.77,47.29,46.51,46.85,46.85,46.75,,46.82,,,524260,24569897.00,1978,F1,1,,,,,
2026-09-04,2026-09-04,CM,BSE,STK,544283,INE622W01025,ACMESOLAR,A,,,,,ACME Solar Holdings Limited,404.95,430.40,399.75,418.10,417.60,401.10,,418.00,,,284129,118138010.00,5108,F1,1,,,,,
2026-09-04,2026-09-04,CM,BSE,STK,544284,INF769K01MY5,LIQUIDPLUS,F,,,,,Mirae Asset Mutual Fund,1102.01,1102.03,1102.01,1102.03,1102.03,1101.64,,1102.01,,,1644,1811706.00,9,F1,1,,,,,
2026-09-04,2026-09-04,CM,BSE,STK,544285,INE00H001014,SWIGGY,A,,,,,SWIGGY LIMITED,267.00,284.25,267.00,276.20,276.20,270.25,,276.10,,,2370842,660105529.00,16193,F1,1,,,,,
2026-09-04,2026-09-04,CM,BSE,STK,544286,INE995S01015,NIVABUPA,A,,,,,NIVA BUPA HEALTH INSURANCE COM,80.25,80.99,79.42,80.16,80.01,80.83,,80.11,,,61149,4895291.00,898,F1,1,,,,,
2026-09-04,2026-09-04,CM,BSE,STK,544288,INE0UIZ01018,BLACKBUCK,A,,,,,BlackBuck Limited,581.80,588.40,581.30,586.20,585.00,582.55,,586.10,,,13546,7911786.00,999,F1,1,,,,,
2026-09-04,2026-09-04,CM,BSE,STK,544289,INE0ONG01011,NTPCGREEN,A,,,,,NTPC GREEN ENERGY LIMITED,88.98,89.54,88.58,89.39,89.39,88.71,,89.36,,,103695,9244470.00,1004,F1,1,,,,,
2026-09-04,2026-09-04,CM,BSE,STK,544290,INE0LLY01014,EIEL,B,,,,,ENVIRO INFRA ENGINEERS LIMITED,199.55,201.75,195.25,198.95,198.95,195.65,,199.16,,,55601,11070458.00,781,F1,1,,,,,
2026-09-04,2026-09-04,CM,BSE,STK,544291,INE0VN801010,RAJESH,M,,,,,RAJESH POWER SERVICES LIMITED,786.00,794.75,772.05,782.40,782.00,768.70,,782.40,,,48200,37788850.00,267,F1,100,,,,,
2026-09-04,2026-09-04,CM,BSE,STK,544292,INE013P01021,ONESOURCE,A,,,,,Onesource Specialty Pharma Lim,1563.80,1585.70,1528.00,1533.70,1540.20,1573.70,,1537.74,,,3804,5915206.00,482,F1,1,,,,,
2026-09-04,2026-09-04,CM,BSE,STK,544293,INE877V01027,SURAKSHA,B,,,,,SURAKSHA DIAGNOSTIC LIMITED,339.60,339.70,331.20,331.90,333.30,338.45,,332.44,,,1966,657009.00,64,F1,1,,,,,
2026-09-04,2026-09-04,CM,BSE,STK,544294,INE0OJW01016,ROSSTECH,B,,,,,Rossell Techsys Limited,1130.00,1168.35,1118.00,1153.35,1145.00,1115.25,,1150.57,,,11949,13697205.00,693,F1,1,,,,,
2026-09-04,2026-09-04,CM,BSE,STK,544295,INE19RO25013,PSPLATINA,IF,,,,,Property Share Investment Trus,1102000.00,1102000.00,1102000.00,1102000.00,1102000.00,1100000.00,,1102000.00,,,1,1102000.00,1,F1,1,,,,,
2026-09-04,2026-09-04,CM,BSE,STK,544296,INE0DQN01013,NISUS,M,,,,,NISUS FINANCE SERVICES CO LIMI,170.00,170.00,156.80,159.20,159.50,169.20,,159.20,,,27200,4410540.00,64,F1,400,,,,,
2026-09-04,2026-09-04,CM,BSE,STK,544301,INE054301028,ODIGMA,B,,,,,Odigma Consultancy Solutions L,24.00,24.00,22.80,23.58,23.58,23.55,,23.45,,,4088,96194.00,144,F1,1,,,,,
2026-09-04,2026-09-04,CM,BSE,STK,544302,INE403Y01018,INNOVANA,B,,,,,Innovana Thinklabs Limited,310.00,310.00,305.00,305.05,305.00,321.25,,305.18,,,35,10715.00,8,F1,1,,,,,
2026-09-04,2026-09-04,CM,BSE,STK,544303,INE0XAY01012,TTC,M,,,,,TOSS THE COIN LIMITED,158.00,161.80,153.00,159.90,159.90,163.05,,159.90,,,5400,849975.00,18,F1,300,,,,,
2026-09-04,2026-09-04,CM,BSE,STK,544304,INE0WCH01015,JUNGLECAMP,M,,,,,JUNGLE CAMPS INDIA LIMITED,43.94,44.00,42.60,42.60,42.60,43.95,,42.60,,,8000,349584.00,5,F1,1600,,,,,
2026-09-04,2026-09-04,CM,BSE,STK,544305,INE0HLU01028,MOBIKWIK,B,,,,,One Mobikwik Systems Limited,191.90,193.75,189.90,192.10,192.00,190.30,,192.12,,,20305,3899833.00,259,F1,1,,,,,
2026-09-04,2026-09-04,CM,BSE,STK,544306,INE570L01029,SAILIFE,A,,,,,Sai Life Sciences Limited,1581.60,1621.00,1563.90,1585.00,1585.00,1573.90,,1584.32,,,19448,30943889.00,1287,F1,1,,,,,
2026-09-04,2026-09-04,CM,BSE,STK,544307,INE01EA01019,VMM,A,,,,,Vishal Mega Mart Limited,107.00,107.40,105.95,106.30,106.30,106.70,,106.14,,,1785962,190501039.00,5072,F1,1,,,,,
2026-09-04,2026-09-04,CM,BSE,STK,544308,INE168C01013,HILLTONE,X,,,,,Hilltone Software and Gases Lt,40.28,44.00,39.22,40.17,39.22,39.49,,40.17,,,5126,207423.00,32,F1,1,,,,,
2026-09-04,2026-09-04,CM,BSE,STK,544309,INE115Q01022,IKS,A,,,,,INVENTURUS KNOWLEDGE SOLUTIONS,1725.90,1797.00,1725.90,1761.20,1757.10,1733.95,,1759.96,,,12647,22272818.00,1313,F1,1,,,,,
2026-09-04,2026-09-04,CM,BSE,STK,544310,INE00GK01023,YASHHV,M,,,,,Yash Highvoltage Limited,984.95,984.95,940.05,950.65,950.65,970.00,,950.65,,,79000,75731212.00,270,F1,250,,,,,
2026-09-04,2026-09-04,CM,BSE,STK,544311,INE0Q9301021,IGIL,A,,,,,International Gemological Inst,328.05,328.25,322.50,323.35,323.35,325.45,,323.50,,,15593,5068074.00,563,F1,1,,,,,
2026-09-04,2026-09-04,CM,BSE,STK,544312,INE0QBD01018,HAMPS,M,,,,,HAMPS BIO LIMITED,25.90,25.90,25.90,25.90,25.90,25.90,,25.90,,,4000,103600.00,1,F1,4000,,,,,
2026-09-04,2026-09-04,CM,BSE,STK,544314,INE0JPD01013,SANATHAN,B,,,,,Sanathan Textiles Limited,450.15,471.50,448.85,456.90,454.70,430.80,,456.22,,,18048,8351539.00,632,F1,1,,,,,
2026-09-04,2026-09-04,CM,BSE,STK,544315,INE037Z01029,CEWATER,B,,,,,Concord Enviro Systems Limited,265.25,266.20,261.00,262.65,262.75,265.30,,262.55,,,1530,403268.00,81,F1,1,,,,,
2026-09-04,2026-09-04,CM,BSE,STK,544316,INE284H01025,DAMCAPITAL,B,,,,,DAM Capital Advisors Limited,144.30,147.10,144.25,144.55,145.00,145.35,,144.89,,,14056,2039447.00,343,F1,1,,,,,
2026-09-04,2026-09-04,CM,BSE,STK,544317,INE454P01035,TRANSRAILL,A,,,,,Transrail Lighting Limited,433.95,434.65,428.45,429.50,430.00,427.35,,429.31,,,36298,15658146.00,874,F1,1,,,,,
2026-09-04,2026-09-04,CM,BSE,STK,544318,INE0TO701015,MAMATA,B,,,,,MAMATA MACHINERY LIMITED,405.50,416.55,402.10,413.45,408.40,402.30,,412.65,,,5208,2131748.00,203,F1,1,,,,,
2026-09-04,2026-09-04,CM,BSE,STK,544319,INE0RB801010,SENORES,A,,,,,SENORES PHARMACEUTICALS LIMITE,1441.00,1461.00,1421.45,1427.10,1429.20,1432.45,,1428.35,,,7161,10291474.00,554,F1,1,,,,,
2026-09-04,2026-09-04,CM,BSE,STK,544320,INE0V7W01012,CARRARO,B,,,,,CARRARO INDIA LIMITED,530.15,538.00,528.30,534.75,533.00,535.45,,533.69,,,4099,2185616.00,248,F1,1,,,,,
2026-09-04,2026-09-04,CM,BSE,STK,544321,INE781S01027,VENTIVE,B,,,,,Ventive Hospitality Limited,580.00,593.00,580.00,588.75,589.25,586.95,,588.21,,,763,447458.00,94,F1,1,,,,,
2026-09-04,2026-09-04,CM,BSE,STK,544322,INE0U3I01011,UNIMECH,B,,,,,Unimech Aerospace and Manufact,1494.10,1517.20,1472.50,1505.05,1501.85,1464.80,,1502.93,,,22877,34124222.00,1114,F1,1,,,,,
2026-09-04,2026-09-04,CM,BSE,STK,544323,INF769K01NS5,CONSUMER,B,,,,,Mirae Asset Mutual Fund,12.25,12.25,12.03,12.04,12.05,12.04,,12.03,,,26132,315131.00,63,F1,1,,,,,
2026-09-04,2026-09-04,CM,BSE,STK,544324,INE0A8401016,CITICHEM,M,,,,,Citichem India Limited,14.00,14.00,13.50,13.50,13.50,14.00,,13.50,,,8000,109840.00,4,F1,2000,,,,,
2026-09-04,2026-09-04,CM,BSE,STK,544325,INE379A01028,ITCHOTELS,A,,,,,ITC Hotels Limited,162.00,164.40,160.15,161.05,161.05,160.15,,161.21,,,229154,36969773.00,4214,F1,1,,,,,
2026-09-04,2026-09-04,CM,BSE,STK,544326,INF754K01TX4,ECAPINSURE,B,,,,,Edelweiss Mutual Fund,23.89,23.98,23.69,23.93,23.93,23.78,,23.98,,,354,8453.00,15,F1,1,,,,,
2026-09-04,2026-09-04,CM,BSE,STK,544327,INE0ZHT01012,TECHNICHEM,M,,,,,TECHNICHEM ORGANICS LIMITED,42.90,42.94,42.90,42.94,42.94,40.90,,42.94,,,4000,171680.00,2,F1,2000,,,,,
2026-09-04,2026-09-04,CM,BSE,STK,544328,INE622H01018,INDOFARM,B,,,,,INDO FARM EQUIPMENT LIMITED,134.80,136.25,133.00,134.15,134.35,134.70,,134.03,,,20849,2794450.00,377,F1,1,,,,,
2026-09-04,2026-09-04,CM,BSE,STK,544329,INE0RH001011,VANDU,M,,,,,LEO DRYFRUITS & SPICES TRADING,62.55,69.99,61.20,66.92,67.90,61.20,,66.92,,,62000,4039640.00,27,F1,2000,,,,,
2026-09-04,2026-09-04,CM,BSE,STK,544330,INE0QQJ01021,PARMESHWAR,M,,,,,PARMESHWAR METAL LIMITED,300.00,302.00,291.00,291.00,291.00,299.65,,291.00,,,18000,5359450.00,16,F1,1000,,,,,
2026-09-04,2026-09-04,CM,BSE,STK,544332,INE0HSD01011,FABCLEAN,MT,,,,,Fabtech Cleanrooms Limited,435.30,435.30,433.00,435.30,435.30,414.60,,435.30,,,10000,4347540.00,23,F1,400,,,,,
2026-09-04,2026-09-04,CM,BSE,STK,544333,INE0M4D01010,SETL,B,,,,,STANDARD ENGINEERING TECHNOLOG,396.70,412.40,390.90,409.80,407.70,392.80,,409.01,,,125195,50770939.00,2555,F1,1,,,,,
2026-09-04,2026-09-04,CM,BSE,STK,544334,INE0FK501019,INDOBELL,MT,,,,,Indobell Insulations Limited,79.50,81.00,78.97,79.10,79.10,83.12,,79.10,,,9750,772455.00,12,F1,750,,,,,
2026-09-04,2026-09-04,CM,BSE,STK,544335,INE00ST01011,BRGIL,MT,,,,,B.R.GOYAL INFRASTRUCTURE LIMIT,192.00,195.30,188.00,193.00,193.00,186.00,,193.00,,,23000,4396250.00,14,F1,1000,,,,,
2026-09-04,2026-09-04,CM,BSE,STK,544336,INE0LRY01011,QUADFUTURE,B,,,,,Quadrant Future Tek Limited,432.15,434.50,415.00,418.65,418.50,426.15,,417.94,,,28167,11936483.00,517,F1,1,,,,,
2026-09-04,2026-09-04,CM,BSE,STK,544337,INE0NQ401024,AVAX,MT,,,,,Avax Apparels and Ornaments Li,38.55,38.60,35.20,37.95,37.95,36.79,,37.95,,,14000,520020.00,11,F1,1000,,,,,
2026-09-04,2026-09-04,CM,BSE,STK,544338,INE0Z8Z23013,CAPINVIT,IF,,,,,Capital Infra Trust,76.36,76.90,76.03,76.76,76.76,76.23,,76.65,,,9419,719958.00,203,F1,1,,,,,
2026-09-04,2026-09-04,CM,BSE,STK,544339,INE0WO601020,LAXMIDENTL,B,,,,,Laxmi Dental Limited,200.80,200.80,198.00,199.50,199.90,198.80,,199.15,,,4242,845835.00,158,F1,1,,,,,
2026-09-04,2026-09-04,CM,BSE,STK,544340,INE0CFH01028,RIKHAV,M,,,,,Rikhav Securities Limited,44.95,45.00,42.21,45.00,45.00,45.41,,45.00,,,81600,3667216.00,26,F1,1600,,,,,
2026-09-04,2026-09-04,CM,BSE,STK,544341,INE12QA01010,LGLL,M,,,,,LANDMARK GLOBAL LEARNING LIMIT,11.65,11.65,11.07,11.09,11.07,11.65,,11.09,,,19200,216112.00,11,F1,1600,,,,,
2026-09-04,2026-09-04,CM,BSE,STK,544342,INE0RYC01010,STALLION,T,,,,,Stallion India Fluorochemicals,206.00,211.55,204.00,207.60,207.55,207.60,,206.76,,,34528,7149652.00,334,F1,1,,,,,
2026-09-04,2026-09-04,CM,BSE,STK,544343,INE0WXM01011,CNINFOTECH,M,,,,,CAPITALNUMBERS INFOTECH  LIMIT,82.75,82.75,80.00,80.09,80.05,82.00,,80.09,,,17200,1392584.00,34,F1,400,,,,,
2026-09-04,2026-09-04,CM,BSE,STK,544344,INE526E01018,SHRIPISTON,A,,,,,SPR Auto Technologies Limited,4525.45,4560.00,4424.10,4532.55,4560.00,4545.05,,4536.35,,,4984,22492081.00,557,F1,1,,,,,
2026-09-04,2026-09-04,CM,BSE,STK,544345,INE0R4L01018,DENTA,B,,,,,Denta Water and Infra Solution,274.00,276.10,270.65,275.80,274.85,270.60,,275.39,,,7408,2030837.00,364,F1,1,,,,,
2026-09-04,2026-09-04,CM,BSE,STK,544346,INE0AK901016,RRECL,B,,,,,RDB Real Estate Constructions,145.00,145.00,120.50,137.50,137.50,133.00,,136.83,,,152,20517.00,17,F1,1,,,,,
2026-09-04,2026-09-04,CM,BSE,STK,544347,INE0WDX01010,CLN,MT,,,,,CLN ENERGY LIMITED,520.00,520.10,520.00,520.00,520.00,520.50,,520.00,,,1600,832020.00,7,F1,200,,,,,
2026-09-04,2026-09-04,CM,BSE,STK,544348,INE0RWU01016,GBLOGISTIC,M,,,,,GB Logistics Commerce Limited,24.00,25.00,23.55,23.55,23.55,23.99,,23.55,,,12000,287880.00,9,F1,1200,,,,,
2026-09-04,2026-09-04,CM,BSE,STK,544349,INE0DZD01015,HMEML,M,,,,,H.M. ELECTRO MECH LIMITED,52.55,55.00,52.55,55.00,55.00,54.00,,55.00,,,8000,435600.00,5,F1,1600,,,,,
2026-09-04,2026-09-04,CM,BSE,STK,544350,INE943P01029,AGARWALEYE,A,,,,,Dr. Agarwal's Health Care Limi,516.75,516.75,508.15,514.15,515.35,512.55,,514.10,,,11521,5894862.00,744,F1,1,,,,,
2026-09-04,2026-09-04,CM,BSE,STK,544351,INE0YON01014,MALPANI,M,,,,,MALPANI PIPES AND FITTINGS LIM,55.10,61.99,55.10,59.00,59.00,61.00,,59.00,,,9600,578064.00,6,F1,1600,,,,,
2026-09-04,2026-09-04,CM,BSE,STK,544352,INF740KA1VE5,NEXT30ADD,B,,,,,DSP BSE Sensex Next 30 ETF,42.63,42.70,42.49,42.70,42.70,42.61,,42.69,,,214,9096.00,5,F1,1,,,,,
2026-09-04,2026-09-04,CM,BSE,STK,544353,INE0U2L01017,AMWILL,M,,,,,Amwill Health Care Limited,43.50,43.50,43.00,43.00,43.00,43.00,,43.00,,,9600,415368.00,6,F1,1200,,,,,
2026-09-04,2026-09-04,CM,BSE,STK,544354,INE0W0H01017,SOLARIUM,M,,,,,SOLARIUM GREEN ENERGY LIMITED,151.00,153.85,148.85,150.50,151.90,154.00,,150.50,,,22200,3355905.00,54,F1,300,,,,,
2026-09-04,2026-09-04,CM,BSE,STK,544355,INE03CC01015,JUBLCPL,B,,,,,Jubilant Agri and Consumer Pro,2304.35,2328.10,2207.70,2241.15,2245.20,2312.30,,2223.87,,,359,816746.00,89,F1,1,,,,,
2026-09-04,2026-09-04,CM,BSE,STK,544356,INE274Y01021,AJAXENGG,B,,,,,AJAX Engineering Limited,579.80,588.00,572.05,581.70,584.00,576.30,,582.41,,,4979,2894510.00,311,F1,1,,,,,
2026-09-04,2026-09-04,CM,BSE,STK,544361,INE0R8101016,COVANCE,XT,,,,,COVANCE SOFTSOL LIMITED,155.60,155.60,155.00,155.60,155.60,148.20,,155.60,,,1966,305906.00,38,F1,1,,,,,
2026-09-04,2026-09-04,CM,BSE,STK,544362,INE093A01041,HEXT,A,,,,,Hexaware Technologies Limited,536.00,540.25,524.10,527.65,530.60,528.05,,528.53,,,18284,9709098.00,791,F1,1,,,,,
2026-09-04,2026-09-04,CM,BSE,STK,544363,INF582M01KS4,UNIONGOLD,E,,,,,UNION MUTUAL FUND,153.00,153.00,151.50,151.50,151.50,150.00,,150.20,,,2,304.00,2,F1,1,,,,,
2026-09-04,2026-09-04,CM,BSE,STK,544364,INE0O9T01021,BAJAJINDEF,B,,,,,Indef Manufacturing Limited,222.00,225.10,222.00,224.40,224.40,219.35,,222.69,,,589,130769.00,161,F1,1,,,,,
2026-09-04,2026-09-04,CM,BSE,STK,544365,INE0TD301017,SHANMUGA,M,,,,,SHANMUGA HOSPITAL LIMITED,42.90,44.00,42.90,44.00,44.00,43.00,,44.00,,,14000,610500.00,7,F1,2000,,,,,
2026-09-04,2026-09-04,CM,BSE,STK,544367,INE0SII01026,QPOWER,B,,,,,QUALITY POWER ELECTRICAL EQUIP,1443.25,1495.05,1443.00,1495.05,1495.05,1423.90,,1495.29,,,15488,22984189.00,840,F1,1,,,,,
2026-09-04,2026-09-04,CM,BSE,STK,544368,INE0TIR01017,SWASTH,M,,,,,Swasth Foodtech India Limited,16.30,16.31,16.30,16.30,16.30,17.00,,16.30,,,3600,58692.00,3,F1,1200,,,,,
2026-09-04,2026-09-04,CM,BSE,STK,544369,INE13VU01016,BEEZAASAN,MT,,,,,Beezaasan Explotech Limited,550.65,550.65,550.65,550.65,550.65,561.85,,550.65,,,2400,1321560.00,3,F1,800,,,,,
2026-09-04,2026-09-04,CM,BSE,STK,544371,INE0NR501012,VIKRAMAR,X,,,,,VIKRAM AROMA LIMITED,86.00,91.00,83.80,88.16,91.00,80.20,,88.16,,,15231,1317451.00,146,F1,1,,,,,
2026-09-04,2026-09-04,CM,BSE,STK,544373,INE0VNH01014,NAPSGLOBAL,M,,,,,NAPS Global India Limited,58.50,58.50,58.50,58.50,58.50,60.00,,58.50,,,1600,93600.00,1,F1,1600,,,,,
2026-09-04,2026-09-04,CM,BSE,STK,544375,INF579M01BB5,GOLD360,E,,,,,360 ONE Mutual Fund,150.29,150.91,149.39,149.68,149.55,149.00,,149.70,,,2167,325372.00,82,F1,1,,,,,
2026-09-04,2026-09-04,CM,BSE,STK,544376,INF769K01ON4,SELECTIPO,B,,,,,Mirae Asset Mutual Fund,48.81,48.93,48.73,48.75,48.75,48.69,,48.65,,,506,24675.00,5,F1,1,,,,,
2026-09-04,2026-09-04,CM,BSE,STK,544377,INF769K01OA1,EQUAL200,B,,,,,Mirae Asset Mutual Fund,14.13,14.13,13.80,13.83,13.83,13.85,,13.82,,,60,829.00,10,F1,1,,,,,
2026-09-04,2026-09-04,CM,BSE,STK,544379,INE0I0M01023,PRABHA,B,,,,,Prabha Energy Limited,220.90,258.55,218.15,230.65,230.65,221.70,,230.60,,,230284,55622710.00,4483,F1,1,,,,,
2026-09-04,2026-09-04,CM,BSE,STK,544380,INF109K1A021,CASHIETF,F,,,,,ICICI Prudential Mutual Fund,1078.39,1078.39,1078.39,1078.39,1078.39,1078.00,,1078.38,,,70,75487.00,1,F1,1,,,,,
2026-09-04,2026-09-04,CM,BSE,STK,544381,INE16IQ01014,SUPERIRON,M,,,,,Super Iron Foundry Limited,38.85,39.00,38.50,39.00,39.00,38.96,,39.00,,,7200,280020.00,6,F1,1200,,,,,
2026-09-04,2026-09-04,CM,BSE,STK,544382,INF846KA1119,VALUEAXIS,B,,,,,Axis Mutual Fund,33.01,33.03,33.01,33.02,33.02,32.68,,32.88,,,33,1089.00,3,F1,1,,,,,
2026-09-04,2026-09-04,CM,BSE,STK,544383,INE0SMW01011,PPARIVAH,MT,,,,,PARADEEP PARIVAHAN LIMITED,286.00,297.40,283.45,297.40,297.40,287.00,,297.40,,,24000,6907380.00,17,F1,1200,,,,,
2026-09-04,2026-09-04,CM,BSE,STK,544384,INF0R8F01091,SILVERCASE,E,,,,,Zerodha Mutual Fund,23.10,23.79,23.10,23.62,23.58,23.29,,23.61,,,303802,7171542.00,331,F1,1,,,,,
2026-09-04,2026-09-04,CM,BSE,STK,544385,INF200KB1712,SBIBPB,B,,,,,SBI Mutual Fund,50.01,50.10,49.19,49.77,50.00,49.72,,49.56,,,1623,80614.00,48,F1,1,,,,,
2026-09-04,2026-09-04,CM,BSE,STK,544386,INE01EO01010,SPECTRUM,T,,,,,Spectrum Electrical Industries,2352.00,2359.90,2335.20,2359.90,2359.90,2247.55,,2368.40,,,558,1312822.00,30,F1,1,,,,,
2026-09-04,2026-09-04,CM,BSE,STK,544387,INE0TGG01014,DESCO,M,,,,,Desco Infratech Limited,161.80,168.10,161.80,163.70,163.55,168.25,,163.70,,,31000,5108025.00,62,F1,500,,,,,
2026-09-04,2026-09-04,CM,BSE,STK,544388,INE0PA401012,IDENTIXWEB,M,,,,,Identixweb Limited,76.10,76.10,76.10,76.10,76.10,74.00,,76.10,,,2000,152200.00,1,F1,2000,,,,,
2026-09-04,2026-09-04,CM,BSE,STK,544389,INF579M01BC3,SILVER360,E,,,,,360 ONE Mutual Fund,227.92,229.83,227.92,228.63,228.63,226.21,,229.11,,,285,65406.00,8,F1,1,,,,,
2026-09-04,2026-09-04,CM,BSE,STK,544390,INE1NPP01017,ENRIN,A,,,,,Siemens Energy India Limited,3188.15,3188.15,3106.85,3114.90,3114.90,3153.30,,3115.70,,,15744,49225013.00,1851,F1,1,,,,,
2026-09-04,2026-09-04,CM,BSE,STK,544393,INE12IB01015,INFONATIVE,MT,,,,,INFONATIVE SOLUTIONS LIMITED,35.54,35.87,35.54,35.71,35.54,34.17,,35.71,,,6400,228512.00,4,F1,1600,,,,,
2026-09-04,2026-09-04,CM,BSE,STK,544394,INF109K1A153,EVIETF,B,,,,,ICICI Prudential Mutual Fund,33.46,33.46,32.29,32.65,32.40,32.69,,32.47,,,6001,195202.00,120,F1,1,,,,,
2026-09-04,2026-09-04,CM,BSE,STK,544395,INE1VXE01018,STLNETWORK,B,,,,,STL Networks Limited,27.80,28.84,27.80,28.84,28.84,27.47,,28.86,,,138237,3952387.00,380,F1,1,,,,,
2026-09-04,2026-09-04,CM,BSE,STK,544396,INE0FFK01017,NPST,B,,,,,Network People Services Techno,1718.00,1771.45,1706.60,1721.30,1722.10,1722.15,,1718.95,,,3345,5828794.00,241,F1,1,,,,,
2026-09-04,2026-09-04,CM,BSE,STK,544397,INE0LEZ01016,ATHERENERG,A,,,,,Ather Energy Limited,1644.00,1645.55,1560.00,1584.00,1584.00,1636.10,,1584.00,,,471306,750018698.00,16234,F1,1,,,,,
2026-09-04,2026-09-04,CM,BSE,STK,544398,INE0AOG01018,KENRIK,M,,,,,Kenrik Industries Limited,10.77,10.77,10.77,10.77,10.77,10.26,,10.77,,,24000,258480.00,4,F1,6000,,,,,
2026-09-04,2026-09-04,CM,BSE,STK,544399,INE0RJ901010,SRIGEE,M,,,,,SRIGEE DLM LIMITED,90.85,91.50,87.00,89.00,89.00,90.00,,89.00,,,12000,1075020.00,10,F1,1200,,,,,
2026-09-04,2026-09-04,CM,BSE,STK,544400,INE0MV001018,MANOJJEWEL,M,,,,,Manoj Jewellers Limited,26.10,26.10,25.00,26.00,26.00,26.10,,26.00,,,12000,304200.00,6,F1,2000,,,,,
2026-09-04,2026-09-04,CM,BSE,STK,544402,INE039O01029,JASH,B,,,,,JASH ENGINEERING LIMITED,467.00,489.00,467.00,478.70,481.35,465.15,,478.51,,,12498,6024223.00,743,F1,1,,,,,
2026-09-04,2026-09-04,CM,BSE,STK,544403,INE14LE01019,ABLBL,A,,,,,Aditya Birla Lifestyle Brands,84.47,86.97,83.60,85.90,85.90,83.51,,86.05,,,120142,10275825.00,877,F1,1,,,,,
2026-09-04,2026-09-04,CM,BSE,STK,544404,INE16SF01016,BORANA,B,,,,,BORANA WEAVES LIMITED,309.00,310.75,302.70,306.40,305.85,301.75,,307.53,,,901,275360.00,88,F1,1,,,,,
2026-09-04,2026-09-04,CM,BSE,STK,544405,INE894V01022,BELRISE,A,,,,,BELRISE INDUSTRIES LIMITED,238.95,239.40,233.55,236.95,236.95,238.05,,236.87,,,395683,93220106.00,2065,F1,1,,,,,
2026-09-04,2026-09-04,CM,BSE,STK,544406,INE1ABX01018,UNIFIED,M,,,,,UNIFIED DATA TECH SOLUTIONS LI,369.00,394.00,369.00,390.10,390.10,368.15,,390.10,,,163200,63184640.00,255,F1,400,,,,,
2026-09-04,2026-09-04,CM,BSE,STK,544407,INE0INX01018,AEGISVOPAK,A,,,,,AEGIS VOPAK TERMINALS LIMITED,286.85,293.85,283.25,284.65,284.65,286.80,,284.50,,,45331,13083907.00,1138,F1,1,,,,,
2026-09-04,2026-09-04,CM,BSE,STK,544408,INE0AQ201015,THELEELA,A,,,,,Leela Palaces Hotels & Resorts,587.95,587.95,551.10,554.15,555.35,565.70,,554.05,,,20296,11315782.00,460,F1,1,,,,,
2026-09-04,2026-09-04,CM,BSE,STK,544409,INE0TG901011,ASTONEALAB,MT,,,,,ASTONEA LABS LIMITED,260.00,270.00,257.00,268.00,268.00,270.00,,268.00,,,46000,11849000.00,4,F1,1000,,,,,
2026-09-04,2026-09-04,CM,BSE,STK,544410,INE0BX301013,PROSTARM,B,,,,,PROSTARM INFO SYSTEMS LIMITED,131.00,137.50,129.40,134.75,137.50,130.20,,134.73,,,17571,2331052.00,325,F1,1,,,,,
2026-09-04,2026-09-04,CM,BSE,STK,544411,INE090501011,SCODATUBES,B,,,,,Scoda Tubes Limited,135.90,136.10,132.00,134.95,135.90,134.70,,135.02,,,19766,2662419.00,326,F1,1,,,,,
2026-09-04,2026-09-04,CM,BSE,STK,544412,INE0TE101010,3BFILMS,M,,,,,3B FILMS LIMITED,11.00,11.66,11.00,11.66,11.66,11.11,,11.66,,,45000,521970.00,14,F1,3000,,,,,
2026-09-04,2026-09-04,CM,BSE,STK,544413,INE0U4701011,DIGITIDE,B,,,,,Digitide Solutions Limited,95.00,98.91,95.00,97.15,97.15,95.80,,97.01,,,10299,997845.00,242,F1,1,,,,,
2026-09-04,2026-09-04,CM,BSE,STK,544414,INE0U4101014,BLUSPRING,B,,,,,Bluspring Enterprises Limited,134.80,139.90,131.85,139.10,138.00,134.30,,138.98,,,98582,13499072.00,1419,F1,1,,,,,
2026-09-04,2026-09-04,CM,BSE,STK,544415,INF204KC1EZ3,SNXT30BEES,B,,,,,Nippon India Mutual Fund,42.56,42.56,42.56,42.56,42.56,42.24,,42.58,,,1,42.00,1,F1,1,,,,,
2026-09-04,2026-09-04,CM,BSE,STK,544416,INE0GGO01015,KRISHIVAL,B,,,,,KRISHIVAL FOODS LIMITED,413.80,420.30,410.00,416.05,416.80,414.00,,416.29,,,4563,1898307.00,371,F1,1,,,,,
2026-09-04,2026-09-04,CM,BSE,STK,544417,INE0XCV01014,ATENPAPERS,M,,,,,Aten Papers & Foam Limited,19.90,20.00,19.50,19.80,19.50,20.00,,19.80,,,3600,71280.00,3,F1,1200,,,,,
2026-09-04,2026-09-04,CM,BSE,STK,544418,INE0BYP01024,OSWALPUMPS,B,,,,,Oswal Pumps Limited,282.15,291.20,278.10,279.10,280.00,279.75,,279.20,,,111487,31515620.00,2184,F1,1,,,,,
2026-09-04,2026-09-04,CM,BSE,STK,544419,INE0H9P01028,ARIS,B,,,,,ArisInfra Solutions Limited,130.50,132.90,127.20,129.15,129.35,129.10,,128.64,,,551188,71629847.00,984,F1,1,,,,,
2026-09-04,2026-09-04,CM,BSE,STK,544420,INE1SY401010,RAYMONDREL,B,,,,,Raymond Realty Limited,540.05,559.45,525.00,529.45,529.45,536.40,,529.16,,,49397,27001058.00,1558,F1,1,,,,,
2026-09-04,2026-09-04,CM,BSE,STK,544421,INE236E01022,ELLEN,B,,,,,ELLENBARRIE INDUSTRIAL GASES L,336.95,340.00,328.50,332.00,329.15,330.85,,331.86,,,64638,21684607.00,1432,F1,1,,,,,
2026-09-04,2026-09-04,CM,BSE,STK,544422,INE0ZDY01011,ABRFL,M,,,,,Abram Food Limited,39.45,39.45,39.37,39.37,39.37,37.91,,39.37,,,2400,94584.00,2,F1,1200,,,,,
2026-09-04,2026-09-04,CM,BSE,STK,544423,INE227J01012,KALPATARU,B,,,,,Kalpataru Limited,272.30,279.20,272.30,277.65,278.05,277.20,,277.65,,,1040,288500.00,83,F1,1,,,,,
2026-09-04,2026-09-04,CM,BSE,STK,544424,INE0V3U01015,GLOBECIVIL,B,,,,,GLOBE CIVIL PROJECTS LIMITED,49.00,49.09,47.88,48.22,48.20,48.85,,48.15,,,2503,121380.00,26,F1,1,,,,,
2026-09-04,2026-09-04,CM,BSE,STK,544425,INE0XRR01010,AJCJEWEL,MT,,,,,AJC Jewel Manufacturers Limite,211.85,211.85,211.85,211.85,211.85,201.80,,211.85,,,1200,254220.00,1,F1,1200,,,,,
2026-09-04,2026-09-04,CM,BSE,STK,544428,INE0SC101013,SEVL,M,,,,,SUPERTECH EV LIMITED,35.12,36.20,35.11,35.95,36.20,35.01,,35.95,,,8400,296940.00,4,F1,1200,,,,,
2026-09-04,2026-09-04,CM,BSE,STK,544429,INE756I01012,HDBFS,A,,,,,HDB FINANCIAL SERVICES LIMITED,693.00,705.00,680.05,682.25,684.55,692.90,,682.69,,,25428,17631055.00,1108,F1,1,,,,,
2026-09-04,2026-09-04,CM,BSE,STK,544430,INE12NJ01018,SAMBHV,B,,,,,SAMBHV STEEL TUBES LIMITED,130.20,132.05,127.25,128.65,128.15,129.70,,128.69,,,94637,12354742.00,1187,F1,1,,,,,
2026-09-04,2026-09-04,CM,BSE,STK,544431,INE0S9X01011,ACEALPHA,M,,,,,Ace Alpha Tech Limited,131.05,133.20,131.05,133.20,133.20,133.20,,133.20,,,5000,661950.00,4,F1,1000,,,,,
2026-09-04,2026-09-04,CM,BSE,STK,544432,INE05J901018,IGCL,B,,,,,Indogulf Cropsciences Limited,71.80,73.89,71.80,72.91,72.70,72.80,,72.89,,,1448,104946.00,112,F1,1,,,,,
2026-09-04,2026-09-04,CM,BSE,STK,544434,INE0UZO01024,NEETUYOSHI,MT,,,,,Neetu Yoshi Limited,176.45,186.35,176.45,186.35,186.35,177.50,,186.35,,,152000,28182280.00,160,F1,800,,,,,
2026-09-04,2026-09-04,CM,BSE,STK,544435,INE0W1601012,ADCOUNTY,M,,,,,ADCOUNTY MEDIA INDIA LIMITED,82.60,92.00,82.60,89.08,89.00,82.47,,89.08,,,48000,4227088.00,49,F1,800,,,,,
2026-09-04,2026-09-04,CM,BSE,STK,544437,INE0TBQ01014,MARCLOIRE,M,,,,,MARC LOIRE FASHIONS LIMITED,44.84,45.13,44.84,45.13,45.13,42.99,,45.13,,,4800,215664.00,4,F1,1200,,,,,
2026-09-04,2026-09-04,CM,BSE,STK,544438,INF769K01PB6,INTERNET,B,,,,,Mirae Asset Mutual Fund,14.67,14.73,14.58,14.63,14.58,14.51,,14.61,,,41548,609843.00,17,F1,1,,,,,
2026-09-04,2026-09-04,CM,BSE,STK,544439,INE0S4R01014,CRIZAC,B,,,,,CRIZAC LIMITED,163.05,163.40,160.00,160.25,161.00,162.25,,160.29,,,18286,2950296.00,514,F1,1,,,,,
2026-09-04,2026-09-04,CM,BSE,STK,544440,INE0TL001013,CRYOGENIC,MT,,,,,CRYOGENIC OGS LIMITED,358.40,358.40,357.70,357.70,357.70,365.00,,357.70,,,12750,4562850.00,17,F1,750,,,,,
2026-09-04,2026-09-04,CM,BSE,STK,544441,INE162901016,METAINFO,MT,,,,,META INFOTECH LIMITED,88.90,89.99,84.30,85.04,85.00,87.02,,85.04,,,47200,4057312.00,45,F1,800,,,,,
2026-09-04,2026-09-04,CM,BSE,STK,544442,INE0VWL01017,CHEMKART,M,,,,,Chemkart India Limited,181.05,185.50,181.00,185.50,185.50,181.00,,185.50,,,6000,1097850.00,10,F1,600,,,,,
2026-09-04,2026-09-04,CM,BSE,STK,544443,INE103V01028,TRAVELFOOD,B,,,,,TRAVEL FOOD SERVICES LIMITED,1270.00,1301.20,1266.40,1295.20,1301.20,1280.75,,1296.15,,,4602,5919273.00,315,F1,1,,,,,
2026-09-04,2026-09-04,CM,BSE,STK,544444,INE0UMC01019,GLEN,MT,,,,,Glen Industries Limited,122.00,125.45,121.25,124.85,124.40,120.00,,124.85,,,94800,11725920.00,47,F1,1200,,,,,
2026-09-04,2026-09-04,CM,BSE,STK,544445,INE0SJX01015,APL,MT,,,,,ASSTON PHARMACEUTICALS LIMITED,105.05,110.00,101.00,109.95,110.00,105.65,,109.95,,,27000,2858700.00,23,F1,1000,,,,,
2026-09-04,2026-09-04,CM,BSE,STK,544446,INE28GN01010,ADVENTHTL,B,,,,,Advent Hotels International Li,135.25,135.75,133.00,134.75,134.75,134.85,,134.57,,,1838,246810.00,61,F1,1,,,,,
2026-09-04,2026-09-04,CM,BSE,STK,544447,INE0NAZ01010,SMARTWORKS,B,,,,,SMARTWORKS COWORKING SPACES LI,536.50,548.00,535.95,542.95,545.00,532.85,,541.54,,,2648,1438031.00,236,F1,1,,,,,
2026-09-04,2026-09-04,CM,BSE,STK,544448,INE124Y01028,PASHUPATI,B,,,,,Pashupati Cotspin Limited,83.89,83.89,81.50,82.26,82.26,83.09,,81.97,,,2588,214115.00,271,F1,1,,,,,
2026-09-04,2026-09-04,CM,BSE,STK,544449,INE0CZ201020,ANTHEM,A,,,,,Anthem Biosciences Limited,968.55,970.80,926.80,933.90,930.00,949.55,,934.04,,,51775,48730276.00,2855,F1,1,,,,,
2026-09-04,2026-09-04,CM,BSE,STK,544450,INE0TGX01019,CHEMBONDCH,T,,,,,CHEMBOND CHEMICALS  LIMITED,260.30,263.90,252.00,263.90,263.90,262.50,,254.47,,,1615,412456.00,20,F1,1,,,,,
2026-09-04,2026-09-04,CM,BSE,STK,544451,INE0LCG01010,MONIKA,M,,,,,MONIKA ALCOBEV LIMITED,161.20,161.20,160.00,160.70,160.00,162.00,,160.70,,,1600,257100.00,4,F1,400,,,,,
2026-09-04,2026-09-04,CM,BSE,STK,544452,INE0PTF01017,SWASTIKAAL,MT,,,,,Swastika Castal Limited,127.75,140.95,127.75,140.95,140.95,134.45,,140.95,,,40000,5314200.00,18,F1,2000,,,,,
2026-09-04,2026-09-04,CM,BSE,STK,544453,INE0V0L01028,MSECL,M,,,,,Monarch Surveyors and Engineer,267.60,310.20,267.05,305.25,309.70,263.00,,305.25,,,211200,61841250.00,320,F1,600,,,,,
2026-09-04,2026-09-04,CM,BSE,STK,544454,INE06ST01018,INDIQUBE,B,,,,,INDIQUBE SPACES LIMITED,194.50,195.10,192.80,194.55,194.00,191.35,,194.54,,,1895,368251.00,31,F1,1,,,,,
2026-09-04,2026-09-04,CM,BSE,STK,544455,INE18JU01028,EBGNG,B,,,,,GNG Electronics Limited,622.85,630.35,585.00,602.00,605.00,622.20,,601.27,,,85313,51427364.00,3138,F1,1,,,,,
2026-09-04,2026-09-04,CM,BSE,STK,544456,INE219Y01026,RMDRIP,T,,,,,R M DRIP AND SPRINKLERS SYSTEM,21.88,21.88,21.03,21.10,21.40,20.84,,21.13,,,16227,346242.00,61,F1,1,,,,,
2026-09-04,2026-09-04,CM,BSE,STK,544457,INE03NU01014,BRIGHOTEL,B,,,,,Brigade Hotel Ventures Limited,59.25,60.00,58.90,59.46,59.07,59.19,,59.23,,,15363,915235.00,337,F1,1,,,,,
2026-09-04,2026-09-04,CM,BSE,STK,544458,INE0FMZ01045,SHREEREF,M,,,,,SHREE REFRIGERATIONS LIMITED,413.00,422.00,411.00,419.90,421.00,413.05,,419.90,,,159000,66463700.00,296,F1,500,,,,,
2026-09-04,2026-09-04,CM,BSE,STK,544459,INE06ZD01017,SHANTIGOLD,B,,,,,SHANTI GOLD INTERNATIONAL LIMI,246.50,259.40,246.20,256.75,252.00,245.15,,256.38,,,215199,54888617.00,2452,F1,1,,,,,
2026-09-04,2026-09-04,CM,BSE,STK,544460,INE161701011,PATELCHEM,MT,,,,,PATEL CHEM SPECIALITIES LIMITE,108.15,108.15,107.50,107.55,107.50,108.40,,107.55,,,16000,1727200.00,10,F1,1600,,,,,
2026-09-04,2026-09-04,CM,BSE,STK,544462,INE19RO25021,PSTITANIA,IF,,,,,PropShare Titania,1100000.00,1100000.00,1100000.00,1100000.00,1100000.00,1100000.00,,1100000.00,,,2,2200000.00,2,F1,1,,,,,
2026-09-04,2026-09-04,CM,BSE,STK,544463,INE15WN01014,REPONO,MT,,,,,REPONO LIMITED,82.50,82.50,80.00,82.45,82.50,82.50,,82.45,,,31200,2548008.00,21,F1,1200,,,,,
2026-09-04,2026-09-04,CM,BSE,STK,544464,INE1P1A01018,UML,M,,,,,Umiya Mobile Limited,59.50,60.00,59.50,60.00,60.00,61.39,,60.00,,,4000,239000.00,2,F1,2000,,,,,
2026-09-04,2026-09-04,CM,BSE,STK,544465,INE06WU01026,LAXMIINDIA,B,,,,,LAXMI INDIA FINANCE LIMITED,128.85,134.20,128.50,132.70,133.80,127.95,,132.60,,,20255,2659780.00,331,F1,1,,,,,
2026-09-04,2026-09-04,CM,BSE,STK,544466,INE819V01029,CPPLUS,A,,,,,Aditya Infotech Limited,3750.00,3796.35,3647.00,3705.90,3722.05,3748.55,,3704.67,,,12371,45964604.00,2530,F1,1,,,,,
2026-09-04,2026-09-04,CM,BSE,STK,544467,INE301O01023,NSDL,A,,,,,National Securities Depository,813.50,816.55,812.00,812.85,812.85,811.75,,812.85,,,302619,246338905.00,13589,F1,1,,,,,
2026-09-04,2026-09-04,CM,BSE,STK,544469,INE0V9Q01010,LOTUSDEV,T,,,,,Sri Lotus Developers and Realt,186.00,193.30,182.05,191.25,193.30,184.10,,193.22,,,38039,7185285.00,315,F1,1,,,,,
2026-09-04,2026-09-04,CM,BSE,STK,544470,INE08N601015,MBEL,B,,,,,M & B ENGINEERING LIMITED,276.35,276.35,269.00,270.40,269.50,275.00,,270.16,,,4652,1270358.00,269,F1,1,,,,,
2026-09-04,2026-09-04,CM,BSE,STK,544471,INE14OX01013,TAKYON,M,,,,,TAKYON NETWORKS LIMITED,17.50,18.50,17.50,17.75,17.75,18.13,,17.75,,,18000,325460.00,7,F1,2000,,,,,
2026-09-04,2026-09-04,CM,BSE,STK,544472,INE1KH601014,MEHUL,M,,,,,MEHUL COLOURS LIMITED,54.42,54.42,54.00,54.00,54.00,58.00,,54.00,,,6400,347344.00,4,F1,1600,,,,,
2026-09-04,2026-09-04,CM,BSE,STK,544473,INF666M01LM6,GROWWPOWER,B,,,,,Groww Mutual Fund,11.59,11.59,11.24,11.32,11.38,11.31,,11.33,,,100213,1133680.00,210,F1,1,,,,,
2026-09-04,2026-09-04,CM,BSE,STK,544474,INE0W4K01013,BLT,MT,,,,,BLT Logistics Limited,25.70,25.70,25.70,25.70,25.70,27.00,,25.70,,,1600,41120.00,1,F1,1600,,,,,
2026-09-04,2026-09-04,CM,BSE,STK,544475,INE1IBY01019,ESSEX,M,,,,,ESSEX MARINE LIMITED,54.65,54.65,50.50,51.98,51.98,51.78,,51.98,,,58000,2988980.00,23,F1,2000,,,,,
2026-09-04,2026-09-04,CM,BSE,STK,544476,INE0J5801029,JSLL,A,,,,,Jeena Sikho Lifecare Limited,503.00,529.80,501.85,516.70,518.95,501.85,,516.31,,,61041,31585893.00,1460,F1,1,,,,,
2026-09-04,2026-09-04,CM,BSE,STK,544477,INE00RL01028,HILINFRA,B,,,,,Highway Infrastructure Limited,46.70,46.70,43.92,44.29,44.25,44.54,,44.44,,,5424,241151.00,132,F1,1,,,,,
2026-09-04,2026-09-04,CM,BSE,STK,544479,INE0GV601021,ALLTIME,B,,,,,ALL TIME PLASTICS LIMITED,199.15,210.00,199.15,206.40,206.70,200.40,,206.08,,,6855,1418667.00,235,F1,1,,,,,
2026-09-04,2026-09-04,CM,BSE,STK,544480,INE718I01012,JSWCEMENT,A,,,,,JSW CEMENT LIMITED,123.65,125.10,123.10,124.10,124.10,123.35,,124.07,,,44657,5552572.00,680,F1,1,,,,,
2026-09-04,2026-09-04,CM,BSE,STK,544481,INE1JAR25012,KRT,IF,,,,,KNOWLEDGE REALTY TRUST,113.84,113.84,111.75,112.57,112.57,111.93,,112.49,,,343901,38645635.00,796,F1,1,,,,,
2026-09-04,2026-09-04,CM,BSE,STK,544482,INE0YG001013,STARIMAGIN,M,,,,,STAR IMAGING AND PATH LAB LIMI,90.80,90.80,86.70,87.12,87.12,87.78,,87.12,,,23000,2035160.00,22,F1,1000,,,,,
2026-09-04,2026-09-04,CM,BSE,STK,544483,INE111601014,ICODEX,M,,,,,ICODEX PUBLISHING SOLUTIONS LI,36.60,40.00,36.00,39.48,39.68,35.00,,39.48,,,20400,783804.00,17,F1,1200,,,,,
2026-09-04,2026-09-04,CM,BSE,STK,544484,INE304W01038,BLUESTONE,A,,,,,BlueStone Jewellery and Lifest,802.00,847.90,802.00,842.65,842.65,805.35,,842.74,,,96898,80440840.00,2885,F1,1,,,,,
2026-09-04,2026-09-04,CM,BSE,STK,544485,INE0MHO01029,REGAAL,B,,,,,REGAAL RESOURCES LIMITED,89.87,92.30,87.95,88.54,88.03,89.26,,88.51,,,25884,2317992.00,413,F1,1,,,,,
2026-09-04,2026-09-04,CM,BSE,STK,544486,INF0R8F01133,LTGILTCASE,F,,,,,Zerodha Mutual Fund,30.40,30.45,30.39,30.44,30.44,30.45,,30.42,,,527,16034.00,14,F1,1,,,,,
2026-09-04,2026-09-04,CM,BSE,STK,544487,INE0R8B01010,PATELRMART,B,,,,,PATEL RETAIL LIMITED,220.80,221.65,217.30,219.10,219.15,219.10,,218.37,,,2175,477767.00,93,F1,1,,,,,
2026-09-04,2026-09-04,CM,BSE,STK,544488,INE078V01014,VIKRAMSOLR,A,,,,,Vikram Solar Limited,171.15,175.50,167.10,168.45,169.10,171.35,,168.45,,,349880,59644801.00,2077,F1,1,,,,,
2026-09-04,2026-09-04,CM,BSE,STK,544489,INE191201016,LGT,M,,,,,LGT GLOBAL HOSPITALITY LIMITED,38.00,38.00,38.00,38.00,38.00,36.88,,38.00,,,1200,45600.00,1,F1,1200,,,,,
2026-09-04,2026-09-04,CM,BSE,STK,544490,INE1B6101010,SHREEJISPG,B,,,,,Shreeji Shipping Global Limite,664.15,683.00,657.60,679.50,683.00,664.75,,680.14,,,37358,24926297.00,961,F1,1,,,,,
2026-09-04,2026-09-04,CM,BSE,STK,544491,INE06XZ01023,GEMAROMA,B,,,,,Gem Aromatics Limited,162.00,166.55,160.50,160.85,160.95,161.00,,161.44,,,12713,2062645.00,367,F1,1,,,,,
2026-09-04,2026-09-04,CM,BSE,STK,544492,INE0PKD01011,MEIL,B,,,,,MANGAL ELECTRICAL INDUSTRIES L,284.10,295.00,281.05,287.25,287.50,283.70,,285.11,,,7205,2065521.00,288,F1,1,,,,,
2026-09-04,2026-09-04,CM,BSE,STK,544493,INF204KC1GH6,MANUFGBEES,B,,,,,Nippon India Mutual Fund,163.63,165.30,163.11,165.29,165.29,164.59,,163.73,,,180,29505.00,17,F1,1,,,,,
2026-09-04,2026-09-04,CM,BSE,STK,544494,INE12P601017,GLOBTIER,MT,,,,,Globtier Infotech limited,16.00,16.00,16.00,16.00,16.00,16.24,,16.00,,,8000,128000.00,3,F1,1600,,,,,
2026-09-04,2026-09-04,CM,BSE,STK,544495,INE0M3X01010,NISMGMT,M,,,,,NIS MANAGEMENT LIMITED,46.00,46.05,46.00,46.05,46.05,45.50,,46.05,,,4800,220980.00,4,F1,1200,,,,,
2026-09-04,2026-09-04,CM,BSE,STK,544496,INE01R501028,VIKRAN,B,,,,,Vikran Engineering Limited,57.99,61.40,57.85,60.59,61.00,57.69,,60.76,,,256233,15272867.00,1331,F1,1,,,,,
2026-09-04,2026-09-04,CM,BSE,STK,544497,INE0Y8W01025,AHCL,B,,,,,ANLON HEALTHCARE LIMITED,15.76,15.88,15.50,15.68,15.75,15.60,,15.68,,,194539,3053398.00,389,F1,1,,,,,
2026-09-04,2026-09-04,CM,BSE,STK,544498,INE0RTI01017,OVAL,M,,,,,OVAL PROJECTS ENGINEERING LIMI,50.00,50.00,48.11,49.99,50.00,49.19,,49.99,,,46400,2277104.00,29,F1,1600,,,,,
2026-09-04,2026-09-04,CM,BSE,STK,544499,INE0P6P01016,CPEDU,B,,,,,Career Point Edutech Limited,190.50,194.90,187.05,192.50,192.50,191.90,,191.97,,,208,39747.00,18,F1,1,,,,,
2026-09-04,2026-09-04,CM,BSE,STK,544500,INE15MX01014,ABRIL,M,,,,,ABRIL PAPER TECH LIMITED,33.99,33.99,33.55,33.55,33.55,34.20,,33.55,,,32000,1081040.00,6,F1,2000,,,,,
2026-09-04,2026-09-04,CM,BSE,STK,544501,INE0XX801016,SUGSLLOYD,M,,,,,SUGS LLOYD LIMITED,223.00,227.50,210.35,225.55,226.00,220.10,,225.55,,,39000,8650800.00,39,F1,1000,,,,,
2026-09-04,2026-09-04,CM,BSE,STK,544502,INE084K01015,AMANTA,T,,,,,Amanta Healthcare Limited,194.80,194.80,194.80,194.80,194.80,191.00,,194.80,,,1180,229864.00,28,F1,1,,,,,
2026-09-04,2026-09-04,CM,BSE,STK,544503,INE0ZN101029,RACHIT,M,,,,,Rachit Prints Limited,194.00,194.00,194.00,194.00,194.00,188.00,,194.00,,,1000,194000.00,1,F1,1000,,,,,
2026-09-04,2026-09-04,CM,BSE,STK,544504,INE0ZOM01013,GOELCONS,MT,,,,,GOEL CONSTRUCTION COMPANY LIMI,406.00,406.00,399.00,400.00,400.00,400.00,,400.00,,,20000,8027180.00,36,F1,400,,,,,
2026-09-04,2026-09-04,CM,BSE,STK,544506,INE0UJF01018,SHARVAYA,MT,,,,,SHARVAYA METALS LIMITED,146.50,146.50,146.50,146.50,146.50,143.85,,146.50,,,600,87900.00,1,F1,600,,,,,
2026-09-04,2026-09-04,CM,BSE,STK,544507,INF0R8F01141,SML100CASE,B,,,,,Zerodha Mutual Fund,11.49,11.50,11.40,11.45,11.42,11.41,,11.43,,,136633,1563066.00,439,F1,1,,,,,
2026-09-04,2026-09-04,CM,BSE,STK,544508,INE0WRP01016,VASHISHTHA,M,,,,,VASHISHTHA LUXURY FASHION LIMI,64.99,64.99,64.99,64.99,64.99,63.99,,64.99,,,1200,77988.00,1,F1,1200,,,,,
2026-09-04,2026-09-04,CM,BSE,STK,544509,INE0XZB01017,KRUPALU,M,,,,,Krupalu Metals Limited,30.00,30.50,30.00,30.50,30.50,30.50,,30.50,,,3200,96800.00,2,F1,1600,,,,,
2026-09-04,2026-09-04,CM,BSE,STK,544510,INE346R01013,NCML,M,,,,,NILACHAL CARBO METALICKS LIMIT,128.70,138.20,127.70,138.20,138.20,115.17,,138.20,,,152000,20332032.00,85,F1,1600,,,,,
2026-09-04,2026-09-04,CM,BSE,STK,544511,INE0V8A01016,KARBON,M,,,,,Karbonsteel Engineering Limite,113.95,116.95,107.00,107.00,107.00,107.00,,107.00,,,15200,1682600.00,18,F1,800,,,,,
2026-09-04,2026-09-04,CM,BSE,STK,544512,INE1B3L01017,SHRINGARMS,B,,,,,SHRINGAR HOUSE OF MANGALSUTRA,219.00,222.95,217.00,218.00,217.50,217.30,,217.91,,,6990,1535406.00,161,F1,1,,,,,
2026-09-04,2026-09-04,CM,BSE,STK,544513,INE0VOV01021,DEVX,B,,,,,Dev Accelerator Limited,32.67,33.38,32.60,33.20,33.20,32.37,,33.29,,,8805,292303.00,114,F1,1,,,,,
2026-09-04,2026-09-04,CM,BSE,STK,544514,INE1DRH01011,CITYSQUARE,MT,,,,,JAY AMBE SUPERMARKETS LIMITED,128.30,137.85,124.75,137.85,137.85,131.30,,137.85,,,4000,517560.00,5,F1,800,,,,,
2026-09-04,2026-09-04,CM,BSE,STK,544515,INE0CAZ01013,URBANCO,A,,,,,Urban Company Limited,176.35,183.65,176.35,181.35,181.35,177.65,,181.11,,,689754,123644990.00,6126,F1,1,,,,,
2026-09-04,2026-09-04,CM,BSE,STK,544516,INE0XBS01012,AIRFLOA,M,,,,,AIRFLOA RAIL TECHNOLOGY LIMITE,480.05,501.60,480.05,487.20,482.10,479.35,,487.20,,,181000,88829300.00,245,F1,500,,,,,
2026-09-04,2026-09-04,CM,BSE,STK,544517,INE24OJ01011,BUILDPRO,B,,,,,Shankara Buildpro Limited,1297.95,1303.40,1287.05,1297.10,1297.00,1284.05,,1298.13,,,257756,334293248.00,899,F1,1,,,,,
2026-09-04,2026-09-04,CM,BSE,STK,544518,INE0TJ801010,LTELEVATOR,MT,,,,,L. T. ELEVATOR LIMITED,307.00,319.80,307.00,313.00,313.00,309.45,,313.00,,,27200,8437280.00,31,F1,800,,,,,
2026-09-04,2026-09-04,CM,BSE,STK,544519,INE198501012,EUROPRATIK,B,,,,,EURO PRATIK SALES LIMITED,269.50,269.50,258.00,263.00,263.75,267.05,,263.72,,,6443,1694940.00,225,F1,1,,,,,
2026-09-04,2026-09-04,CM,BSE,STK,544520,INE10XS01012,SAMPAT,MT,,,,,SAMPAT ALUMINIUM LIMITED,38.60,38.75,38.60,38.75,38.75,38.25,,38.75,,,8400,324960.00,7,F1,1200,,,,,
2026-09-04,2026-09-04,CM,BSE,STK,544521,INE0SJA01013,VMSTMT,B,,,,,VMS TMT LIMITED,45.42,45.97,44.98,45.28,45.30,45.49,,45.43,,,2019,91487.00,40,F1,1,,,,,
2026-09-04,2026-09-04,CM,BSE,STK,544522,INE08PH01015,ABCOTS,B,,,,,A B Cotspin India Limited,211.95,216.80,205.00,210.00,210.00,211.05,,208.15,,,990,208293.00,52,F1,1,,,,,
2026-09-04,2026-09-04,CM,BSE,STK,544523,INE056801025,IVALUE,B,,,,,IVALUE INFOSOLUTIONS LIMITED,238.75,238.75,229.10,230.75,230.10,236.30,,230.30,,,8054,1870807.00,565,F1,1,,,,,
2026-09-04,2026-09-04,CM,BSE,STK,544524,INE14VP01014,JDCABLES,M,,,,,JD CABLES LIMITED,206.60,217.40,206.60,215.60,216.00,213.35,,215.60,,,59200,12660480.00,71,F1,800,,,,,
2026-09-04,2026-09-04,CM,BSE,STK,544525,INE1AG301022,GKENERGY,B,,,,,GK ENERGY LIMITED,132.45,132.45,127.85,128.80,128.75,129.90,,128.95,,,26095,3364731.00,489,F1,1,,,,,
2026-09-04,2026-09-04,CM,BSE,STK,544526,INE13B501022,SAATVIKGL,B,,,,,Saatvik Green Energy Limited,426.60,426.60,417.00,422.55,423.40,421.25,,424.34,,,3727,1569480.00,202,F1,1,,,,,
2026-09-04,2026-09-04,CM,BSE,STK,544527,INE0Z4F01028,ATLANTAELE,B,,,,,Atlanta Electricals Limited,1923.25,1923.25,1850.95,1877.10,1883.00,1886.25,,1881.53,,,7809,14668221.00,852,F1,1,,,,,
2026-09-04,2026-09-04,CM,BSE,STK,544528,INE652V01016,GANESHCP,B,,,,,Ganesh Consumer Products Limit,169.50,176.00,168.55,175.55,176.00,168.00,,174.46,,,4778,821203.00,214,F1,1,,,,,
2026-09-04,2026-09-04,CM,BSE,STK,544529,INE15XJ01010,APPL,MT,,,,,Aptus Pharma Limited,320.45,320.45,320.45,320.45,320.45,314.20,,320.45,,,4400,1409980.00,7,F1,400,,,,,
2026-09-04,2026-09-04,CM,BSE,STK,544530,INE549H01021,ARSSBL,B,,,,,ANAND RATHI SHARE AND STOCK BR,515.15,529.45,513.60,514.10,514.10,515.15,,514.94,,,10017,5195563.00,501,F1,1,,,,,
2026-09-04,2026-09-04,CM,BSE,STK,544531,INE1LDV01015,TRUECOLORS,M,,,,,TRUE COLORS LIMITED,153.90,154.00,148.00,151.55,149.05,150.70,,151.55,,,33000,4941210.00,40,F1,600,,,,,
2026-09-04,2026-09-04,CM,BSE,STK,544532,INE0TY101024,SOLARWORLD,B,,,,,Solarworld Energy Solutions Li,149.75,153.00,148.20,149.50,149.50,150.00,,149.33,,,28770,4330994.00,409,F1,1,,,,,
2026-09-04,2026-09-04,CM,BSE,STK,544533,INE04VU01023,STYL,B,,,,,Seshaasai Technologies Limited,389.45,398.40,379.85,382.80,388.05,387.15,,383.45,,,5172,1989675.00,251,F1,1,,,,,
2026-09-04,2026-09-04,CM,BSE,STK,544534,INE00YJ01010,JARO,B,,,,,Jaro Institute of Technology M,456.60,457.00,442.30,446.90,446.90,453.95,,445.84,,,12545,5666318.00,438,F1,1,,,,,
2026-09-04,2026-09-04,CM,BSE,STK,544535,INE0QMV01017,BHARATROHAN,M,,,,,BHARATROHAN AIRBORNE INNOVATIO,131.00,134.00,131.00,134.00,134.00,134.00,,134.00,,,2400,316800.00,2,F1,800,,,,,
2026-09-04,2026-09-04,CM,BSE,STK,544536,INE658T01017,WEALTH,B,,,,,Wealth First Portfolio Manager,831.00,849.00,820.00,849.00,849.00,849.65,,841.70,,,192,158113.00,16,F1,1,,,,,
2026-09-04,2026-09-04,CM,BSE,STK,544537,INE0YD401026,JAINREC,B,,,,,Jain Resource Recycling Limite,280.25,282.95,276.40,277.70,277.45,280.20,,277.94,,,92526,25727072.00,1748,F1,1,,,,,
2026-09-04,2026-09-04,CM,BSE,STK,544538,INE0TI501017,PRARUH,MT,,,,,PRARUH TECHNOLOGIES LIMITED,127.10,127.10,127.10,127.10,127.10,121.05,,127.10,,,70000,8897000.00,21,F1,2000,,,,,
2026-09-04,2026-09-04,CM,BSE,STK,544540,INE0MLS01022,EPACKPEB,B,,,,,Epack Prefab Technologies Limi,229.75,233.40,227.80,231.15,232.00,226.35,,231.11,,,40453,9347326.00,450,F1,1,,,,,
2026-09-04,2026-09-04,CM,BSE,STK,544541,INE1KLZ01011,SYSTEMATIC,M,,,,,SYSTEMATIC INDUSTRIES LIMITED,257.00,267.00,255.05,255.75,255.05,258.85,,255.75,,,37200,9688590.00,47,F1,600,,,,,
2026-09-04,2026-09-04,CM,BSE,STK,544542,INE0W5Q01017,JUSTO,M,,,,,Justo Realfintech Limited,108.00,108.00,104.90,104.95,104.90,108.00,,104.95,,,8000,845900.00,7,F1,1000,,,,,
2026-09-04,2026-09-04,CM,BSE,STK,544543,INE965W01036,BMWVENTLTD,B,,,,,BMW VENTURES LIMITED,54.52,55.87,54.52,55.28,55.87,55.18,,55.33,,,13278,733365.00,145,F1,1,,,,,
2026-09-04,2026-09-04,CM,BSE,STK,544544,INE0SRP01014,TELGE,MT,,,,,TELGE PROJECTS LIMITED,203.90,204.50,201.95,204.50,204.50,200.00,,204.50,,,12000,2442600.00,9,F1,1200,,,,,
2026-09-04,2026-09-04,CM,BSE,STK,544545,INE0MWH01014,TRUALT,B,,,,,TRUALT BIOENERGY LIMITED,428.40,430.00,420.50,424.70,426.95,426.55,,425.23,,,8925,3806252.00,419,F1,1,,,,,
2026-09-04,2026-09-04,CM,BSE,STK,544546,INE1B4801017,CHTR,M,,,,,Chatterbox Technologies Limite,41.00,41.00,39.00,39.03,39.03,41.49,,39.03,,,15600,620796.00,12,F1,1200,,,,,
2026-09-04,2026-09-04,CM,BSE,STK,544547,INE1FF001016,JKIPL,B,,,,,Jinkushal Industries Limited,104.95,104.95,100.95,101.35,101.00,106.25,,100.70,,,3154,324350.00,111,F1,1,,,,,
2026-09-04,2026-09-04,CM,BSE,STK,544548,INE0SIK01014,GPAPL,M,,,,,GUJARAT PEANUT AND AGRI PRODUC,75.08,75.08,75.00,75.00,75.00,77.54,,75.00,,,3200,240128.00,2,F1,1600,,,,,
2026-09-04,2026-09-04,CM,BSE,STK,544550,INE0S3G01027,PACEDIGITK,B,,,,,Pace Digitek Limited,168.75,168.75,166.30,167.70,167.70,166.00,,167.60,,,29615,4960384.00,399,F1,1,,,,,
2026-09-04,2026-09-04,CM,BSE,STK,544553,INE1PJP01015,MPKSTEELS,M,,,,,M P K STEELS (I) LIMITED,95.00,96.00,95.00,95.00,95.00,98.00,,95.00,,,3200,304800.00,4,F1,800,,,,,
2026-09-04,2026-09-04,CM,BSE,STK,544554,INE163701019,KVSCASTING,MT,,,,,KVS Castings Limited,83.70,90.47,83.10,90.46,90.47,86.17,,90.46,,,66000,5756440.00,33,F1,2000,,,,,
2026-09-04,2026-09-04,CM,BSE,STK,544555,INE14QA01016,AMEENJI,MT,,,,,AMEENJI RUBBER LIMITED,208.00,208.00,208.00,208.00,208.00,206.10,,208.00,,,1200,249600.00,1,F1,1200,,,,,
2026-09-04,2026-09-04,CM,BSE,STK,544557,INE0TQE01026,GLOTTIS,B,,,,,Glottis Limited,62.99,62.99,61.75,61.86,61.86,62.01,,62.10,,,7603,470631.00,70,F1,1,,,,,
2026-09-04,2026-09-04,CM,BSE,STK,544558,INE0HF201011,FABTECH,B,,,,,Fabtech Technologies Limited,149.90,151.85,147.10,150.30,151.40,147.10,,150.21,,,10242,1524984.00,190,F1,1,,,,,
2026-09-04,2026-09-04,CM,BSE,STK,544559,INE0R8Q01018,OML,MT,,,,,OM METALLOGIC LIMITED,31.28,31.28,29.72,29.72,29.72,31.28,,29.72,,,9600,287808.00,6,F1,1600,,,,,
2026-09-04,2026-09-04,CM,BSE,STK,544561,INE12P101018,CHIRAHARIT,M,,,,,Chiraharit Limited,10.39,10.50,10.00,10.50,10.50,10.31,,10.50,,,54000,559140.00,8,F1,6000,,,,,
2026-09-04,2026-09-04,CM,BSE,STK,544562,INE1B0W01010,ADVANCE,B,,,,,Advance Agrolife Limited,120.55,120.55,117.00,117.60,118.00,118.25,,117.43,,,12484,1474974.00,155,F1,1,,,,,
2026-09-04,2026-09-04,CM,BSE,STK,544563,INE1B3501014,ZELIO,MT,,,,,Zelio E Mobility Limited,867.00,879.00,858.50,878.90,878.90,869.20,,878.90,,,14500,12624000.00,24,F1,500,,,,,
2026-09-04,2026-09-04,CM,BSE,STK,544564,INE1BZC01019,OMFREIGHT,T,,,,,Om Freight Forwarders Limited,89.00,89.00,86.15,88.92,88.99,90.00,,89.83,,,969,84260.00,35,F1,1,,,,,
2026-09-04,2026-09-04,CM,BSE,STK,544565,INE0QP701017,VALPLAST,M,,,,,Valplast Technologies Limited,35.25,37.00,35.11,36.50,36.50,35.11,,36.50,,,24000,868180.00,10,F1,2000,,,,,
2026-09-04,2026-09-04,CM,BSE,STK,544566,INE10CM01027,SUNSKY,M,,,,,Sunsky Logistics Limited,33.72,33.72,33.72,33.72,33.72,30.66,,33.72,,,3000,101160.00,2,F1,1500,,,,,
2026-09-04,2026-09-04,CM,BSE,STK,544567,INE16XA01017,INFINITY,M,,,,,Infinity Infoway Limited,530.00,530.00,530.00,530.00,530.00,529.20,,530.00,,,400,212000.00,1,F1,400,,,,,
2026-09-04,2026-09-04,CM,BSE,STK,544568,INE0SUM01015,ZAPPFRESH,M,,,,,DSM Fresh Foods Limited,69.95,69.95,61.50,62.00,62.00,66.59,,62.00,,,159600,10138344.00,129,F1,1200,,,,,
2026-09-04,2026-09-04,CM,BSE,STK,544569,INE1TAE01010,TMCV,B,,,,,Tata Motors Limited,460.50,469.05,456.00,458.10,458.10,460.80,,458.20,,,463216,214478681.00,13888,F1,1,,,,,
2026-09-04,2026-09-04,CM,BSE,STK,544570,INE085001019,WEWORK,B,,,,,WeWork India Management Limite,663.15,681.15,660.75,667.55,670.50,654.00,,666.98,,,16387,11043776.00,935,F1,1,,,,,
2026-09-04,2026-09-04,CM,BSE,STK,544572,INE2J8701016,SKFINDUS,B,,,,,SKF INDIA (INDUSTRIAL) LIMITED,3073.95,3078.50,2984.90,2999.85,3046.95,3058.75,,3002.39,,,1172,3565844.00,220,F1,1,,,,,
2026-09-04,2026-09-04,CM,BSE,STK,544574,INE976I01016,TATACAP,A,,,,,Tata Capital Limited,371.75,376.40,370.75,375.00,375.25,371.70,,375.05,,,700988,261560958.00,1457,F1,1,,,,,
2026-09-04,2026-09-04,CM,BSE,STK,544575,INE833Q01012,MITTALSTL,M,,,,,Mittal Sections Limited,26.00,27.00,26.00,27.00,27.00,27.69,,27.00,,,2000,53000.00,2,F1,1000,,,,,
2026-09-04,2026-09-04,CM,BSE,STK,544576,INE324D01010,LGEINDIA,B,,,,,LG Electronics India Limited,1686.65,1686.65,1634.20,1640.50,1643.10,1659.70,,1640.70,,,48964,80575388.00,1609,F1,1,,,,,
2026-09-04,2026-09-04,CM,BSE,STK,544577,INE196Y01018,WORTHPERI,B,,,,,Worth Peripherals Limited,151.35,151.35,150.35,150.35,150.35,154.75,,154.99,,,150,22611.00,3,F1,1,,,,,
2026-09-04,2026-09-04,CM,BSE,STK,544578,INE506V01022,RUBICON,B,,,,,RUBICON RESEARCH LIMITED,1780.00,1790.00,1755.00,1773.25,1765.55,1774.15,,1768.52,,,10647,18884080.00,732,F1,1,,,,,
2026-09-04,2026-09-04,CM,BSE,STK,544579,INE1UA823019,ANANTAM,IF,,,,,Anantam Highways Trust,106.40,106.40,105.97,106.00,106.00,106.00,,106.00,,,1154,122324.00,40,F1,1,,,,,
2026-09-04,2026-09-04,CM,BSE,STK,544580,INE218I01013,CRAMC,B,,,,,Canara Robeco Asset Management,251.05,254.05,250.95,251.35,251.60,251.00,,251.50,,,4793,1209461.00,217,F1,1,,,,,
2026-09-04,2026-09-04,CM,BSE,STK,544581,INF740KA1WU9,FLEXIADD,B,,,,,DSP Nifty500 Flexicap Quality,10.03,10.18,10.02,10.06,10.02,10.06,,10.06,,,11613,116772.00,42,F1,1,,,,,
2026-09-04,2026-09-04,CM,BSE,STK,544582,INE1EUB01016,SHLOKKA,M,,,,,SHLOKKA DYES LIMITED,25.30,26.00,25.00,26.00,26.00,25.30,,26.00,,,14400,368460.00,10,F1,1200,,,,,
2026-09-04,2026-09-04,CM,BSE,STK,544583,INE01TY01017,CANHLIFE,B,,,,,Canara HSBC Life Insurance Com,156.25,160.50,154.80,156.95,156.95,154.25,,157.21,,,1734334,271803778.00,1112,F1,1,,,,,
2026-09-04,2026-09-04,CM,BSE,STK,544584,INE13YH01017,SKM,MT,,,,,SK Minerals & Additives Limite,465.00,465.00,460.00,461.50,462.00,465.00,,461.50,,,13000,6007400.00,13,F1,1000,,,,,
2026-09-04,2026-09-04,CM,BSE,STK,544586,INF0R8F01166,NIFTYCASE,B,,,,,Zerodha Mutual Fund,9.84,9.84,9.58,9.62,9.65,9.60,,9.64,,,75941,731403.00,275,F1,1,,,,,
2026-09-04,2026-09-04,CM,BSE,STK,544587,INE0XAD01024,MIDWESTLTD,B,,,,,Midwest Limited,1059.00,1067.40,1054.25,1064.00,1064.00,1057.25,,1062.14,,,385,408810.00,64,F1,1,,,,,
2026-09-04,2026-09-04,CM,BSE,STK,544594,INE1GUJ01014,TRADEUNO,M,,,,,GAME CHANGERS TEXFAB LIMITED,111.00,111.00,110.10,110.10,110.10,109.00,,110.10,,,6000,664020.00,5,F1,1200,,,,,
2026-09-04,2026-09-04,CM,BSE,STK,544595,INE16NZ01023,ORKLAINDIA,B,,,,,Orkla India Limited,586.90,598.50,585.70,593.85,594.50,588.15,,594.15,,,3570,2117763.00,198,F1,1,,,,,
2026-09-04,2026-09-04,CM,BSE,STK,544596,INE0SVZ01015,SAFECURE,M,,,,,Safecure Services Limited,21.15,22.70,21.15,22.70,22.70,20.81,,22.70,,,4800,103512.00,4,F1,1200,,,,,
2026-09-04,2026-09-04,CM,BSE,STK,544597,INE202B01038,PIRAMALFIN,B,,,,,Piramal Finance Limited,2225.30,2258.75,2219.50,2225.15,2230.00,2233.65,,2225.00,,,7795,17446535.00,978,F1,1,,,,,
2026-09-04,2026-09-04,CM,BSE,STK,544598,INE648Z01023,ACCURACY,T,,,,,Accuracy Shipping Limited,4.41,4.41,4.06,4.08,4.30,4.23,,4.16,,,13469,57018.00,50,F1,1,,,,,
2026-09-04,2026-09-04,CM,BSE,STK,544599,INE00Q601028,STUDDS,B,,,,,Studds Accessories Limited,428.25,428.80,422.50,424.00,423.00,427.80,,424.18,,,2558,1088915.00,147,F1,1,,,,,
2026-09-04,2026-09-04,CM,BSE,STK,544600,INE956O01016,LENSKART,B,,,,,Lenskart Solutions Limited,672.45,694.75,672.45,684.05,684.05,671.65,,684.54,,,2110609,1447783988.00,4920,F1,1,,,,,
2026-09-04,2026-09-04,CM,BSE,STK,544601,INF2KCX01012,CHOICEGOLD,E,,,,,Choice Mutual Fund,152.00,153.15,152.00,153.15,153.15,151.73,,152.66,,,32,4896.00,4,F1,1,,,,,
2026-09-04,2026-09-04,CM,BSE,STK,544602,INE1YPB01014,AGL,B,,,,,Allcargo Global Limited,13.59,13.98,13.59,13.69,13.70,13.68,,13.65,,,280505,3848532.00,485,F1,1,,,,,
2026-09-04,2026-09-04,CM,BSE,STK,544603,INE0HOQ01053,GROWW,B,,,,,Billionbrains Garage Ventures,192.80,195.65,191.85,194.10,194.10,190.20,,194.00,,,3595678,698790315.00,11279,F1,1,,,,,
2026-09-04,2026-09-04,CM,BSE,STK,544604,INF769K01PR2,ENERGY,B,,,,,Mirae Asset Mutual Fund,38.91,38.91,38.28,38.31,38.28,38.37,,38.40,,,99345,3816476.00,175,F1,1,,,,,
2026-09-04,2026-09-04,CM,BSE,STK,544605,INF769K01PQ4,SMALL250,B,,,,,Mirae Asset Mutual Fund,18.59,18.61,18.53,18.56,18.56,18.50,,18.54,,,6244,116015.00,47,F1,1,,,,,
2026-09-04,2026-09-04,CM,BSE,STK,544606,INE15B701018,PINELABS,B,,,,,Pine Labs Limited,157.95,168.15,155.30,166.15,166.15,156.50,,166.36,,,3471052,564196788.00,13565,F1,1,,,,,
2026-09-04,2026-09-04,CM,BSE,STK,544607,INE0D8001018,SHTL,M,,,,,SHINING TOOLS LIMITED,113.00,113.00,108.00,111.32,113.00,114.00,,111.32,,,6000,669540.00,5,F1,1200,,,,,
2026-09-04,2026-09-04,CM,BSE,STK,544608,INE1C6T01020,EMMVEE,B,,,,,Emmvee Photovoltaic Power Limi,327.90,330.55,322.30,325.10,325.50,326.15,,325.20,,,64165,20874964.00,1361,F1,1,,,,,
2026-09-04,2026-09-04,CM,BSE,STK,544609,INE0LP301011,PWL,B,,,,,Physicswallah Limited,124.40,130.85,123.55,126.55,126.55,120.55,,126.42,,,2665629,337698667.00,12438,F1,1,,,,,
2026-09-04,2026-09-04,CM,BSE,STK,544610,INE1I1301016,WORKMATES,M,,,,,WORKMATES CORE2CLOUD SOLUTION,330.00,348.00,330.00,344.00,345.00,333.30,,344.00,,,30000,10297290.00,47,F1,600,,,,,
2026-09-04,2026-09-04,CM,BSE,STK,544611,INE0U9D01019,MAHALIFE,M,,,,,MAHAMAYA LIFESCIENCES LIMITED,183.95,184.00,176.75,178.35,179.00,176.00,,178.35,,,25200,4537740.00,19,F1,1200,,,,,
2026-09-04,2026-09-04,CM,BSE,STK,544612,INE19RI01016,TENNIND,B,,,,,Tenneco Clean Air India Limite,516.00,521.45,513.80,517.40,519.50,515.90,,517.54,,,109582,56817774.00,1948,F1,1,,,,,
2026-09-04,2026-09-04,CM,BSE,STK,544613,INE12UR01024,UTLSOLAR,B,,,,,Fujiyama Power Systems Limited,430.50,434.60,426.00,429.40,429.40,428.95,,429.74,,,16305,6996302.00,634,F1,1,,,,,
2026-09-04,2026-09-04,CM,BSE,STK,544614,INE0ILV01024,CAPILLARY,B,,,,,Capillary Technologies India L,483.75,490.90,482.25,487.30,488.80,481.35,,489.95,,,8460,4110211.00,378,F1,1,,,,,
2026-09-04,2026-09-04,CM,BSE,STK,544615,INE1SPP01016,KSR,B,,,,,KSR Footwear Limited,32.20,34.10,31.90,34.10,34.10,31.06,,34.61,,,4115,136371.00,68,F1,1,,,,,
2026-09-04,2026-09-04,CM,BSE,STK,544616,INE0BUQ01012,GALLARD,M,,,,,Gallard Steel Limited,173.25,173.25,166.75,169.75,172.70,177.00,,169.75,,,8000,1373800.00,8,F1,1000,,,,,
2026-09-04,2026-09-04,CM,BSE,STK,544617,INE606N01019,EXCELSOFT,B,,,,,Excelsoft Technologies Limited,70.99,71.65,69.64,70.02,70.00,70.60,,70.21,,,25336,1793788.00,346,F1,1,,,,,
2026-09-04,2026-09-04,CM,BSE,STK,544619,INE0QPI01025,SUDEEPPHRM,B,,,,,Sudeep Pharma Limited,1305.50,1352.00,1303.40,1328.85,1340.30,1295.35,,1329.29,,,19557,25997248.00,1527,F1,1,,,,,
2026-09-04,2026-09-04,CM,BSE,STK,544621,INE1U2R01013,SSMD,M,,,,,SSMD AGROTECH INDIA LIMITED,60.80,60.80,60.80,60.80,60.80,62.10,,60.80,,,1000,60800.00,1,F1,1000,,,,,
2026-09-04,2026-09-04,CM,BSE,STK,544622,INE2KCE01013,KWIL,B,,,,,Kwality Walls (India) Limited,42.19,42.70,41.83,42.15,42.15,42.37,,42.12,,,835315,35228162.00,2380,F1,1,,,,,
2026-09-04,2026-09-04,CM,BSE,STK,544623,INE0UH001016,MNFL,M,,,,,Mother Nutri Foods Limited,160.00,160.00,160.00,160.00,160.00,160.00,,160.00,,,2400,384000.00,2,F1,1200,,,,,
2026-09-04,2026-09-04,CM,BSE,STK,544624,INE0EOJ01014,KKSILK,MT,,,,,K K SILK MILLS LIMITED,10.29,10.29,9.82,9.82,9.82,9.80,,9.82,,,9000,89880.00,3,F1,3000,,,,,
2026-09-04,2026-09-04,CM,BSE,STK,544625,INE1BA901016,LOGICIEL,M,,,,,Logiciel Solutions Limited,31.15,31.15,31.10,31.10,31.10,31.08,,31.10,,,1200,37350.00,2,F1,600,,,,,
2026-09-04,2026-09-04,CM,BSE,STK,544626,INE1E4401010,EXATO,MT,,,,,EXATO TECHNOLOGIES LIMITED,727.00,757.95,726.90,747.30,750.00,729.00,,747.30,,,24500,18295900.00,44,F1,500,,,,,
2026-09-04,2026-09-04,CM,BSE,STK,544627,INE0VDK01019,PURPLEWAVE,MT,,,,,PURPLE WAVE INFOCOM LIMITED,430.35,430.35,430.35,430.35,430.35,430.35,,430.35,,,3000,1291050.00,3,F1,1000,,,,,
2026-09-04,2026-09-04,CM,BSE,STK,544628,INE0RUY01012,ASTRONMULT,M,,,,,Astron Multigrain Limited,17.25,18.74,16.76,17.43,18.38,18.60,,17.43,,,170000,2929400.00,58,F1,2000,,,,,
2026-09-04,2026-09-04,CM,BSE,STK,544629,INE0W4D01018,RAVEL,M,,,,,Ravelcare Limited,111.10,116.70,111.10,112.95,116.70,108.00,,112.95,,,5000,564650.00,5,F1,1000,,,,,
2026-09-04,2026-09-04,CM,BSE,STK,544630,INE1FJE01010,HELLOJI,M,,,,,HELLOJI HOLIDAYS LIMITED,115.00,127.95,115.00,127.95,127.95,125.05,,127.95,,,3600,441660.00,3,F1,1200,,,,,
2026-09-04,2026-09-04,CM,BSE,STK,544631,INE985W01018,CNL,B,,,,,CREATIVE NEWTECH LIMITED,1244.00,1244.00,1207.25,1214.20,1222.60,1244.60,,1215.46,,,483,594327.00,68,F1,1,,,,,
2026-09-04,2026-09-04,CM,BSE,STK,544632,INE0VDM01015,MEESHO,B,,,,,Meesho Limited,210.00,216.65,208.00,208.85,208.85,209.60,,208.98,,,1341379,285008441.00,7416,F1,1,,,,,
2026-09-04,2026-09-04,CM,BSE,STK,544633,INE14UN01029,VIDYAWIRES,B,,,,,VIDYA WIRES LIMITED,89.11,90.56,88.51,89.87,90.01,89.50,,90.12,,,72517,6492424.00,895,F1,1,,,,,
2026-09-04,2026-09-04,CM,BSE,STK,544634,INE947N01017,AEQUS,B,,,,,Aequs Limited,247.40,249.00,241.25,242.30,242.30,247.35,,242.19,,,275636,67111374.00,4135,F1,1,,,,,
2026-09-04,2026-09-04,CM,BSE,STK,544635,INE1CJB01013,LUXURY,M,,,,,Luxury Time Limited,62.60,63.00,62.50,63.00,63.00,61.90,,63.00,,,6400,401120.00,4,F1,1600,,,,,
2026-09-04,2026-09-04,CM,BSE,STK,544636,INE1MF401019,WOSAL,M,,,,,Western Overseas Study Abroad,23.01,23.01,23.01,23.01,23.01,19.18,,23.01,,,28000,644280.00,13,F1,2000,,,,,
2026-09-04,2026-09-04,CM,BSE,STK,544637,INE0QZR01017,METHODHUB,M,,,,,Methodhub Software Limited,70.85,70.85,60.94,62.43,61.30,67.71,,62.43,,,238800,14827758.00,222,F1,600,,,,,
2026-09-04,2026-09-04,CM,BSE,STK,544638,INF194KB1KJ7,GOLDBND,E,,,,,Bandhan Mutual Fund,152.05,155.67,152.05,154.37,154.52,153.63,,153.95,,,444,68445.00,186,F1,1,,,,,
2026-09-04,2026-09-04,CM,BSE,STK,544639,INF194KB1KI9,SILVERBND,E,,,,,Bandhan Mutual Fund,234.70,234.70,232.19,234.43,234.43,230.50,,233.61,,,382,89000.00,12,F1,1,,,,,
2026-09-04,2026-09-04,CM,BSE,STK,544640,INE1DKT01011,RDEL,M,,,,,Riddhi Display Equipments Limi,29.50,29.50,29.50,29.50,29.50,29.90,,29.50,,,1200,35400.00,1,F1,1200,,,,,
2026-09-04,2026-09-04,CM,BSE,STK,544641,INE1IE301018,KVTOYS,M,,,,,K. V. TOYS INDIA LIMITED,270.05,275.00,270.00,272.70,272.70,267.50,,272.70,,,4800,1308870.00,7,F1,600,,,,,
2026-09-04,2026-09-04,CM,BSE,STK,544642,INE0E7301029,WAKEFIT,B,,,,,Wakefit Innovations Limited,155.10,156.00,150.00,152.15,152.70,149.45,,151.61,,,86778,13269936.00,957,F1,1,,,,,
2026-09-04,2026-09-04,CM,BSE,STK,544643,INE10XK01019,PRODOCS,M,,,,,PRODOCS SOLUTIONS LIMITED,159.95,160.00,159.95,160.00,160.00,157.00,,160.00,,,3000,479950.00,3,F1,1000,,,,,
2026-09-04,2026-09-04,CM,BSE,STK,544644,INE02ZQ01018,CORONA,B,,,,,Corona Remedies Limited,2087.85,2150.40,2087.85,2099.90,2094.00,2124.35,,2100.09,,,1008,2123277.00,187,F1,1,,,,,
2026-09-04,2026-09-04,CM,BSE,STK,544645,INE119201023,PARKHOSPS,B,,,,,PARK MEDI WORLD LIMITED,287.50,289.00,283.15,285.70,285.85,286.80,,286.22,,,40962,11709666.00,562,F1,1,,,,,
2026-09-04,2026-09-04,CM,BSE,STK,544646,INE0O9L01010,SHIPWAVES,M,,,,,Shipwaves Online Limited,3.59,3.60,3.50,3.57,3.57,3.46,,3.57,,,160000,570400.00,14,F1,10000,,,,,
2026-09-04,2026-09-04,CM,BSE,STK,544647,INE428V01029,NEPHROPLUS,B,,,,,Nephrocare Health Services Lim,712.00,720.35,692.65,697.35,700.00,706.85,,697.07,,,27155,19222663.00,1724,F1,1,,,,,
2026-09-04,2026-09-04,CM,BSE,STK,544654,INF740KA1WX3,SMALLADD,B,,,,,DSP Nifty Smallcap 250 ETF,18.59,18.69,18.43,18.43,18.43,18.59,,18.53,,,5047,93892.00,18,F1,1,,,,,
2026-09-04,2026-09-04,CM,BSE,STK,544655,INF740KA1WW5,MIDCAPADD,B,,,,,DSP Nifty Midcap 150 ETF,23.25,23.40,23.24,23.34,23.34,23.31,,23.28,,,27902,649348.00,12,F1,1,,,,,
2026-09-04,2026-09-04,CM,BSE,STK,544656,INE1E1V01017,HRS,M,,,,,HRS ALUGLAZE LIMITED,253.95,253.95,253.95,253.95,253.95,253.00,,253.95,,,400,101580.00,1,F1,400,,,,,
2026-09-04,2026-09-04,CM,BSE,STK,544657,INE14LM01012,PAJSON,M,,,,,Pajson Agro India Limited,215.00,220.00,215.00,220.00,220.00,220.30,,220.00,,,10200,2212800.00,11,F1,600,,,,,
2026-09-04,2026-09-04,CM,BSE,STK,544658,INE346A01027,ICICIAMC,A,,,,,ICICI Prudential Asset Managem,2989.90,2996.80,2960.00,2971.45,2971.45,2975.05,,2970.93,,,358398,1066615490.00,881,F1,1,,,,,
2026-09-04,2026-09-04,CM,BSE,STK,544660,INF769K01PZ5,TOP20,B,,,,,Mirae Asset Mutual Fund,8.90,8.91,8.87,8.87,8.87,8.90,,8.88,,,7524,66921.00,24,F1,1,,,,,
2026-09-04,2026-09-04,CM,BSE,STK,544661,INF769K01PY8,DIVIDEND,B,,,,,Mirae Asset Mutual Fund,35.61,35.63,35.60,35.60,35.60,35.51,,35.62,,,133,4737.00,6,F1,1,,,,,
2026-09-04,2026-09-04,CM,BSE,STK,544662,INE0VI201010,SIMANDHAR,X,,,,,SIMANDHAR IMPEX LIMITED,161.00,161.00,154.00,154.00,154.00,153.95,,154.00,,,5,783.00,5,F1,1,,,,,
2026-09-04,2026-09-04,CM,BSE,STK,544663,INE1NQ501012,NEPLOG,MT,,,,,NEPTUNE LOGITEK LIMITED,35.28,35.28,35.28,35.28,35.28,36.00,,35.28,,,4000,141120.00,3,F1,1000,,,,,
2026-09-04,2026-09-04,CM,BSE,STK,544664,INE987S01020,KSHINTL,B,,,,,KSH INTERNATIONAL LIMITED,1033.15,1094.90,1033.15,1087.95,1083.90,1023.55,,1087.81,,,75820,81203139.00,4394,F1,1,,,,,
2026-09-04,2026-09-04,CM,BSE,STK,544666,INE0V0W01025,GKSL,B,,,,,GUJARAT KIDNEY AND SUPER SPECI,173.00,174.60,171.10,172.65,173.00,171.75,,172.80,,,26917,4651636.00,443,F1,1,,,,,
2026-09-04,2026-09-04,CM,BSE,STK,544667,INE1F9M01018,DACHEPALLI,M,,,,,Dachepalli Publishers Limited,81.90,86.00,81.90,85.05,85.05,78.00,,85.05,,,30000,2540832.00,20,F1,1200,,,,,
2026-09-04,2026-09-04,CM,BSE,STK,544668,INE0YJA01011,NANTA,M,,,,,NANTA TECH LIMITED,315.00,324.55,311.00,324.55,324.55,309.10,,324.55,,,81000,26258430.00,40,F1,600,,,,,
2026-09-04,2026-09-04,CM,BSE,STK,544669,INE0XLO01010,ADMACH,MT,,,,,ADMACH SYSTEMS LIMITED,410.00,422.10,410.00,422.05,422.05,402.00,,422.05,,,18000,7572300.00,26,F1,600,,,,,
2026-09-04,2026-09-04,CM,BSE,STK,544670,INE1IJQ01026,BAIKAKAJI,MT,,,,,BAI-KAKAJI POLYMERS LIMITED,304.65,304.65,297.35,297.35,297.35,313.00,,297.35,,,29400,8763720.00,34,F1,600,,,,,
2026-09-04,2026-09-04,CM,BSE,STK,544671,INE0X4A01013,ATIL,M,,,,,APOLLO TECHNO INDUSTRIES LIMIT,97.00,97.10,93.05,93.05,93.05,98.50,,93.05,,,7000,668100.00,7,F1,1000,,,,,
2026-09-04,2026-09-04,CM,BSE,STK,544672,INF2F0001370,TWCGOLDETF,E,,,,,The Wealth Company Mutual Fund,152.19,152.19,152.19,152.19,152.19,156.00,,152.76,,,1200,182628.00,2,F1,1,,,,,
2026-09-04,2026-09-04,CM,BSE,STK,544673,INE1HK501016,MDRC,M,,,,,MODERN DIAGNOSTIC & RESEARCH C,46.00,49.99,45.00,49.99,49.99,48.11,,49.99,,,22400,1072960.00,14,F1,1600,,,,,
2026-09-04,2026-09-04,CM,BSE,STK,544675,INE1H1501013,GTIL,MT,,,,,Gabion Technologies India Limi,136.05,141.40,133.00,141.40,141.40,134.70,,141.40,,,249600,34630720.00,98,F1,1600,,,,,
2026-09-04,2026-09-04,CM,BSE,STK,544676,INE0CNJ01010,YAJUR,MT,,,,,YAJUR FIBRES LIMITED,41.20,41.20,39.35,40.40,40.40,41.20,,40.40,,,36000,1443216.00,25,F1,800,,,,,
2026-09-04,2026-09-04,CM,BSE,STK,544677,INE0ZE201010,DEFRAIL,M,,,,,Defrail Technologies Limited,73.50,73.50,73.50,73.50,73.50,70.00,,73.50,,,1600,117600.00,1,F1,1600,,,,,
2026-09-04,2026-09-04,CM,BSE,STK,544678,INE05XR01022,BHARATCOAL,B,,,,,BHARAT COKING COAL LIMITED,33.80,34.05,33.62,33.77,33.77,33.80,,33.81,,,273732,9247126.00,1645,F1,1,,,,,
2026-09-04,2026-09-04,CM,BSE,STK,544679,INE121R01077,AMAGI,B,,,,,Amagi Media Labs Limited,565.05,569.70,555.30,560.95,566.05,562.05,,563.09,,,14765,8315134.00,405,F1,1,,,,,
2026-09-04,2026-09-04,CM,BSE,STK,544680,INE0S1B01014,NARMADESH,M,,,,,Narmadesh Brass Industries Lim,318.00,318.00,318.00,318.00,318.00,317.30,,318.00,,,240,76320.00,1,F1,240,,,,,
2026-09-04,2026-09-04,CM,BSE,STK,544681,INE0WKY01013,INDOSMC,M,,,,,INDO SMC Limited,491.00,491.00,470.00,473.50,476.00,486.00,,473.50,,,19000,9085850.00,19,F1,1000,,,,,
2026-09-04,2026-09-04,CM,BSE,STK,544682,INE0U8P01015,GRERENEW,M,,,,,GRE Renew Enertech Limited,171.90,173.40,170.10,170.10,170.10,165.15,,170.10,,,10800,1861560.00,9,F1,1200,,,,,
2026-09-04,2026-09-04,CM,BSE,STK,544683,INE1D8001016,ARITAS,M,,,,,Aritas Vinyl Limited,13.65,13.65,13.01,13.01,13.01,13.25,,13.01,,,12000,158340.00,4,F1,3000,,,,,
2026-09-04,2026-09-04,CM,BSE,STK,544684,INE1OOT01028,DIGILOGIC,MT,,,,,DIGILOGIC SYSTEMS LIMITED,169.80,169.80,169.80,169.80,169.80,173.25,,169.80,,,15600,2648880.00,10,F1,1200,,,,,
2026-09-04,2026-09-04,CM,BSE,STK,544685,INE12UN01015,SHADOWFAX,B,,,,,SHADOWFAX TECHNOLOGIES LIMITED,261.95,262.45,256.45,259.65,259.65,259.85,,259.56,,,1100156,286007321.00,1873,F1,1,,,,,
2026-09-04,2026-09-04,CM,BSE,STK,544686,INE0UCL01011,SHAYONAENG,M,,,,,SHAYONA ENGINEERING LIMITED,144.00,144.00,144.00,144.00,144.00,139.00,,144.00,,,6000,864000.00,1,F1,1000,,,,,
2026-09-04,2026-09-04,CM,BSE,STK,544687,INE0JVH01012,HANNAH,MT,,,,,Hannah Joseph Hospital Limited,118.20,118.20,114.20,114.60,114.60,118.00,,114.60,,,14000,1616700.00,7,F1,2000,,,,,
2026-09-04,2026-09-04,CM,BSE,STK,544688,INE0T1301023,KASTURI,M,,,,,KASTURI METAL COMPOSITE LIMITE,52.05,52.05,52.05,52.05,52.05,51.98,,52.05,,,6000,312300.00,3,F1,2000,,,,,
2026-09-04,2026-09-04,CM,BSE,STK,544693,INE163401016,KANISHK,M,,,,,KANISHK ALUMINIUM INDIA LIMITE,23.05,23.05,22.80,22.80,22.80,23.84,,22.80,,,3200,73360.00,2,F1,1600,,,,,
2026-09-04,2026-09-04,CM,BSE,STK,544694,INE1KVQ01019,ANL,M,,,,,Accretion Nutraveda Limited,276.00,276.00,276.00,276.00,276.00,276.00,,276.00,,,1000,276000.00,1,F1,1000,,,,,
2026-09-04,2026-09-04,CM,BSE,STK,544695,INE2B5L01011,MSAFE,MT,,,,,Msafe Equipments Limited,251.10,253.50,238.15,250.80,250.80,250.65,,250.80,,,31000,7688500.00,29,F1,1000,,,,,
2026-09-04,2026-09-04,CM,BSE,STK,544698,INE1N9E01015,PANHR,M,,,,,PAN HR SOLUTION LIMITED,50.10,50.10,49.99,49.99,49.99,50.00,,49.99,,,3200,160144.00,2,F1,1600,,,,,
2026-09-04,2026-09-04,CM,BSE,STK,544699,INE501X01029,AYE,B,,,,,Aye Finance Limited,181.55,188.95,181.20,184.70,184.70,181.30,,184.80,,,136313,25339399.00,2414,F1,1,,,,,
2026-09-04,2026-09-04,CM,BSE,STK,544700,INE212S01015,FRACTAL,B,,,,,Fractal Analytics Limited,811.10,829.05,811.10,825.55,827.65,816.85,,825.45,,,8966,7382510.00,549,F1,1,,,,,
2026-09-04,2026-09-04,CM,BSE,STK,544701,INF769K01QA6,HEALTHCARE,B,,,,,Mirae Asset Mutual Fund,21.61,21.67,21.54,21.54,21.54,21.61,,21.51,,,22622,488625.00,14,F1,1,,,,,
2026-09-04,2026-09-04,CM,BSE,STK,544702,INE0OU201013,DCMSIL,B,,,,,DCM SHRIRAM INTERNATIONAL LIMI,72.99,72.99,68.04,68.90,69.30,70.60,,68.77,,,14431,1004255.00,219,F1,1,,,,,
2026-09-04,2026-09-04,CM,BSE,STK,544703,INE0OFM01015,DSFCL,T,,,,,DCM SHRIRAM FINE CHEMICALS LIM,25.73,26.20,25.51,25.67,25.67,25.73,,25.81,,,10933,283326.00,36,F1,1,,,,,
2026-09-04,2026-09-04,CM,BSE,STK,544704,INF769K01QB4,INFRA,B,,,,,Mirae Asset Mutual Fund,12.34,12.54,12.01,12.07,12.05,12.04,,12.05,,,3873,46736.00,31,F1,1,,,,,
2026-09-04,2026-09-04,CM,BSE,STK,544705,INF769K01QC2,DEFENCE,B,,,,,Mirae Asset Mutual Fund,81.77,82.55,81.64,81.95,81.98,81.36,,81.99,,,38301,3149712.00,95,F1,1,,,,,
2026-09-04,2026-09-04,CM,BSE,STK,544706,INF209KC1662,ABSLMSCIN,B,,,,,Aditya Birla Sun Life Mutual F,29.63,29.63,29.60,29.60,29.60,29.43,,29.44,,,66,1955.00,17,F1,1,,,,,
2026-09-04,2026-09-04,CM,BSE,STK,544707,INE1W3Q01011,FIL,M,,,,,Fractal Industries Limited,208.00,214.00,208.00,214.00,214.00,206.90,,214.00,,,4200,886200.00,5,F1,600,,,,,
2026-09-04,2026-09-04,CM,BSE,STK,544708,INE1O6P01016,YASHHTEJ,M,,,,,Yashhtej Industries (India) Li,52.99,56.00,51.45,56.00,56.00,54.15,,56.00,,,28800,1548084.00,20,F1,1200,,,,,
2026-09-04,2026-09-04,CM,BSE,STK,544709,INE0P8B01020,GAUDIUMIVF,T,,,,,Gaudium IVF and Women Health L,114.25,122.95,114.00,116.25,116.70,117.55,,116.41,,,74225,8738391.00,598,F1,1,,,,,
2026-09-04,2026-09-04,CM,BSE,STK,544710,INE132201018,ACCORDTS,M,,,,,ACCORD TRANSFORMER & SWITCHGEA,67.16,67.16,65.11,66.50,66.00,65.35,,66.50,,,30000,1992060.00,10,F1,3000,,,,,
2026-09-04,2026-09-04,CM,BSE,STK,544711,INE1C3F01018,KIAASA,M,,,,,KIAASA RETAIL LIMITED,30.84,31.50,30.00,30.91,31.50,29.55,,30.91,,,30000,920460.00,27,F1,1000,,,,,
2026-09-04,2026-09-04,CM,BSE,STK,544716,INE19GK01015,SRTL,B,,,,,SHREE RAM TWISTEX LIMITED,36.99,37.85,36.80,37.79,37.85,36.45,,37.73,,,9577,356380.00,132,F1,1,,,,,
2026-09-04,2026-09-04,CM,BSE,STK,544717,INE647U01026,CLEANMAX,B,,,,,Clean Max Enviro Energy Soluti,1323.00,1356.90,1291.10,1347.40,1344.00,1297.05,,1347.88,,,11482,15357383.00,984,F1,1,,,,,
2026-09-04,2026-09-04,CM,BSE,STK,544718,INE1RDG01013,PNGSREVA,B,,,,,PNGS Reva Diamond Jewellery Li,515.00,526.65,503.25,515.25,518.95,516.00,,516.34,,,5651,2891469.00,187,F1,1,,,,,
2026-09-04,2026-09-04,CM,BSE,STK,544719,INF209KC1670,ABSL10BANK,B,,,,,Aditya Birla Sun Life Mutual F,166.92,166.92,166.92,166.92,166.92,168.65,,168.63,,,1,166.00,1,F1,1,,,,,
2026-09-04,2026-09-04,CM,BSE,STK,544720,INE0UH301010,OMNI,B,,,,,Omnitech Engineering Limited,532.55,532.55,519.00,526.05,526.55,518.45,,526.00,,,21951,11534975.00,890,F1,1,,,,,
2026-09-04,2026-09-04,CM,BSE,STK,544721,INF666M01OD9,GROWWHOSPI,B,,,,,Groww Mutual Fund,53.37,53.37,51.69,51.88,52.01,52.32,,51.83,,,20139,1046163.00,198,F1,1,,,,,
2026-09-04,2026-09-04,CM,BSE,STK,544722,INF200KB1AJ0,SBIMIDMOM,B,,,,,SBI Mutual Fund,63.76,64.00,63.72,63.72,63.72,63.83,,63.73,,,1988,126942.00,10,F1,1,,,,,
2026-09-04,2026-09-04,CM,BSE,STK,544723,INE00XB01019,SEDEMAC,B,,,,,SEDEMAC MECHATRONICS LIMITED,2905.25,2915.10,2800.00,2813.90,2819.70,2905.25,,2814.38,,,7437,21226819.00,1038,F1,1,,,,,
2026-09-04,2026-09-04,CM,BSE,STK,544724,INE1FEW01013,ELFIN,M,,,,,Elfin Agro India Limited,100.50,100.50,100.50,100.50,100.50,99.00,,100.50,,,3000,301500.00,1,F1,3000,,,,,
2026-09-04,2026-09-04,CM,BSE,STK,544725,INF740KA1YH2,BANK10ADD,B,,,,,DSP BSE Top 10 Banks ETF,16.99,17.03,16.99,17.03,17.03,17.18,,16.93,,,26,442.00,6,F1,1,,,,,
2026-09-04,2026-09-04,CM,BSE,STK,544726,INE0J0B01017,KOTYARK,T,,,,,Kotyark Industries Limited,33.39,33.75,33.39,33.75,33.75,32.15,,33.76,,,15486,521545.00,41,F1,1,,,,,
2026-09-04,2026-09-04,CM,BSE,STK,544731,INE313L01016,RSL,B,,,,,RAJPUTANA STAINLESS LIMITED,181.70,184.95,180.40,181.70,182.10,181.65,,181.50,,,18907,3456158.00,468,F1,1,,,,,
2026-09-04,2026-09-04,CM,BSE,STK,544732,INE0ADB01012,INNOVISION,B,,,,,Innovision Limited,251.05,260.00,251.05,255.25,255.00,255.55,,254.93,,,1045,267506.00,91,F1,1,,,,,
2026-09-04,2026-09-04,CM,BSE,STK,544733,INE713R01022,GSPCROP,B,,,,,GSP CROP SCIENCE LIMITED,619.95,626.20,615.75,617.50,616.40,626.15,,619.22,,,3580,2223013.00,127,F1,1,,,,,
2026-09-04,2026-09-04,CM,BSE,STK,544734,INE2PB023011,RIIT,IF,,,,,Raajmarg Infra Investment Trus,123.00,123.00,121.40,121.64,121.64,121.22,,121.57,,,2978,362043.00,40,F1,1,,,,,
2026-09-04,2026-09-04,CM,BSE,STK,544735,INE1TFS01019,NOVUS,M,,,,,Novus Loyalty Limited,204.85,206.00,204.85,205.95,205.90,201.55,,205.95,,,18000,3702600.00,18,F1,1000,,,,,
2026-09-04,2026-09-04,CM,BSE,STK,544736,INF336L01RX2,HSBCGOLD,E,,,,,HSBC Mutual Fund,133.99,135.01,133.49,133.49,133.49,133.49,,133.81,,,11691,1567979.00,224,F1,1,,,,,
2026-09-04,2026-09-04,CM,BSE,STK,544738,INE0R0M01014,SPML,M,,,,,SPECIALITY MEDICINES LIMITED,153.75,154.00,150.00,150.00,150.00,145.00,,150.00,,,4000,610700.00,4,F1,1000,,,,,
2026-09-04,2026-09-04,CM,BSE,STK,544739,INE05HV01027,CMPDI,B,,,,,Central Mine Planning & Design,240.10,244.60,236.95,244.05,244.05,240.10,,243.93,,,239389,57820399.00,4378,F1,1,,,,,
2026-09-04,2026-09-04,CM,BSE,STK,544740,INE1U6D01014,TIPCO,MT,,,,,Tipco Engineering India Limite,273.30,281.30,273.00,281.30,281.30,267.95,,281.30,,,126400,35329280.00,54,F1,1600,,,,,
2026-09-04,2026-09-04,CM,BSE,STK,544741,INE1KI801019,HIGHNESS,MT,,,,,Highness Microelectronics Limi,182.70,183.80,182.70,183.80,183.80,175.05,,183.80,,,10800,1980480.00,8,F1,1200,,,,,
2026-09-04,2026-09-04,CM,BSE,STK,544742,INE0H9F01037,SAIPARENT,B,,,,,Sai Parenteral's Limited,518.70,522.00,516.75,517.95,518.25,518.10,,519.45,,,10987,5703632.00,270,F1,1,,,,,
2026-09-04,2026-09-04,CM,BSE,STK,544743,INE05TO01019,AEROPLANE,B,,,,,Amir Chand Jagdish Kumar (Expo,192.90,196.90,187.20,192.75,192.75,188.10,,194.17,,,84256,16215406.00,1571,F1,1,,,,,
2026-09-04,2026-09-04,CM,BSE,STK,544744,INE921L01032,POWERICA,B,,,,,Powerica Ltd.,513.05,532.50,513.05,524.60,523.55,511.95,,525.04,,,13668,7210649.00,704,F1,1,,,,,
2026-09-04,2026-09-04,CM,BSE,STK,544745,INF200KB1AK8,SBINMID150,B,,,,,SBI Mutual Fund,23.88,24.30,23.18,23.30,23.30,23.30,,23.30,,,1699,39513.00,38,F1,1,,,,,
2026-09-04,2026-09-04,CM,BSE,STK,544746,INE0UMH01018,SCDL,M,,,,,SAFETY CONTROLS & DEVICES LIMI,64.10,64.70,63.50,63.50,63.50,63.50,,63.50,,,20800,1330368.00,13,F1,1600,,,,,
2026-09-04,2026-09-04,CM,BSE,STK,544747,INE1OSW01015,EMIAC,M,,,,,EMIAC TECHNOLOGIES LIMITED,96.00,97.50,96.00,97.50,97.50,97.40,,97.50,,,2400,232200.00,2,F1,1200,,,,,
2026-09-04,2026-09-04,CM,BSE,STK,544748,INE840Y01029,ONEPOINT,B,,,,,ONE POINT ONE SOLUTIONS LIMITE,55.57,58.64,54.57,57.02,56.99,54.48,,57.01,,,77343,4406634.00,691,F1,1,,,,,
2026-09-04,2026-09-04,CM,BSE,STK,544750,INE25E901019,OMPOWER,B,,,,,OM POWER TRANSMISSION LIMITED,170.20,177.45,170.05,176.20,175.85,171.60,,175.80,,,18990,3316532.00,421,F1,1,,,,,
2026-09-04,2026-09-04,CM,BSE,STK,544752,INE19RO25039,PSCELESTIA,IF,,,,,PropShare Celestia,1005100.00,1005100.00,1005000.00,1005000.00,1005000.00,1005000.00,,1005000.00,,,2,2010100.00,2,F1,1,,,,,
2026-09-04,2026-09-04,CM,BSE,STK,544753,INE2Q7823014,CITIUSINVT,IF,,,,,Citius TransNet Investment Tru,115.95,116.20,115.95,116.06,116.20,114.00,,116.37,,,593,68822.00,23,F1,1,,,,,
2026-09-04,2026-09-04,CM,BSE,STK,544754,INE12F801023,KISSHT,B,,,,,OnEMI Technology Solutions Lim,306.75,316.90,305.30,309.10,309.10,305.50,,309.30,,,80976,25162635.00,2237,F1,1,,,,,
2026-09-04,2026-09-04,CM,BSE,STK,544755,INE2B6701015,RECODE,MT,,,,,RECODE STUDIOS LIMITED,326.45,336.05,326.45,336.05,336.05,320.05,,336.05,,,18400,6159760.00,22,F1,800,,,,,
2026-09-04,2026-09-04,CM,BSE,STK,544756,INE368U01029,UNITEDPOLY,B,,,,,United Polyfab Gujarat Limited,41.82,42.00,40.64,41.63,41.99,40.57,,41.66,,,21841,905564.00,363,F1,1,,,,,
2026-09-04,2026-09-04,CM,BSE,STK,544757,INE032Z01020,BSHSL,B,,,,,BOMBAY SUPER HYBRID SEEDS LIMI,91.90,95.76,91.90,95.25,95.25,88.68,,91.48,,,231,21547.00,20,F1,1,,,,,
2026-09-04,2026-09-04,CM,BSE,STK,544758,INE2OVN25015,BAGMANE,IF,,,,,Bagmane Prime Office REIT,106.90,106.90,105.84,106.44,106.50,106.42,,106.28,,,12851,1366557.00,442,F1,1,,,,,
2026-09-04,2026-09-04,CM,BSE,STK,544759,INE1CLW01015,GLPL,M,,,,,GOLDLINE PHARMACEUTICAL LIMITE,39.00,39.32,34.13,39.16,39.00,40.90,,39.16,,,21000,787440.00,7,F1,3000,,,,,
2026-09-04,2026-09-04,CM,BSE,STK,544760,INF740KA1ZA4,FMCGADD,B,,,,,DSP Nifty FMCG ETF,46.28,46.56,46.20,46.56,46.56,46.35,,46.25,,,688,31849.00,14,F1,1,,,,,
2026-09-04,2026-09-04,CM,BSE,STK,544761,INF754K01XF3,ENEXT50,B,,,,,Edelweiss Mutual Fund,73.16,73.16,73.16,73.16,73.16,72.31,,73.13,,,5,365.00,1,F1,1,,,,,
2026-09-04,2026-09-04,CM,BSE,STK,544762,INF200KB1AX1,SBIVALETF,B,,,,,SBI Mutual Fund,14.80,14.80,14.65,14.80,14.80,14.92,,14.76,,,2337,34326.00,48,F1,1,,,,,
2026-09-04,2026-09-04,CM,BSE,STK,544763,INF200KB1AY9,SBISMLETF,B,,,,,SBI Mutual Fund,18.65,18.79,18.43,18.57,18.57,18.46,,18.55,,,2927,54319.00,29,F1,1,,,,,
2026-09-04,2026-09-04,CM,BSE,STK,544764,INE0JYY01029,MWL,B,,,,,Mangalam Worldwide Limited,39.77,39.77,38.20,38.81,38.87,38.97,,38.56,,,4724,183948.00,109,F1,1,,,,,
2026-09-04,2026-09-04,CM,BSE,STK,544765,INE1L3801017,VPAL,MT,,,,,Vegorama Punjabi Angithi Limit,205.00,223.10,201.90,223.10,223.10,212.50,,223.10,,,108800,23093920.00,51,F1,1600,,,,,
2026-09-04,2026-09-04,CM,BSE,STK,544766,INF579M01BP5,MSCI360,B,,,,,360 ONE Mutual Fund,10.12,10.12,10.03,10.03,10.03,10.11,,10.27,,,50,505.00,2,F1,1,,,,,
2026-09-04,2026-09-04,CM,BSE,STK,544767,INE18HI01019,AFLTD,M,,,,,Autofurnish Limited,55.80,55.80,55.80,55.80,55.80,56.75,,55.80,,,9000,502200.00,3,F1,3000,,,,,
2026-09-04,2026-09-04,CM,BSE,STK,544769,INE1UYW01010,HARIKANTA,M,,,,,HARIKANTA OVERSEAS LIMITED,69.95,73.00,66.95,69.80,73.00,63.00,,69.80,,,8400,586500.00,7,F1,1200,,,,,
2026-09-04,2026-09-04,CM,BSE,STK,544770,INE1T6L01010,YAASHVI,M,,,,,YAASHVI JEWELLERS LIMITED,76.90,77.00,75.40,75.40,75.40,77.45,,75.40,,,6400,490080.00,4,F1,1600,,,,,
2026-09-04,2026-09-04,CM,BSE,STK,544771,INE1GM501015,RFIL,M,,,,,Rajnandini Fashion India Limit,31.05,31.31,30.90,31.05,31.10,32.00,,31.05,,,46000,1431020.00,19,F1,2000,,,,,
2026-09-04,2026-09-04,CM,BSE,STK,544772,INE1KVL01010,AUREATE,M,,,,,AUREATE TRADDE LIMITED,38.51,41.00,38.51,39.21,39.21,38.50,,39.21,,,32000,1277520.00,13,F1,2000,,,,,
2026-09-04,2026-09-04,CM,BSE,STK,544773,INE1RQS01010,MRTX,M,,,,,Merritronix Limited,320.00,343.95,315.05,340.45,340.00,315.65,,340.45,,,235000,77875800.00,225,F1,1000,,,,,
2026-09-04,2026-09-04,CM,BSE,STK,544774,INE11XK01017,SMR,M,,,,,SMR Jewels Limited,92.00,92.65,92.00,92.50,92.50,90.00,,92.50,,,3000,277150.00,3,F1,1000,,,,,
2026-09-04,2026-09-04,CM,BSE,STK,544777,INE00WV01027,CMRGREEN,B,,,,,CMR Green Technologies Limited,230.05,231.00,225.55,228.05,228.05,230.80,,228.31,,,49559,11273992.00,851,F1,1,,,,,
2026-09-04,2026-09-04,CM,BSE,STK,544778,INE0H3U01013,VAHH,M,,,,,Vahh Chemicals Limited,55.89,56.00,52.35,55.49,55.49,53.00,,55.49,,,22000,1216180.00,7,F1,2000,,,,,
2026-09-04,2026-09-04,CM,BSE,STK,544779,INE0YZ901011,UHMVL,M,,,,,UHM Vacation Limited,33.59,33.59,33.01,33.01,33.01,33.59,,33.01,,,3200,106872.00,4,F1,800,,,,,
2026-09-04,2026-09-04,CM,BSE,STK,544780,INE1CDF01017,VAML,B,,,,,Vedanta Aluminium Metal Limite,438.65,439.90,429.50,437.90,437.90,435.65,,437.75,,,219224,95338047.00,4628,F1,1,,,,,
2026-09-04,2026-09-04,CM,BSE,STK,544781,INE694L01019,VEDPOWER,B,,,,,Vedanta Power Limited,34.79,34.79,34.13,34.21,34.21,34.28,,34.20,,,731421,25073999.00,2169,F1,1,,,,,
2026-09-04,2026-09-04,CM,BSE,STK,544782,INE704J01044,VOGL,B,,,,,Vedanta Oil and Gas Limited,37.62,38.70,37.20,38.01,38.01,37.55,,38.02,,,2613480,99085234.00,7409,F1,1,,,,,
2026-09-04,2026-09-04,CM,BSE,STK,544783,INE255Z01027,E2E,T,,,,,E2E Networks Limited,575.00,612.50,575.00,602.00,602.00,593.55,,601.62,,,141089,83918943.00,3305,F1,1,,,,,
2026-09-04,2026-09-04,CM,BSE,STK,544784,INE1CLE01013,VISL,B,,,,,Vedanta Iron and Steel Limited,36.17,36.44,34.80,35.37,35.37,36.10,,35.39,,,3173869,113103700.00,10326,F1,1,,,,,
2026-09-04,2026-09-04,CM,BSE,STK,544785,INE0JUI01012,HEXAGON,T,,,,,Hexagon Nutrition Limited,66.74,67.80,65.25,67.38,67.40,65.62,,67.24,,,15713,1039943.00,120,F1,1,,,,,
2026-09-04,2026-09-04,CM,BSE,STK,544786,INE155D01018,SELECTRIC,B,,,,,Schneider Electric President S,2015.00,2015.00,1870.85,1942.90,1950.00,1969.30,,1942.90,,,7911,15266218.00,463,F1,1,,,,,
2026-09-04,2026-09-04,CM,BSE,STK,544793,INE2L0V01019,SUSAN,MT,,,,,Susan Electricals India Limite,344.10,349.10,342.00,349.10,349.10,332.50,,349.10,,,43000,14957500.00,38,F1,1000,,,,,
2026-09-04,2026-09-04,CM,BSE,STK,544794,INE1SEO01013,HORIZON,M,,,,,HORIZON RECLAIM (INDIA) LIMITE,117.05,120.00,117.00,118.05,117.80,117.90,,118.05,,,18000,2137740.00,15,F1,1200,,,,,
2026-09-04,2026-09-04,CM,BSE,STK,544795,INF109K1A476,SMALLIETF,B,,,,,ICICI Prudential Mutual Fund,18.60,18.63,18.49,18.49,18.49,18.52,,18.57,,,2481,46129.00,19,F1,1,,,,,
2026-09-04,2026-09-04,CM,BSE,STK,544796,INE0TKX01011,LIOTECH,M,,,,,LIOTECH INDUSTRIES LIMITED,90.00,92.50,88.80,92.50,92.50,91.50,,92.50,,,3600,327320.00,9,F1,400,,,,,
2026-09-04,2026-09-04,CM,BSE,STK,544797,INE0X6O01027,LESL,M,,,,,LEAPFROG ENGINEERING SERVICES,22.78,22.91,22.05,22.50,22.50,21.55,,22.50,,,78000,1774560.00,9,F1,6000,,,,,
2026-09-04,2026-09-04,CM,BSE,STK,544798,INE1OSI01014,DIKSHA,MT,,,,,DIKSHA POLYMERS LIMITED,205.00,205.00,203.00,203.00,203.00,205.00,,203.00,,,3600,733200.00,3,F1,1200,,,,,
2026-09-04,2026-09-04,CM,BSE,STK,544799,INE0OC301013,TURTLEMINT,B,,,,,Turtlemint Fintech Solutions L,146.45,146.45,143.00,143.90,144.35,144.15,,144.07,,,24776,3575966.00,442,F1,1,,,,,
2026-09-04,2026-09-04,CM,BSE,STK,544800,INE1O7201010,ANUBHAV,M,,,,,ANUBHAV PLAST LIMITED,48.00,48.00,48.00,48.00,48.00,48.00,,48.00,,,1600,76800.00,1,F1,1600,,,,,
2026-09-04,2026-09-04,CM,BSE,STK,544802,INE0LZF01039,CORDELIA,B,,,,,Waterways Leisure Tourism Limi,103.55,106.80,101.85,103.85,103.85,101.75,,103.90,,,202118,21272731.00,1015,F1,1,,,,,
2026-09-04,2026-09-04,CM,BSE,STK,544803,INE1SJO01012,RAMBHAJO,B,,,,,Advit Jewels Limited,248.75,269.25,246.80,269.25,269.25,244.80,,268.92,,,234514,61689240.00,6368,F1,1,,,,,
2026-09-04,2026-09-04,CM,BSE,STK,544805,INE0V3T01017,JIVIAL,M,,,,,Jivial Industries Limited,71.50,80.00,71.50,79.90,79.90,80.00,,79.90,,,2400,185640.00,4,F1,600,,,,,
2026-09-04,2026-09-04,CM,BSE,STK,544806,INE0ZK601013,CSM,B,,,,,CSM TECHNOLOGIES LIMITED,93.49,94.90,93.32,94.01,94.90,94.07,,94.31,,,13229,1241239.00,195,F1,1,,,,,
2026-09-04,2026-09-04,CM,BSE,STK,544807,INE0RBX01014,CRAZY,M,,,,,CRAZY SNACKS LIMITED,59.00,60.00,59.00,60.00,60.00,60.00,,60.00,,,54000,3237000.00,6,F1,3000,,,,,
2026-09-04,2026-09-04,CM,BSE,STK,544808,INE2FMX01012,AASTHA,B,,,,,AASTHA SPINTEX LIMITED,81.79,81.79,78.00,78.31,78.34,80.07,,78.13,,,24431,1932128.00,475,F1,1,,,,,
2026-09-04,2026-09-04,CM,BSE,STK,544809,INE1SME01017,ADON,M,,,,,ADON AGRO COMMODITIES LIMITED,80.00,83.00,80.00,83.00,83.00,82.10,,83.00,,,4000,326000.00,2,F1,2000,,,,,
2026-09-04,2026-09-04,CM,BSE,STK,544810,INE147701010,SILL,M,,,,,Sampark India Logistics Limite,93.00,94.50,93.00,94.50,94.50,92.00,,94.50,,,8000,748000.00,5,F1,1600,,,,,
2026-09-04,2026-09-04,CM,BSE,STK,544811,INE1L0M01019,KRATIKAL,M,,,,,KRATIKAL TECH LIMITED,166.00,166.00,163.00,163.50,164.50,165.60,,163.50,,,6000,988550.00,6,F1,1000,,,,,
2026-09-04,2026-09-04,CM,BSE,STK,544812,INE226801012,ATHARVA,M,,,,,Atharva Poly-Plast Limited,91.00,94.00,88.15,88.75,88.15,91.48,,88.75,,,70000,6398240.00,33,F1,2000,,,,,
2026-09-04,2026-09-04,CM,BSE,STK,544813,INE1EVO01017,SEEMAX,M,,,,,Seemax Resources Limited,51.15,51.15,51.10,51.15,51.15,51.15,,51.15,,,5000,255650.00,3,F1,1000,,,,,
2026-09-04,2026-09-04,CM,BSE,STK,544814,INE17QZ01016,KNACK,B,,,,,KNACK PACKAGING LIMITED,188.55,189.50,186.70,187.45,187.45,188.60,,187.31,,,43199,8128233.00,666,F1,1,,,,,
2026-09-04,2026-09-04,CM,BSE,STK,544821,INE0ISX01025,KUSUMGAR,B,,,,,Kusumgar Limited,580.55,583.00,570.00,571.95,570.00,581.05,,571.22,,,8752,5033727.00,322,F1,1,,,,,
2026-09-04,2026-09-04,CM,BSE,STK,544822,INE17IR01028,LASERPOWER,B,,,,,Laser Power & Infra Limited,307.95,307.95,292.20,295.50,295.80,300.95,,295.65,,,49818,14880843.00,1252,F1,1,,,,,
2026-09-04,2026-09-04,CM,BSE,STK,544823,INE2KRP01017,DEVSON,M,,,,,DEVSON CATALYST LIMITED,285.60,324.00,285.00,315.75,324.00,282.45,,315.75,,,153600,46344780.00,123,F1,1200,,,,,
2026-09-04,2026-09-04,CM,BSE,STK,544825,INE1JCQ01037,ALPINETEX,B,,,,,ALPINE TEXWORLD LIMITED,56.81,59.03,55.51,57.81,57.97,57.15,,57.76,,,38912,2228220.00,378,F1,1,,,,,
2026-09-04,2026-09-04,CM,BSE,STK,544826,INE1SRC01010,MILLWORKS,M,,,,,MILLWORKS TECHNOLOGIES LIMITED,974.00,1074.50,974.00,1054.75,1054.75,985.10,,1054.75,,,170000,176392640.00,366,F1,400,,,,,
2026-09-04,2026-09-04,CM,BSE,STK,544827,INF0QA701CI0,BANK10BETF,B,,,,,Bajaj Finserv Mutual Fund,20.64,20.91,20.64,20.76,20.76,20.88,,20.83,,,624,13009.00,6,F1,1,,,,,
2026-09-04,2026-09-04,CM,BSE,STK,544829,INE640G01020,SBIFUNDS,A,,,,,SBI Funds Management Limited,562.15,565.85,559.00,561.75,561.75,563.90,,562.09,,,80798,45432684.00,3654,F1,1,,,,,
2026-09-04,2026-09-04,CM,BSE,STK,544830,INF769K01RC0,MOMMIDCAP,B,,,,,Mirae Asset Mutual Fund,13.14,13.14,12.99,13.00,12.99,13.00,,12.99,,,93816,1219877.00,40,F1,1,,,,,
2026-09-04,2026-09-04,CM,BSE,STK,544831,INE208H01016,MEEIND,B,,,,,MEENAKSHI INDIA LIMITED,419.90,419.90,406.95,406.95,406.95,398.05,,406.95,,,856,349074.00,26,F1,1,,,,,
2026-09-04,2026-09-04,CM,BSE,STK,544832,INE12Z301012,SOTEFIN,M,,,,,Sotefin Bharat Limited,251.75,254.40,247.00,248.90,249.70,241.90,,248.90,,,18000,4511220.00,29,F1,600,,,,,
2026-09-04,2026-09-04,CM,BSE,STK,544833,INE11XY01018,CMLL,B,,,,,CALIBER MINING AND LOGISTICS L,503.00,516.40,501.50,503.20,503.10,502.65,,503.06,,,27315,13913205.00,916,F1,1,,,,,
2026-09-04,2026-09-04,CM,BSE,STK,544834,INE1WDC01012,GULFLLOYDS,M,,,,,GULF LLOYDS (INDIA) LIMITED,33.25,34.28,32.65,34.23,34.28,32.65,,34.23,,,34800,1175160.00,28,F1,1200,,,,,
2026-09-04,2026-09-04,CM,BSE,STK,544835,INE1N3Y01016,MALA,M,,,,,Shree Balaji (Mala) Textiles L,62.01,63.25,62.01,62.50,62.50,66.50,,62.50,,,28000,1747120.00,11,F1,2000,,,,,
2026-09-04,2026-09-04,CM,BSE,STK,544837,INE084101034,INDOMIM,B,,,,,INDO-MIM Limited,926.95,983.60,926.40,970.60,970.60,922.60,,971.46,,,349364,336931532.00,14371,F1,1,,,,,
2026-09-04,2026-09-04,CM,BSE,STK,544838,INE0NG701011,XTRANET,B,,,,,XTRANET TECHNOLOGIES LIMITED,197.15,233.60,193.85,233.60,233.60,194.70,,234.24,,,476864,106318878.00,3355,F1,1,,,,,
2026-09-04,2026-09-04,CM,BSE,STK,544839,INE0QJW01029,LCL,B,,,,,Lohia Corp Limited,564.55,597.40,563.15,581.55,578.00,553.60,,581.50,,,128280,74849432.00,4313,F1,1,,,,,
2026-09-04,2026-09-04,CM,BSE,STK,544840,INE1EJ401023,SSPRL,M,,,,,SILVERSTORM PARKS AND RESORTS,114.25,118.00,114.25,118.00,118.00,113.05,,118.00,,,86000,10132900.00,9,F1,1000,,,,,
2026-09-04,2026-09-04,CM,BSE,STK,544841,INF769K01RJ5,HYBRIDETF,F,,,,,Mirae Asset Mutual Fund,10.08,10.08,10.05,10.05,10.05,10.06,,10.03,,,436,4387.00,17,F1,1,,,,,
2026-09-04,2026-09-04,CM,BSE,STK,544842,INF179KC1KT4,HDFCNIMEG,B,,,,,HDFC Mutual Fund,133.35,133.43,133.35,133.43,133.40,131.96,,133.55,,,1194,159309.00,4,F1,1,,,,,
2026-09-04,2026-09-04,CM,BSE,STK,544843,INE13ZJ01010,ADVANCETL,M,,,,,ADVANCE TECHNOFORGE LIMITED,68.02,68.02,66.50,66.50,66.50,69.44,,66.50,,,12000,811392.00,10,F1,1200,,,,,
2026-09-04,2026-09-04,CM,BSE,STK,544844,INE288301026,PPEL,M,,,,,POOJAA PRECISION ENGG. LIMITED,615.05,648.50,615.05,641.30,639.00,618.25,,641.30,,,115600,72731880.00,210,F1,400,,,,,
2026-09-04,2026-09-04,CM,BSE,STK,544845,INF109K1A567,INSUREIETF,B,,,,,ICICI Prudential Mutual Fund,15.06,15.33,15.02,15.22,15.20,15.06,,15.22,,,104270,1569724.00,43,F1,1,,,,,
2026-09-04,2026-09-04,CM,BSE,STK,544846,INF754K01XI7,ELMDIV,B,,,,,Edelweiss Mutual Fund,36.55,36.55,36.50,36.50,36.50,37.72,,36.50,,,214,7811.00,4,F1,1,,,,,
2026-09-04,2026-09-04,CM,BSE,STK,544847,INE459N01021,MANIPALHOS,B,,,,,Manipal Health Enterprises Lim,739.55,739.55,720.95,729.75,725.00,726.00,,726.90,,,453963,330674040.00,7855,F1,1,,,,,
2026-09-04,2026-09-04,CM,BSE,STK,544848,INE17DP01015,HRHYGIENE,M,,,,,H. R. HYGIENE PRODUCTS LIMITED,62.01,62.01,62.00,62.00,62.00,63.50,,62.00,,,4800,297616.00,3,F1,1600,,,,,
2026-09-04,2026-09-04,CM,BSE,STK,544850,INE754X01016,AARVI,B,,,,,Aarvi Encon Limited,142.50,143.00,140.00,142.90,143.00,141.50,,141.95,,,1241,175998.00,76,F1,1,,,,,
2026-09-04,2026-09-04,CM,BSE,STK,544851,INE0OWZ01020,MVELECTRO,B,,,,,MV ELECTROSYSTEMS LIMITED,726.70,750.00,711.45,729.05,729.05,731.20,,729.67,,,215849,158694414.00,5205,F1,1,,,,,
2026-09-04,2026-09-04,CM,BSE,STK,544852,INE0UR501013,ONEINDIG,M,,,,,Oneindig Technologies Limited,136.05,138.00,135.00,137.00,136.00,140.75,,137.00,,,32400,4424460.00,11,F1,1200,,,,,
2026-09-04,2026-09-04,CM,BSE,STK,544853,INE05C901015,JNPR,B,,,,,Juniper Green Energy Limited,259.40,273.10,259.40,264.90,263.95,259.40,,265.09,,,125702,33516385.00,2651,F1,1,,,,,
2026-09-04,2026-09-04,CM,BSE,STK,544854,INE1HX301016,DHAVAL,M,,,,,Dhaval Packaging Limited,114.20,125.95,114.20,123.40,123.00,114.95,,123.40,,,110400,13542960.00,45,F1,1200,,,,,
2026-09-04,2026-09-04,CM,BSE,STK,544855,INE13LA01027,PRIMAINNO,X,,,,,Prima Innovation Limited,29.80,30.89,28.00,28.31,28.31,29.97,,28.31,,,8617,251727.00,48,F1,1,,,,,
2026-09-04,2026-09-04,CM,BSE,STK,544856,INE1LMA01010,KLASSROOM,M,,,,,FUSION KLASSROOM EDUTECH LIMIT,184.95,187.90,184.50,184.50,184.50,181.00,,184.50,,,7200,1338600.00,9,F1,800,,,,,
2026-09-04,2026-09-04,CM,BSE,STK,544857,INF740KA1ZH9,MIDBANKADD,B,,,,,DSP Mutual Fund,17.54,17.54,17.54,17.54,17.54,17.67,,17.50,,,11,192.00,2,F1,1,,,,,
2026-09-04,2026-09-04,CM,BSE,STK,544858,INE0WR901013,AEGEUS,M,,,,,AEGEUS TECHNOLOGIES LIMITED,125.00,126.00,121.00,124.50,123.25,125.80,,124.50,,,36000,4458060.00,29,F1,1200,,,,,
2026-09-04,2026-09-04,CM,BSE,STK,544859,INE1ZGR01024,GVELECTRIC,M,,,,,G V ELECTRICALS LTD,128.00,132.00,128.00,128.85,128.55,125.95,,128.85,,,25000,3244600.00,25,F1,1000,,,,,
2026-09-04,2026-09-04,CM,BSE,STK,544860,INE0XNF01022,ARDEE,B,,,,,Ardee Industries Limited,55.38,56.10,55.15,55.65,55.65,54.88,,55.66,,,369248,20542354.00,2006,F1,1,,,,,
2026-09-04,2026-09-04,CM,BSE,STK,544861,INE0GMR01016,SWARAJ,T,,,,,Swaraj Suiting Limited,359.00,374.95,352.05,362.00,363.00,359.60,,357.35,,,23103,8338748.00,93,F1,1,,,,,
2026-09-04,2026-09-04,CM,BSE,STK,544862,INE880Y01017,SOLEX,B,,,,,Solex Energy Limited,749.95,760.05,719.55,725.25,722.70,726.85,,725.30,,,5805,4257718.00,415,F1,1,,,,,
2026-09-04,2026-09-04,CM,BSE,STK,544863,INE0X9I01023,LAPL,M,,,,,LAPL AUTOMOTIVE LIMITED,118.10,118.90,116.05,117.90,117.35,119.15,,117.90,,,27600,3258000.00,23,F1,1200,,,,,
2026-09-04,2026-09-04,CM,BSE,STK,544864,INE1D0W01018,TECHNOCRAF,B,,,,,Technocraft Ventures Limited,372.95,374.00,363.05,365.65,364.55,373.25,,366.04,,,87603,32234549.00,1618,F1,1,,,,,
2026-09-04,2026-09-04,CM,BSE,STK,544865,INE00GO01025,LEAPIND,B,,,,,LEAP India Limited,154.15,155.20,149.50,150.55,150.40,152.25,,150.28,,,339712,51728969.00,3509,F1,1,,,,,
2026-09-04,2026-09-04,CM,BSE,STK,544866,INE869T01028,MOLBIO,B,,,,,MOLBIO DIAGNOSTICS LIMITED,1149.15,1175.00,1118.75,1162.35,1162.35,1134.00,,1160.57,,,30655,35014677.00,1517,F1,1,,,,,
2026-09-04,2026-09-04,CM,BSE,STK,544867,INE01NH01023,DHOOTTRANS,B,,,,,Dhoot Transmission Limited,1610.10,1665.00,1566.30,1608.95,1608.95,1591.15,,1615.29,,,471712,764018532.00,17724,F1,1,,,,,
2026-09-04,2026-09-04,CM,BSE,STK,544868,INE00IT01020,MILKYMIST,B,,,,,Milky Mist Dairy Food Limited,257.10,260.00,249.45,252.55,253.00,253.40,,252.44,,,1099154,279439111.00,9598,F1,1,,,,,
2026-09-04,2026-09-04,CM,BSE,STK,544869,INE0Z9N01013,SHAMFOAM,M,,,,,Sham Foam Limited,69.20,69.20,64.30,68.90,68.90,70.05,,68.90,,,24000,1596040.00,23,F1,1000,,,,,
2026-09-04,2026-09-04,CM,BSE,STK,544870,INE1EEM01017,BLEL,B,,,,,BEHARI LAL ENGINEERING LIMITED,455.00,458.60,447.90,452.35,456.80,454.05,,453.11,,,61049,27554306.00,1267,F1,1,,,,,
2026-09-04,2026-09-04,CM,BSE,STK,544871,INE0FOO01011,SHIPROCKET,B,,,,,Shiprocket Limited,136.55,138.25,134.20,135.85,135.80,136.00,,135.91,,,499243,67808408.00,2846,F1,1,,,,,
2026-09-04,2026-09-04,CM,BSE,STK,544872,INE13G401012,QTFOODS,M,,,,,Q&T FOODS LIMITED,50.32,58.50,50.32,50.32,50.32,55.91,,50.32,,,501600,25964076.00,279,F1,1200,,,,,
2026-09-04,2026-09-04,CM,BSE,STK,544873,INF22M001184,NIFTYJBLK,B,,,,,Jio BlackRock Mutual Fund,12.02,12.63,12.02,12.27,12.31,12.33,,12.28,,,16925,207520.00,164,F1,1,,,,,
2026-09-04,2026-09-04,CM,BSE,STK,544874,INF769K01RK3,LARGEMID50,B,,,,,Mirae Asset Mutual Fund,36.40,36.40,36.38,36.38,36.38,36.26,,36.38,,,110,4002.00,2,F1,1,,,,,
2026-09-04,2026-09-04,CM,BSE,STK,544876,INE23ER01017,ENS,M,,,,,ENS Enterprises Limited,103.00,107.90,102.75,103.90,103.90,103.00,,103.90,,,43200,4484100.00,33,F1,1200,,,,,
2026-09-04,2026-09-04,CM,BSE,STK,544877,INE19QK01022,TECHNOCRAT,M,,,,,Technocrats Plasma Systems Lim,320.00,368.40,320.00,361.00,360.00,307.05,,361.00,,,973000,342810550.00,848,F1,1000,,,,,
2026-09-04,2026-09-04,CM,BSE,STK,544879,INE0K9O01026,LALITHAA,B,,,,,Lalithaa Jewellery Mart Limite,281.55,308.55,280.55,307.90,307.90,280.50,,306.93,,,2507508,745681157.00,23373,F1,1,,,,,
2026-09-04,2026-09-04,CM,BSE,STK,544880,INE685T01010,HORIZONIND,B,,,,,Horizon Industrial Parks Limit,55.26,55.89,54.57,55.23,55.23,55.85,,55.15,,,549325,30239467.00,2540,F1,1,,,,,
2026-09-04,2026-09-04,CM,BSE,STK,544881,INE1B3O01011,SUNSHINE,B,,,,,Sunshine Pictures Limited,445.85,476.25,439.90,442.00,442.00,438.45,,441.47,,,141067,64981430.00,3139,F1,1,,,,,
2026-09-04,2026-09-04,CM,BSE,STK,544882,INE1WFC01025,SHANKESH,B,,,,,Shankesh Jewellers Limited,96.22,103.40,96.22,99.00,99.00,97.65,,98.92,,,887631,89437516.00,5390,F1,1,,,,,
2026-09-04,2026-09-04,CM,BSE,STK,544883,INE2F5H01015,MOPSHOP,MT,,,,,MOPSHOP DISTRIBUTION LIMITED,91.05,91.05,91.05,91.05,91.05,95.80,,91.05,,,1000,91050.00,1,F1,1000,,,,,
2026-09-04,2026-09-04,CM,BSE,STK,544884,INE0VWO01011,DHANWEL,MT,,,,,Dhanwel Hybrid Seeds Limited,76.62,76.62,76.62,76.62,76.62,80.65,,76.62,,,2400,183888.00,2,F1,1200,,,,,
2026-09-04,2026-09-04,CM,BSE,STK,544885,INE18UN01038,GAJA,B,,,,,Gaja Alternative Asset Managem,158.95,162.00,157.60,160.90,160.90,157.50,,161.09,,,105851,16926011.00,1185,F1,1,,,,,
2026-09-04,2026-09-04,CM,BSE,STK,544886,INE1KZI01025,TEMPSENS,B,,,,,TEMPSENS INSTRUMENTS (INDIA) L,575.05,575.05,548.00,554.35,554.35,568.05,,554.78,,,142093,79708425.00,3810,F1,1,,,,,
2026-09-04,2026-09-04,CM,BSE,STK,544888,INE16W401027,AUGMONT,B,,,,,Augmont Enterprises Limited,928.55,940.00,895.15,904.80,904.80,919.45,,901.71,,,54083,49673290.00,2748,F1,1,,,,,
2026-09-04,2026-09-04,CM,BSE,STK,544889,INE899I01028,SYMBIOTEC,B,,,,,SYMBIOTEC PHARMALAB LIMITED,1087.00,1100.00,1055.50,1078.95,1071.75,1076.80,,1078.29,,,109415,117327615.00,5747,F1,1,,,,,
2026-09-04,2026-09-04,CM,BSE,STK,544890,INE0PX301025,SKYWAYS,B,,,,,SKYWAYS AIR SERVICES LIMITED,131.30,133.60,120.20,122.70,122.70,130.10,,122.72,,,832371,107568792.00,7308,F1,1,,,,,
2026-09-04,2026-09-04,CM,BSE,STK,544891,INE0LEG01024,HTEL,T,,,,,Hy-Tech Engineers Limited,71.25,76.00,71.25,73.56,73.56,75.00,,73.63,,,506598,36940219.00,2964,F1,1,,,,,
2026-09-04,2026-09-04,CM,BSE,STK,544892,INF846KA1598,ENERGYAXIS,B,,,,,Axis Mutual Fund,19.23,19.23,19.23,19.23,19.23,19.17,,19.15,,,210,4038.00,1,F1,1,,,,,
2026-09-04,2026-09-04,CM,BSE,STK,544893,INE103001017,ANNU,T,,,,,Annu Projects Limited,70.31,70.31,70.31,70.31,70.31,74.01,,68.32,,,9745,685170.00,212,F1,1,,,,,
2026-09-04,2026-09-04,CM,BSE,STK,544894,INE185Q01025,LUMINO,B,,,,,LUMINO INDUSTRIES LIMITED,112.05,122.00,111.66,114.53,114.53,110.39,,114.50,,,10604323,1236131988.00,552259,F1,1,,,,,
2026-09-04,2026-09-04,CM,BSE,STK,544895,INE1SFA01019,KWICK,MT,,,,,KWICK FORENSIC SOLUTIONS LIMIT,154.00,165.37,152.10,165.32,165.37,157.50,,165.32,,,1139200,183497728.00,594,F1,1600,,,,,
2026-09-04,2026-09-04,CM,BSE,STK,544897,INE0LHB01010,PALUCK,MT,,,,,Paluck Technologies Limited,46.80,49.14,44.46,49.14,49.14,0.00,,49.14,,,3117000,146251890.00,662,F1,3000,,,,,
2026-09-04,2026-09-04,CM,BSE,STK,544898,INE0DRI01029,ESDS,B,,,,,ESDS Software Solution Limited,746.30,895.55,746.30,895.55,895.55,0.00,,907.65,,,1808307,1497186491.00,26498,F1,1,,,,,
2026-09-04,2026-09-04,CM,BSE,STK,544899,INE15EH01014,PRIORITY,T,,,,,Priority Jewels Limited,225.20,236.45,225.20,236.45,236.45,0.00,,241.38,,,226423,52423015.00,3240,F1,1,,,,,
2026-09-04,2026-09-04,CM,BSE,STK,544900,INE2K6801014,CSML,MT,,,,,COMPLETE SPORTS AND MANAGEMENT,139.00,145.95,135.00,145.95,145.95,0.00,,145.95,,,2797000,393250350.00,1212,F1,1000,,,,,
2026-09-04,2026-09-04,CM,BSE,STK,555555,INF346A01034,SENSEXIETF,B,,,,,ICICI Prudential BSE Sensex ET,889.28,889.28,882.01,887.56,887.99,889.28,,884.26,,,197,173989.00,29,F1,1,,,,,
2026-09-04,2026-09-04,CM,BSE,STK,570002,IN9623B01058,FELDVR,Z,,,,,Future Enterprises Limited,2.20,2.20,2.09,2.09,2.09,2.20,,2.17,,,1023,2139.00,6,F1,1,,,,,
2026-09-04,2026-09-04,CM,BSE,STK,570004,IN9175A01010,JISLDVREQS,B,,,,,JAIN IRRIGATION SYSTEMS LTD.,21.06,22.80,20.67,21.70,21.70,21.06,,21.92,,,58731,1250998.00,111,F1,1,,,,,
2026-09-04,2026-09-04,CM,BSE,STK,570005,INE224E01036,GATECHDVR,T,,,,,GACM Technologies Limited - DV,0.49,0.53,0.49,0.50,0.50,0.51,,0.49,,,149267,74584.00,105,F1,1,,,,,
2026-09-04,2026-09-04,CM,BSE,STK,590003,INE036D01028,KARURVYSYA,B,,,,,KARUR VYSYA BANK LTD.,354.85,354.85,347.55,349.00,349.00,350.05,,348.85,,,91101,31980514.00,2675,F1,1,,,,,
2026-09-04,2026-09-04,CM,BSE,STK,590005,INE484C01030,VEEDOL,B,,,,,VEEDOL CORPORATION LIMITED,1463.05,1489.55,1463.05,1474.90,1472.40,1461.80,,1476.73,,,480,707027.00,74,F1,1,,,,,
2026-09-04,2026-09-04,CM,BSE,STK,590006,INE098F01031,AMRUTANJAN,B,,,,,AMRUTANJAN HEALTH CARE LTD.,504.40,514.55,501.55,506.25,502.00,507.20,,505.47,,,1739,878828.00,87,F1,1,,,,,
2026-09-04,2026-09-04,CM,BSE,STK,590013,INE445C01015,XPROINDIA,B,,,,,XPRO INDIA LTD.,1309.90,1335.95,1274.65,1324.35,1318.60,1278.95,,1325.08,,,7319,9588032.00,551,F1,1,,,,,
2026-09-04,2026-09-04,CM,BSE,STK,590018,INE598C01011,HISARMETAL,B,,,,,HISAR METAL INDUSTRIES LTD.,165.00,165.00,161.00,161.15,165.00,164.90,,161.76,,,119,19231.00,21,F1,1,,,,,
2026-09-04,2026-09-04,CM,BSE,STK,590021,INE838B01021,BHARATRAS,B,,,,,BHARAT RASAYAN LTD.,1185.05,1208.05,1170.00,1172.10,1186.00,1185.00,,1171.84,,,4574,5400582.00,683,F1,1,,,,,
2026-09-04,2026-09-04,CM,BSE,STK,590022,INE962C01035,EASTSILK,T,,,,,EASTERN SILK INDUSTRIES LTD.,63.10,64.90,61.56,62.00,62.00,61.86,,61.00,,,53,3268.00,5,F1,1,,,,,
2026-09-04,2026-09-04,CM,BSE,STK,590024,INE188A01015,FACT,B,,,,,FERTILIZERS & CHEMICALS TRAVAN,800.05,811.95,800.05,801.90,802.35,800.05,,801.42,,,7471,6015202.00,414,F1,1,,,,,
2026-09-04,2026-09-04,CM,BSE,STK,590025,INE424C01010,GINNIFILA,T,,,,,GINNI FILAMENTS LTD.,43.00,43.00,42.02,42.61,42.89,43.95,,42.60,,,7473,317717.00,28,F1,1,,,,,
2026-09-04,2026-09-04,CM,BSE,STK,590030,INE147A01011,SPIC,B,,,,,SOUTHERN PETROCHEMICALS LTD.,71.93,72.95,71.06,71.29,71.29,71.05,,71.28,,,128574,9236854.00,465,F1,1,,,,,
2026-09-04,2026-09-04,CM,BSE,STK,590031,INE244A01016,DENORA,B,,,,,DE NORA INDIA LTD.,834.65,834.65,809.70,810.30,810.30,834.65,,812.29,,,180,147176.00,44,F1,1,,,,,
2026-09-04,2026-09-04,CM,BSE,STK,590041,INE641C01019,KAVDEFENCE,B,,,,,Kavveri Defence &amp; Wireless,56.89,67.40,56.74,67.38,67.38,56.17,,67.18,,,340577,22579015.00,2222,F1,1,,,,,
2026-09-04,2026-09-04,CM,BSE,STK,590051,INE667G01023,SAKSOFT,B,,,,,SAKSOFT LTD.,155.00,155.80,153.10,153.90,154.85,153.60,,154.56,,,15042,2318005.00,268,F1,1,,,,,
2026-09-04,2026-09-04,CM,BSE,STK,590056,INE498E01010,SALONA,B,,,,,SALONA COTSPIN LTD.,277.95,277.95,267.95,267.95,267.95,266.60,,268.62,,,10,2689.00,4,F1,1,,,,,
2026-09-04,2026-09-04,CM,BSE,STK,590057,INE217G01035,EQUIPPP,T,,,,,EQUIPPP SOCIAL IMPACT TECHNOLO,23.00,23.00,22.79,22.89,22.79,23.09,,22.77,,,162,3708.00,6,F1,1,,,,,
2026-09-04,2026-09-04,CM,BSE,STK,590062,INE715B01021,ANDHRSUGAR,B,,,,,ANDHRA SUGARS LTD.,102.60,102.70,99.00,99.55,99.89,101.29,,99.51,,,42555,4261386.00,506,F1,1,,,,,
2026-09-04,2026-09-04,CM,BSE,STK,590065,INE547E01014,IMPAL,B,,,,,INDIA MOTOR PARTS & ACCESSORIE,1104.95,1124.00,1084.00,1123.35,1124.00,1115.00,,1114.74,,,129,141628.00,44,F1,1,,,,,
2026-09-04,2026-09-04,CM,BSE,STK,590066,INE805C01028,KCP,B,,,,,K.C.P.LTD.,168.35,170.60,162.20,162.50,163.00,168.70,,162.38,,,7360,1211699.00,239,F1,1,,,,,
2026-09-04,2026-09-04,CM,BSE,STK,590068,INE731C01018,KHAITANLTD,B,,,,,KHAITAN (INDIA) LTD.,162.60,162.60,160.45,162.15,162.30,162.60,,162.05,,,694,112520.00,60,F1,1,,,,,
2026-09-04,2026-09-04,CM,BSE,STK,590070,INE874F01027,RADAAN,B,,,,,RADAAN MEDIAWORKS (I) LTD.,2.83,3.00,2.81,2.86,2.86,3.03,,2.97,,,4555,13047.00,32,F1,1,,,,,
2026-09-04,2026-09-04,CM,BSE,STK,590071,INE660A01013,SUNDARMFIN,B,,,,,SUNDARAM FINANCE LTD.,4564.00,4651.00,4564.00,4646.25,4650.00,4576.45,,4648.67,,,1236,5718149.00,269,F1,1,,,,,
2026-09-04,2026-09-04,CM,BSE,STK,590073,INE715A01015,WHEELS,B,,,,,WHEELS INDIA LTD.,1654.00,1775.00,1644.20,1721.65,1721.65,1657.20,,1724.79,,,25570,43734032.00,1819,F1,1,,,,,
2026-09-04,2026-09-04,CM,BSE,STK,590075,INE112F01022,LAMBODHARA,B,,,,,LAMBODHARA TEXTILES LTD.,138.20,138.50,136.45,137.30,137.30,137.65,,134.67,,,459,63167.00,73,F1,1,,,,,
2026-09-04,2026-09-04,CM,BSE,STK,590078,INE683C01011,MAITHANALL,B,,,,,MAITHAN ALLOYS LTD.,1049.00,1104.40,1038.00,1092.00,1099.80,1038.40,,1090.63,,,14442,15617575.00,983,F1,1,,,,,
2026-09-04,2026-09-04,CM,BSE,STK,590086,INE725E01024,ORISSAMINE,B,,,,,ORISSA MINERALS DEVELOPMENT CO,4312.60,4339.00,4289.95,4315.00,4320.50,4283.10,,4311.79,,,162,698039.00,76,F1,1,,,,,
2026-09-04,2026-09-04,CM,BSE,STK,590095,INF204KB17I5,GOLDBEES,E,,,,,NIPPON INDIA ETF GOLD BEES,127.36,127.71,126.80,127.17,127.17,126.22,,127.17,,,802569,102107112.00,5002,F1,1,,,,,
2026-09-04,2026-09-04,CM,BSE,STK,590096,INF732E01037,LIQUIDBEES,F,,,,,NIPPON INDIA ETF LIQUID BEES,1000.00,1000.01,999.99,1000.01,1000.01,999.99,,1000.00,,,102858,102858119.00,274,F1,1,,,,,
2026-09-04,2026-09-04,CM,BSE,STK,590097,INF174KA1HJ8,GOLD1,E,,,,,KOTAK MAHINDRA MUTUAL FUND - K,128.91,128.91,128.07,128.52,128.53,127.41,,128.47,,,19262,2474153.00,622,F1,1,,,,,
2026-09-04,2026-09-04,CM,BSE,STK,590098,INF200KA16D8,SETFGOLD,E,,,,,SBI MUTUAL FUND - SBI GOLD EXC,130.64,132.44,130.64,131.14,131.30,130.15,,131.22,,,151396,19853454.00,1146,F1,1,,,,,
2026-09-04,2026-09-04,CM,BSE,STK,590099,INF082J01408,QGOLDHALF,E,,,,,Quantum Gold ETF,127.98,127.98,127.10,127.78,127.70,126.56,,127.62,,,5442,694406.00,199,F1,1,,,,,
2026-09-04,2026-09-04,CM,BSE,STK,590101,INF789F1AUX7,GOLDBETA,E,,,,,UTI MUTUAL FUND - UTI GOLD EXC,128.66,130.81,128.66,129.48,129.75,128.45,,129.50,,,21513,2783378.00,692,F1,1,,,,,
2026-09-04,2026-09-04,CM,BSE,STK,590103,INF204KB14I2,NIFTYBEES,B,,,,,NIPPON INDIA ETF NIFTY BEES,273.59,273.79,272.48,273.31,273.31,272.50,,273.27,,,127211,34767198.00,1890,F1,1,,,,,
2026-09-04,2026-09-04,CM,BSE,STK,590104,INF732E01045,JUNIORBEES,B,,,,,NIPPON INDIA ETF JUNIOR BEES,791.59,793.57,789.16,791.04,790.86,788.96,,791.07,,,20600,16310813.00,656,F1,1,,,,,
2026-09-04,2026-09-04,CM,BSE,STK,590106,INF204KB15I9,BANKBEES,B,,,,,NIPPON INDIA ETF BANK BEES,595.91,598.01,594.35,596.22,595.55,595.47,,596.20,,,69197,41347945.00,1471,F1,1,,,,,
2026-09-04,2026-09-04,CM,BSE,STK,590107,INF174KA1A86,PSUBANK,B,,,,,KOTAK MAHINDRA MUTUAL FUND - K,85.36,86.00,85.35,85.57,85.40,85.39,,85.53,,,8494,728170.00,377,F1,1,,,,,
2026-09-04,2026-09-04,CM,BSE,STK,590108,INF204KB16I7,PSUBNKBEES,B,,,,,NIPPON INDIA ETF PSU BANK BEES,95.46,96.19,95.35,95.51,95.49,95.49,,95.45,,,10092,966486.00,235,F1,1,,,,,
2026-09-04,2026-09-04,CM,BSE,STK,590109,INF732E01128,SHARIABEES,B,,,,,NIPPON INDIA ETF SHARIAH BEES,455.41,459.73,452.75,454.43,454.43,453.36,,452.84,,,684,311366.00,47,F1,1,,,,,
2026-09-04,2026-09-04,CM,BSE,STK,590110,INF082J01499,QNIFTY,B,,,,,Quantum Nifty 50 ETF,269.00,269.00,262.80,264.00,264.00,263.80,,264.15,,,520,137210.00,30,F1,1,,,,,
2026-09-04,2026-09-04,CM,BSE,STK,590113,INF204KB19I1,HNGSNGBEES,B,,,,,NIPPON INDIA ETF HANG SENG BEE,469.55,474.00,466.20,471.27,470.95,468.71,,471.10,,,13372,6288085.00,576,F1,1,,,,,
2026-09-04,2026-09-04,CM,BSE,STK,590134,INE414A01015,MADRASFERT,B,,,,,Madras Fertilizer Limited,65.43,65.72,64.98,65.10,65.50,65.43,,65.12,,,2400,156305.00,50,F1,1,,,,,
2026-09-04,2026-09-04,CM,BSE,STK,590136,INF174KA1ZB7,BANKNIFTY1,B,,,,,Kotak Mahindra Mutual Fund - P,59.76,59.96,59.53,59.86,59.86,59.72,,59.71,,,477,28498.00,95,F1,1,,,,,
2026-09-04,2026-09-04,CM,BSE,STK,590137,INF200KA1580,SETFNIFBK,B,,,,,SBI Mutual Fund-Permitted,591.00,594.03,589.00,590.63,592.97,592.56,,590.85,,,1571,929479.00,169,F1,1,,,,,
2026-09-04,2026-09-04,CM,BSE,STK,590138,INF200KA1FS1,SETFNIF50,B,,,,,SBI Mutual Fund-Permitted,257.49,258.78,257.44,258.41,258.58,257.48,,258.10,,,26242,6773228.00,453,F1,1,,,,,
2026-09-04,2026-09-04,CM,BSE,STK,590139,INF174KA1LV5,LIQUID1,F,,,,,Kotak Mahindra Mutual Fund - P,1121.45,1121.45,1121.43,1121.44,1121.44,1121.03,,1121.43,,,382,428392.00,4,F1,1,,,,,
2026-09-04,2026-09-04,CM,BSE,STK,590140,INF277KA1976,TATAGOLD,E,,,,,Tata Mutual Fund - Permitted,14.98,15.00,14.87,14.94,14.94,14.83,,14.94,,,3304537,49390132.00,5468,F1,1,,,,,
2026-09-04,2026-09-04,CM,BSE,STK,590141,INF204KB15V2,ITBEES,B,,,,,Nippon India Mutual Fund - Per,34.67,34.76,34.00,34.10,34.10,34.29,,34.09,,,557522,19069782.00,1415,F1,1,,,,,
2026-09-04,2026-09-04,CM,BSE,STK,590142,INF204KC1089,PHARMABEES,B,,,,,Nippon India Mutual Fund - Per,27.89,27.89,27.00,27.36,27.36,27.40,,27.32,,,231317,6322395.00,2292,F1,1,,,,,
2026-09-04,2026-09-04,CM,BSE,STK,590143,INF204KB1882,LTGILTBEES,F,,,,,Nippon India Mutual Fund - Per,29.85,29.95,29.83,29.84,29.84,29.82,,29.84,,,14597,435905.00,37,F1,1,,,,,
2026-09-04,2026-09-04,CM,BSE,STK,590144,INF204KB1V68,MID150BEES,B,,,,,Nippon India Mutual Fund - Per,240.34,241.19,238.57,239.73,239.80,240.35,,240.15,,,19307,4640925.00,653,F1,1,,,,,
2026-09-04,2026-09-04,CM,BSE,STK,590145,INF204KC1402,SILVERBEES,E,,,,,Nippon India Mutual Fund - Per,223.63,223.68,221.30,222.82,222.71,219.87,,222.78,,,370837,82543635.00,2945,F1,1,,,,,
2026-09-04,2026-09-04,CM,BSE,STK,590146,INF247L01FY4,MOGOLD,E,,,,,Motilal Oswal Mutual Fund-Perm,151.35,152.96,151.35,152.96,152.96,150.40,,151.76,,,370,56376.00,68,F1,1,,,,,
2026-09-04,2026-09-04,CM,BSE,STK,590147,INF247L01FZ1,MOSILVER,E,,,,,Motilal Oswal Mutual Fund-Perm,230.00,230.43,229.34,230.36,230.36,228.20,,230.02,,,1766,406309.00,52,F1,1,,,,,
2026-09-04,2026-09-04,CM,BSE,STK,590148,INF247L01CH6,MOSMALL250,B,,,,,Motilal Oswal Mutual Fund-Perm,18.66,18.66,18.55,18.56,18.55,18.51,,18.52,,,121418,2254048.00,121,F1,1,,,,,
2026-09-04,2026-09-04,CM,BSE,STK,590149,INF247L01EV3,MOCAPITAL,B,,,,,Motilal Oswal Mutual Fund-Perm,54.04,54.87,54.04,54.68,54.68,53.76,,54.50,,,32266,1760234.00,191,F1,1,,,,,
2026-09-04,2026-09-04,CM,BSE,STK,590150,INF247L01CI4,MOREALTY,B,,,,,Motilal Oswal Mutual Fund-Perm,92.25,92.50,90.55,91.03,90.62,91.69,,90.84,,,22869,2097299.00,62,F1,1,,,,,
2026-09-04,2026-09-04,CM,BSE,STK,590151,INF247L01DK8,MOMENTUM50,B,,,,,Motilal Oswal Mutual Fund-Perm,54.27,54.57,54.00,54.25,54.41,54.29,,54.38,,,6951,377347.00,132,F1,1,,,,,
2026-09-04,2026-09-04,CM,BSE,STK,590152,INF247L01DJ0,MODEFENCE,B,,,,,Motilal Oswal Mutual Fund-Perm,106.55,107.97,106.51,106.92,106.92,106.10,,107.13,,,101693,10933486.00,639,F1,1,,,,,
2026-09-04,2026-09-04,CM,BSE,STK,590153,INF247L01BU1,MONIFTY500,B,,,,,Motilal Oswal Mutual Fund-Perm,23.86,23.95,23.81,23.95,23.95,23.80,,23.91,,,15733,375893.00,56,F1,1,,,,,
2026-09-04,2026-09-04,CM,BSE,STK,590154,INF174KA1IA5,ALPHA,B,,,,,Kotak Mahindra Mutual Fund - P,54.52,54.52,54.10,54.18,54.23,54.27,,54.16,,,20333,1103147.00,132,F1,1,,,,,
2026-09-04,2026-09-04,CM,BSE,STK,590155,INF666M01OF4,GROWWSLVR,E,,,,,GROWW MUTUAL FUND  PERMITTED,22.05,22.91,22.05,22.82,22.81,22.56,,22.83,,,12865,293068.00,59,F1,1,,,,,
2026-09-04,2026-09-04,CM,BSE,STK,590156,INF666M01OE7,GROWWGOLD,E,,,,,GROWW MUTUAL FUND  PERMITTED,14.97,15.13,14.95,15.03,15.00,14.91,,15.03,,,23017,345828.00,328,F1,1,,,,,
2026-09-04,2026-09-04,CM,BSE,STK,590157,INF666M01IO8,GROWWDEFNC,B,,,,,GROWW MUTUAL FUND  PERMITTED,96.16,97.93,95.91,97.25,97.62,96.76,,97.42,,,7330,713965.00,188,F1,1,,,,,
2026-09-04,2026-09-04,CM,BSE,STK,590158,INF666M01JJ6,GROWWRAIL,B,,,,,GROWW MUTUAL FUND  PERMITTED,28.30,28.30,28.00,28.11,28.10,28.06,,28.08,,,16223,456014.00,149,F1,1,,,,,
2026-09-04,2026-09-04,CM,BSE,STK,590159,INF666M01IP5,GROWWLIQID,F,,,,,GROWW MUTUAL FUND  PERMITTED,110.64,110.65,110.64,110.65,110.65,110.61,,110.64,,,15208,1682615.00,15,F1,1,,,,,
2026-09-04,2026-09-04,CM,BSE,STK,590160,INF277K015R5,NETF,B,,,,,Tata Mutual Fund - Permitted,260.01,264.00,258.00,261.48,258.00,261.54,,261.41,,,738,192561.00,52,F1,1,,,,,
2026-09-04,2026-09-04,CM,BSE,STK,590161,INF277KA1984,TATSILV,E,,,,,Tata Mutual Fund - Permitted,22.88,22.88,22.00,22.63,22.63,22.33,,22.62,,,605419,13684617.00,1827,F1,1,,,,,
2026-09-04,2026-09-04,CM,BSE,STK,751131,INE0M8920010,CONTAIN-RE,R,,,,,CONTAINE TECHNOLOGIES LIMITED,0.56,0.56,0.56,0.56,0.56,0.70,,0.56,,,23000,12880.00,12,F1,1000,,,,,
2026-09-04,2026-09-04,CM,BSE,STK,751132,INE0MV020018,MANOJ-RE,R,,,,,Manoj Jewellers Limited,3.80,3.99,3.80,3.99,3.99,3.33,,3.99,,,30000,119320.00,11,F1,2000,,,,,
2026-09-04,2026-09-04,CM,BSE,STK,751133,INE273F20030,ALAN-RE2,R,,,,,ALAN SCOTT ENTERPRISES LIMITED,165.00,165.00,145.70,152.55,145.70,157.65,,152.55,,,2444,381516.00,79,F1,1,,,,,
2026-09-04,2026-09-04,CM,BSE,STK,751134,INE641R20025,QUINT-RE1,R,,,,,Quint Digital Limited,0.33,0.65,0.33,0.50,0.55,0.54,,0.50,,,63811,21494.00,81,F1,1,,,,,
2026-09-04,2026-09-04,CM,BSE,STK,751136,INE404L20013,ESARIND-RE,R,,,,,Esaar (India) Ltd.,0.38,0.38,0.38,0.38,0.38,0.62,,0.38,,,4723810,1795047.00,137,F1,1,,,,,
2026-09-04,2026-09-04,CM,BSE,STK,751137,INE741L20034,DUCON-RE1,R,,,,,Ducon Infratechnologies Limite,0.38,0.57,0.38,0.38,0.39,0.63,,0.39,,,1593050,608290.00,630,F1,1,,,,,
2026-09-04,2026-09-04,CM,BSE,STK,751138,INE048C20025,VHLTD-RE1,R,,,,,Viceroy Hotels Ltd.,1.26,1.76,1.26,1.76,1.56,1.26,,1.76,,,2907621,5108199.00,200,F1,1,,,,,
2026-09-04,2026-09-04,CM,BSE,STK,751139,INE132F20020,NCL-RE,R,,,,,NCL Research And Financial Ser,0.36,0.36,0.36,0.36,0.36,0.60,,0.36,,,1792205,645193.00,725,F1,1,,,,,
2026-09-04,2026-09-04,CM,BSE,STK,800177,IN0020130053,92GS2030,G,,,,,920GOI2030,116.65,116.65,115.00,115.70,115.70,116.65,,115.70,,,28602,3301149.00,18,F1,1,,,,,
2026-09-04,2026-09-04,CM,BSE,STK,800288,IN0020180249,SGBOCT26,G,,,,,SOVEREIGN GOLD BOND 2019 SERIE,15250.00,15300.00,15250.00,15259.11,15268.00,14825.00,,15259.11,,,26,396982.00,6,F1,1,,,,,
2026-09-04,2026-09-04,CM,BSE,STK,800290,IN0020180389,SGBDEC26,G,,,,,SOVEREIGN GOLD BOND 2019 SERIE,15177.00,15304.99,15177.00,15304.99,15304.99,15050.00,,15240.00,,,3,45786.00,2,F1,1,,,,,
2026-09-04,2026-09-04,CM,BSE,STK,800291,IN0020180462,SGBJAN27,G,,,,,SOVEREIGN GOLD BOND 2019 SERIE,15131.50,15279.00,15131.50,15195.95,15195.95,15131.50,,15221.98,,,6,91423.00,4,F1,1,,,,,
2026-09-04,2026-09-04,CM,BSE,STK,800297,IN0020190107,SGBAUG27,G,,,,,SOVEREIGN GOLD BOND 2019-20 SE,15210.00,15260.00,15180.46,15192.66,15180.46,15071.68,,15225.09,,,18,273886.00,9,F1,1,,,,,
2026-09-04,2026-09-04,CM,BSE,STK,800312,IN0020190461,SGBDC27VII,G,,,,,Sovereign Gold Bonds 2019-20 S,15200.00,15221.00,15200.00,15221.00,15221.00,15170.00,,15225.00,,,8,121680.00,4,F1,1,,,,,
2026-09-04,2026-09-04,CM,BSE,STK,800314,IN0020190545,SGBFEB28IX,G,,,,,Sovereign Gold Bonds 2019-20 S,15250.00,15250.00,15250.00,15250.00,15250.00,15565.00,,15250.00,,,4,61000.00,3,F1,1,,,,,
2026-09-04,2026-09-04,CM,BSE,STK,800316,IN0020200039,719GS2060,G,,,,,719GOI2060,101.50,101.50,101.50,101.50,101.50,101.50,,100.55,,,100,10150.00,1,F1,1,,,,,
2026-09-04,2026-09-04,CM,BSE,STK,800318,IN0020200062,SGBAPR28I,G,,,,,Sovereign Gold Bonds 2020-21 S,15276.00,15310.10,15276.00,15310.10,15310.10,15234.71,,15321.68,,,2,30586.00,2,F1,1,,,,,
2026-09-04,2026-09-04,CM,BSE,STK,800320,IN0020200088,SGBMAY28,G,,,,,Sovereign Gold Bonds 2020-21 S,15267.00,15267.00,15267.00,15267.00,15267.00,15150.01,,15264.38,,,5,76335.00,1,F1,1,,,,,
2026-09-04,2026-09-04,CM,BSE,STK,800322,IN0020200104,SGBJUN28,G,,,,,Sovereign Gold Bonds 2020-21 S,15298.85,15298.85,15298.85,15298.85,15298.85,14840.00,,15240.98,,,2,30597.00,2,F1,1,,,,,
2026-09-04,2026-09-04,CM,BSE,STK,800324,IN0020200146,SGBJUL28IV,G,,,,,Sovereign Gold Bond 2020-21 IV,15254.00,15265.00,15254.00,15265.00,15265.00,15108.25,,15249.78,,,2,30519.00,2,F1,1,,,,,
2026-09-04,2026-09-04,CM,BSE,STK,800325,IN0020200161,SGBAUG28V,G,,,,,Sovereign Gold Bonds 2020-21 V,15201.00,15267.00,15201.00,15250.36,15250.00,15139.00,,15230.89,,,64,975516.00,23,F1,1,,,,,
2026-09-04,2026-09-04,CM,BSE,STK,800327,IN0020200195,SGBSEP28VI,G,,,,,Sovereign Gold Bonds 2020-21 S,15208.00,15307.90,15060.00,15307.90,15307.90,15171.00,,15303.95,,,59,898365.00,15,F1,1,,,,,
2026-09-04,2026-09-04,CM,BSE,STK,800328,IN0020200203,SGBOC28VII,G,,,,,Sovereign Gold Bonds 2020-21 S,15243.55,15349.00,15243.55,15348.88,15349.00,15210.00,,15332.95,,,6,91911.00,4,F1,1,,,,,
2026-09-04,2026-09-04,CM,BSE,STK,800331,IN0020200377,SGBJAN29IX,G,,,,,SGB 2020-21 Series IX,15170.00,15250.00,15141.00,15222.00,15222.00,15170.00,,15224.06,,,44,669427.00,17,F1,1,,,,,
2026-09-04,2026-09-04,CM,BSE,STK,800333,IN0020200393,SGBFEB29XI,G,,,,,SGB 2020-21 SERIES XI,15165.00,15263.99,15152.00,15215.00,15215.00,15165.00,,15227.03,,,78,1187342.00,25,F1,1,,,,,
2026-09-04,2026-09-04,CM,BSE,STK,800334,IN0020200401,676GS2061,G,,,,,676GOI2061,90.70,90.70,90.26,90.50,90.50,90.30,,90.54,,,16586,1502256.00,16,F1,1,,,,,
2026-09-04,2026-09-04,CM,BSE,STK,800339,IN0020200427,SGBMR29XII,G,,,,,SGB 2020-21 Series XII,15275.00,15329.98,15199.29,15222.00,15222.00,15182.31,,15244.60,,,142,2166439.00,59,F1,1,,,,,
2026-09-04,2026-09-04,CM,BSE,STK,800340,IN0020210053,SGBMAY29I,G,,,,,SGB 2021-22 Series I,15206.71,15295.94,15206.71,15279.60,15295.94,15150.00,,15293.80,,,14,213624.00,9,F1,1,,,,,
2026-09-04,2026-09-04,CM,BSE,STK,800341,IN0020210061,SGBJUN29II,G,,,,,SGB 2021-22 Series II,15269.95,15269.95,15269.95,15269.95,15269.95,15163.94,,15256.97,,,4,61079.00,2,F1,1,,,,,
2026-09-04,2026-09-04,CM,BSE,STK,800367,IN0020210111,SGBJUL29IV,G,,,,,Sovereign Gold Bond Series IV,15211.68,15211.68,15211.68,15211.68,15211.68,15113.04,,15264.25,,,2,30423.00,1,F1,1,,,,,
2026-09-04,2026-09-04,CM,BSE,STK,800385,IN0020210129,SGBAUG29V,G,,,,,Sovereign Gold Bonds 2021-22 S,15251.03,15350.00,15230.00,15279.76,15255.82,15370.00,,15300.78,,,38,579601.00,16,F1,1,,,,,
2026-09-04,2026-09-04,CM,BSE,STK,800386,IN0020210145,SGBSEP29VI,G,,,,,Sovereign Gold Bonds 2021-22 S,15283.43,15299.00,15250.00,15255.75,15278.75,15200.00,,15249.35,,,21,320799.00,13,F1,1,,,,,
2026-09-04,2026-09-04,CM,BSE,STK,800437,IN0020210228,SGBD29VIII,G,,,,,Sovereign Gold Bonds 2021-22 S,15215.07,15290.00,15215.07,15264.00,15238.00,15230.13,,15337.64,,,4,60958.00,3,F1,1,,,,,
2026-09-04,2026-09-04,CM,BSE,STK,800438,IN0020210236,SGBJAN30IX,G,,,,,Soveriegn Gold Bonds 2021-22 S,15264.24,15264.24,15227.79,15244.24,15227.79,15148.00,,15242.36,,,6,91465.00,3,F1,1,,,,,
2026-09-04,2026-09-04,CM,BSE,STK,800441,IN0020220029,754GS2036,G,,,,,754GOI2036,106.05,106.20,106.05,106.15,106.20,106.15,,106.18,,,78130,8292012.00,32,F1,1,,,,,
2026-09-04,2026-09-04,CM,BSE,STK,800443,IN0020220045,SGBJUN30,G,,,,,Sovereign Gold Bonds 2022-23 S,15397.62,15397.62,15397.62,15397.62,15397.62,15321.01,,15442.58,,,2,30795.00,2,F1,1,,,,,
2026-09-04,2026-09-04,CM,BSE,STK,800444,IN0020220011,710GS2029,G,,,,,71GOI2029,103.20,103.20,103.20,103.20,103.20,104.00,,103.60,,,1,103.00,1,F1,1,,,,,
2026-09-04,2026-09-04,CM,BSE,STK,800488,IN0020220078,SGBAUG30,G,,,,,Sovereign Gold Bonds 2022-23 S,15555.00,15669.89,15352.02,15440.00,15440.00,15351.00,,15470.42,,,164,2540737.00,30,F1,1,,,,,
2026-09-04,2026-09-04,CM,BSE,STK,800517,IN000958C024,GS19SEP2058,G,,,,,GS19SEP2058,22.00,22.00,22.00,22.00,22.00,20.00,,22.00,,,5,110.00,1,F1,1,,,,,
2026-09-04,2026-09-04,CM,BSE,STK,800573,IN0020220110,SGBDE30III,G,,,,,Soverign Gold Bond 2022-23 Sr,15410.00,15410.00,15410.00,15410.00,15410.00,15317.44,,15413.38,,,1,15410.00,1,F1,1,,,,,
2026-09-04,2026-09-04,CM,BSE,STK,800575,IN0020220169,SGBMAR31IV,G,,,,,Sovereign Gold Bond 2022-23 Sr,15501.01,15579.99,15501.01,15516.01,15516.01,15387.13,,15520.07,,,3,46597.00,3,F1,1,,,,,
2026-09-04,2026-09-04,CM,BSE,STK,800580,IN0020230069,SGBJUN31I,G,,,,,Sovereign Gold Bonds 2023-24 S,15416.57,15524.00,15416.56,15498.68,15451.20,15393.28,,15500.58,,,118,1826412.00,34,F1,1,,,,,
2026-09-04,2026-09-04,CM,BSE,STK,800588,IN0020230044,725GS2063,G,,,,,725GOI2063,97.00,97.19,96.65,97.14,97.14,97.05,,96.98,,,28623,2769782.00,27,F1,1,,,,,
2026-09-04,2026-09-04,CM,BSE,STK,800596,IN0020230093,SGBSEP31II,G,,,,,Sovereign Gold Bonds 2023-24 S,15525.02,15624.86,15525.02,15620.00,15620.00,15504.02,,15620.75,,,22,342900.00,10,F1,1,,,,,
2026-09-04,2026-09-04,CM,BSE,STK,800598,IN0020230077,718GS2037,G,,,,,718GS2037,102.30,102.50,101.85,102.50,102.50,102.30,,102.65,,,68169,6951895.00,19,F1,1,,,,,
2026-09-04,2026-09-04,CM,BSE,STK,800603,IN0020230168,SGBDE31III,G,,,,,Sovereign Gold Bonds 2023-24 S,15563.57,15696.00,15563.57,15604.06,15585.00,15543.17,,15619.78,,,393,6142231.00,115,F1,1,,,,,
2026-09-04,2026-09-04,CM,BSE,STK,800605,IN0020230184,SGBFEB32IV,G,,,,,Sovereign Gold Bonds 2023-24 S,15763.57,15975.00,15686.02,15742.46,15686.02,15736.36,,15778.36,,,90,1419298.00,51,F1,1,,,,,
2026-09-04,2026-09-04,CM,BSE,STK,800607,IN0020240035,734GS2064,G,,,,,734GOI2064,99.00,99.00,98.98,98.98,98.98,98.73,,98.85,,,3025,299474.00,2,F1,1,,,,,
2026-09-04,2026-09-04,CM,BSE,STK,800618,IN0020240118,709GOI54,G,,,,,709GOI54,94.05,96.49,94.05,96.00,96.00,96.89,,95.99,,,2105,199984.00,9,F1,1,,,,,
2026-09-04,2026-09-04,CM,BSE,STK,800807,IN0020240142,709GOI74,G,,,,,709GOI74,95.75,95.75,95.60,95.70,95.70,95.50,,95.61,,,4064,388839.00,8,F1,1,,,,,
2026-09-04,2026-09-04,CM,BSE,STK,800809,IN0020250075,724GOI55,G,,,,,724GOI55,97.30,97.40,96.48,96.87,96.87,97.30,,96.83,,,33622,3244850.00,21,F1,1,,,,,
2026-09-04,2026-09-04,CM,BSE,STK,805238,IN002026X149,91TB081026,G,,,,,91TB081026,98.90,98.90,98.90,98.90,98.90,98.85,,98.90,,,500,49450.00,1,F1,1,,,,,
2026-09-04,2026-09-04,CM,BSE,STK,805241,IN002026X156,91TB151026,G,,,,,91TB151026,99.30,99.30,99.30,99.30,99.30,99.30,,99.30,,,2015,200089.00,2,F1,1,,,,,
2026-09-04,2026-09-04,CM,BSE,STK,805242,IN002026Y154,182T140127,G,,,,,182T140127,97.22,97.35,97.22,97.35,97.35,96.70,,97.35,,,200,19457.00,2,F1,1,,,,,
2026-09-04,2026-09-04,CM,BSE,STK,805244,IN002026X164,91TB221026,G,,,,,91TB221026,98.62,98.62,98.62,98.62,98.62,0.00,,98.91,,,200,19724.00,1,F1,1,,,,,
2026-09-04,2026-09-04,CM,BSE,STK,805253,IN002026X198,91TB121126,G,,,,,91TB121126,99.00,99.00,98.70,98.70,98.70,98.72,,98.69,,,30,2969.00,2,F1,1,,,,,
2026-09-04,2026-09-04,CM,BSE,STK,805258,IN002026X206,91TB191126,G,,,,,91TB191126,98.30,98.30,98.30,98.30,98.30,98.30,,98.30,,,400,39320.00,1,F1,1,,,,,
2026-09-04,2026-09-04,CM,BSE,STK,810945,IN1520230013,738GJ30,G,,,,,738GUJSDL30,101.14,101.14,101.14,101.14,101.14,96.08,,101.14,,,96,9709.00,1,F1,1,,,,,
2026-09-04,2026-09-04,CM,BSE,STK,811129,IN1020260056,781APSDL56,G,,,,,781APSDL56,92.80,92.81,92.80,92.81,92.81,91.14,,92.81,,,190,17632.00,2,F1,1,,,,,
2026-09-04,2026-09-04,CM,BSE,STK,811150,IN3120260119,77TAMSDL51,G,,,,,77TAMSDL51,99.00,99.00,90.11,90.11,90.11,0.00,,90.11,,,3,288.00,3,F1,1,,,,,
2026-09-04,2026-09-04,CM,BSE,STK,890217,IN9273A01047,APLABPP,X,,,,,Aplab Ltd.,59.85,59.85,57.50,58.00,58.00,59.00,,58.00,,,656,38388.00,10,F1,1,,,,,
2026-09-04,2026-09-04,CM,BSE,STK,890226,IN9170U01035,SURAJINDPP,X,,,,,Suraj Industries Limited.,21.00,21.00,19.95,20.23,21.00,21.00,,20.23,,,39,789.00,3,F1,1,,,,,
2026-09-04,2026-09-04,CM,BSE,STK,890231,IN9161F01019,ANIRITPP,XT,,,,,ANIRIT VENTURES LIMITED,23.00,23.00,23.00,23.00,23.00,21.95,,23.00,,,1,23.00,1,F1,1,,,,,
2026-09-04,2026-09-04,CM,BSE,STK,890234,IN9316D01014,VERTEXPP,XT,,,,,Vertex Securities Ltd.,1.54,1.54,1.48,1.48,1.54,1.55,,1.48,,,700231,1036346.00,48,F1,1,,,,,
2026-09-04,2026-09-04,CM,BSE,STK,890238,IN9736H01014,GSAILPP,X,,,,,G.S. Auto International Ltd.,13.92,13.92,12.50,12.92,12.92,12.90,,12.92,,,16994,226603.00,49,F1,1,,,,,
2026-09-04,2026-09-04,CM,BSE,STK,935584,INE906B07EJ8,76NHAI31,F,,,,,NHAI-7.6%-11-1-31-TAXFREENCD,1110.55,1110.55,1110.50,1110.50,1110.50,1110.50,,1110.10,,,18,19989.00,3,F1,1,,,,,
2026-09-04,2026-09-04,CM,BSE,STK,935690,INE261F07032,764NABAR31,F,,,,,NABARD-7.64%-23-3-31-NCDS,1118.00,1118.00,1111.30,1111.30,1111.30,1114.75,,1114.65,,,10,11119.00,3,F1,1,,,,,
2026-09-04,2026-09-04,CM,BSE,STK,935860,INE148I07GL3,9SCL26BA,F,,,,,SCL-9%-26-9-26-NCDS,1084.36,1084.36,1084.36,1084.36,1084.36,1075.40,,1083.25,,,2414,2617645.00,4,F1,1,,,,,
2026-09-04,2026-09-04,CM,BSE,STK,935868,INE148I08256,915SCL26,F,,,,,SCL-9.15%-26-9-26-NCDS,1080.50,1080.50,1080.50,1080.50,1080.50,1084.00,,1082.25,,,4,4322.00,1,F1,1,,,,,
2026-09-04,2026-09-04,CM,BSE,STK,936130,INE528S07110,888ECL28,F,,,,,ECL-8.88%-22-3-28-NCD,987.11,987.11,987.11,987.11,987.11,987.00,,984.61,,,30,29613.00,1,F1,1,,,,,
2026-09-04,2026-09-04,CM,BSE,STK,936254,INE804I079Y6,985ECL28,F,,,,,EFL-9.85%-6-8-28-NCD,1009.98,1009.98,1009.98,1009.98,1009.98,1002.90,,1003.99,,,10,10099.00,1,F1,1,,,,,
2026-09-04,2026-09-04,CM,BSE,STK,936320,INE538L07528,935AHFL28,F,,,,,AHFL-9.35%-29-9-28-NCD,1039.00,1039.00,1039.00,1039.00,1039.00,1023.00,,1039.00,,,20,20780.00,1,F1,1,,,,,
2026-09-04,2026-09-04,CM,BSE,STK,936322,INE538L07536,975AHFL28,F,,,,,AHFL-9.75%-29-9-28-NCD,1100.00,1100.00,1100.00,1100.00,1100.00,1100.00,,1100.00,,,39,42900.00,2,F1,1,,,,,
2026-09-04,2026-09-04,CM,BSE,STK,936398,INE804IA7014,1015ECL29,F,,,,,EFL-10.15%-4-1-29-NCD,1024.99,1024.99,1013.00,1015.00,1015.00,1019.00,,1017.00,,,1023,1036876.00,12,F1,1,,,,,
2026-09-04,2026-09-04,CM,BSE,STK,936412,INE774D07SW9,93MMFSL27,F,,,,,MMFSL-9.3%-18-1-27-NCD,1044.00,1044.00,1026.50,1041.61,1041.00,1043.91,,1041.61,,,2180,2265845.00,70,F1,1,,,,,
2026-09-04,2026-09-04,CM,BSE,STK,936476,INE866I08279,10IIFL29,F,,,,,IFL-10%-7-2-29-NCD,1029.90,1030.00,1029.90,1030.00,1030.00,1030.00,,1027.00,,,216,222459.00,2,F1,1,,,,,
2026-09-04,2026-09-04,CM,BSE,STK,936724,INE804IA7147,104ECL29A,F,,,,,EFL-10.4%-23-5-29-NCD,1025.00,1025.00,1025.00,1025.00,1025.00,1030.00,,1025.00,,,50,51250.00,1,F1,1,,,,,
2026-09-04,2026-09-04,CM,BSE,STK,936810,INE306N07LM5,865TCAPS27,F,,,,,TCAP-8.65%-26-8-27-NCD,1010.00,1010.00,1010.00,1010.00,1010.00,1010.66,,1009.53,,,1,1010.00,1,F1,1,,,,,
2026-09-04,2026-09-04,CM,BSE,STK,936975,INE804IA7246,995ECL29,F,,,,,ECL-9.95%-28-11-29-NCD,999.01,1001.00,999.00,1001.00,1001.00,1005.00,,1001.00,,,313,312713.00,16,F1,1,,,,,
2026-09-04,2026-09-04,CM,BSE,STK,937053,INE033L07GS6,81TCHF28,F,,,,,TCHF-8.1%-14-1-28-NCD,1014.00,1014.00,1014.00,1014.00,1014.00,1000.00,,1014.20,,,100,101400.00,1,F1,1,,,,,
2026-09-04,2026-09-04,CM,BSE,STK,937347,INE532F07BQ4,995EFSL31,F,,,,,EFSL-9.95%-8-1-31-NCD,1035.30,1045.00,1035.20,1035.29,1035.20,1093.00,,1035.29,,,722,747484.00,10,F1,1,,,,,
2026-09-04,2026-09-04,CM,BSE,STK,937369,INE134E07AL5,682PFCL31,F,,,,,PFCL-6.82%-22-1-31-NCD,977.00,977.00,977.00,977.00,977.00,978.00,,977.00,,,33,32241.00,1,F1,1,,,,,
2026-09-04,2026-09-04,CM,BSE,STK,937377,INE134E07AP6,683PFCL31,F,,,,,PFCL-6.83%-22-1-31-NCD,1009.50,1009.50,1009.50,1009.50,1009.50,1009.50,,1009.50,,,142,143349.00,3,F1,1,,,,,
2026-09-04,2026-09-04,CM,BSE,STK,937381,INE134E07AR2,697PFCL36,F,,,,,PFCL-6.97%-22-1-36-NCD,911.00,989.99,911.00,989.99,989.99,975.00,,989.99,,,8,7524.00,2,F1,1,,,,,
2026-09-04,2026-09-04,CM,BSE,STK,937385,INE134E07AT8,715PFCL36,F,,,,,PFCL-7.15%-22-1-36-NCD,1010.00,1012.00,1010.00,1010.67,1010.00,1011.17,,1010.67,,,1770,1788040.00,17,F1,1,,,,,
2026-09-04,2026-09-04,CM,BSE,STK,937455,INE530B08102,96IIFL28A,F,,,,,IFL-9.6%-24-6-28-NCD,1002.01,1002.01,1002.01,1002.01,1002.01,1000.01,,1003.63,,,100,100201.00,1,F1,1,,,,,
2026-09-04,2026-09-04,CM,BSE,STK,937501,INE532F07CA6,930EFSL31,F,,,,,EFSL-9.30%-29-4-31-NCD,979.80,979.80,979.80,979.80,979.80,970.00,,979.80,,,37,36252.00,3,F1,1,,,,,
2026-09-04,2026-09-04,CM,BSE,STK,937537,INE219X07264,82IGT31,F,,,,,IGT-8.2%-6-5-31-INVIT-NCD,1032.50,1032.50,1032.50,1032.50,1032.50,1032.50,,1032.50,,,10,10325.00,1,F1,1,,,,,
2026-09-04,2026-09-04,CM,BSE,STK,937581,INE516Y07428,9PFL31A,F,,,,,PFL-9%-23-07-31-NCD,1040.00,1040.00,1035.00,1036.50,1035.00,1039.50,,1036.50,,,382,397083.00,12,F1,1,,,,,
2026-09-04,2026-09-04,CM,BSE,STK,937619,INE477L08147,10IIFL28,F,,,,,IHFL-10%-3-11-28-NCD,1010.00,1010.00,1008.99,1008.99,1008.99,1009.00,,1004.50,,,201,202907.00,4,F1,1,,,,,
2026-09-04,2026-09-04,CM,BSE,STK,937621,INE477L08154,96IIFL28,F,,,,,IHFL-9.60%-3-11-28-NCD,1001.00,1002.01,990.00,990.00,990.00,1004.00,,1002.24,,,1518,1515769.00,6,F1,1,,,,,
2026-09-04,2026-09-04,CM,BSE,STK,937707,INE523H07BO4,820JMFPL26,F,,,,,JMFPL-8.20%-7-10-26-NCD,1071.80,1071.80,1071.80,1071.80,1071.80,1063.01,,1071.80,,,20,21436.00,1,F1,1,,,,,
2026-09-04,2026-09-04,CM,BSE,STK,937709,INE523H07BP1,791JMFPL26,F,,,,,JMFPL-7.91%-7-10-26-NCD,999.50,999.50,999.50,999.50,999.50,999.50,,999.50,,,20,19990.00,1,F1,1,,,,,
2026-09-04,2026-09-04,CM,BSE,STK,937721,INE530B07161,842IIFL26,F,,,,,IIFL-8.42%-14-10-26-NCD,998.50,998.50,998.50,998.50,998.50,998.50,,998.00,,,389,388416.00,3,F1,1,,,,,
2026-09-04,2026-09-04,CM,BSE,STK,937743,INE0BUS08013,12IML26,F,,,,,IML-12%-24-11-26-NCD,1040.00,1040.00,1040.00,1040.00,1040.00,1035.00,,1040.00,,,1,1040.00,1,F1,1,,,,,
2026-09-04,2026-09-04,CM,BSE,STK,937763,INE01I507471,11KAFL26,F,,,,,KLMAFL-11%-31-10-26-NCD,996.00,996.00,996.00,996.00,996.00,996.00,,996.00,,,70,69720.00,2,F1,1,,,,,
2026-09-04,2026-09-04,CM,BSE,STK,937799,INE532F07CQ2,915EFSL26A,F,,,,,EFSL-9.15%-28-12-26-NCD,998.00,998.00,998.00,998.00,998.00,998.00,,998.00,,,301,300398.00,4,F1,1,,,,,
2026-09-04,2026-09-04,CM,BSE,STK,937865,INE148I07LE8,889SCFL27,F,,,,,SCL-8.89%-6-1-27-NCD,999.00,999.00,999.00,999.00,999.00,990.00,,995.10,,,15,14985.00,2,F1,1,,,,,
2026-09-04,2026-09-04,CM,BSE,STK,937889,INE549K07BD6,9MFL30,F,,,,,MFL-9%-2-2-30-NCD,995.30,1000.00,995.00,1000.00,1000.00,995.00,,1000.00,,,582,579623.00,8,F1,1,,,,,
2026-09-04,2026-09-04,CM,BSE,STK,937999,INE530L07475,915NIDO27,F,,,,,NIDO-9.15%-29-4-27-NCD,990.00,996.00,990.00,996.00,996.00,1001.00,,996.00,,,292,289690.00,3,F1,1,,,,,
2026-09-04,2026-09-04,CM,BSE,STK,938007,INE530L07517,970NIDO32,F,,,,,NIDO-9.70%-29-4-32-NCD,1018.00,1018.00,1018.00,1018.00,1018.00,1018.00,,1018.00,,,100,101800.00,2,F1,1,,,,,
2026-09-04,2026-09-04,CM,BSE,STK,938015,INE414G07GG3,MFLIV27D,F,,,,,MFL-IV-5-5-27-NCD,1003.70,1009.00,965.00,1009.00,1009.00,1006.00,,1009.00,,,479,479517.00,16,F1,1,,,,,
2026-09-04,2026-09-04,CM,BSE,STK,938105,INE523L07710,916NWIL27,F,,,,,NWIL-9.16%-15-7-27-NCD,1000.00,1000.00,999.00,999.00,999.00,995.00,,999.00,,,105,104914.00,3,F1,1,,,,,
2026-09-04,2026-09-04,CM,BSE,STK,938111,INE523L07744,953NWIL32,F,,,,,NWIL-9.53%-15-7-32-NCD,1015.50,1015.50,1015.50,1015.50,1015.50,1004.10,,1015.50,,,20,20310.00,1,F1,1,,,,,
2026-09-04,2026-09-04,CM,BSE,STK,938113,INE523L07736,995NWIL32,F,,,,,NWIL-9.95%-15-7-32-NCD,1028.40,1028.40,1028.40,1028.40,1028.40,1011.00,,1028.40,,,10,10284.00,1,F1,1,,,,,
2026-09-04,2026-09-04,CM,BSE,STK,938218,INE532F07DD8,965EFSL32,F,,,,,EFSL-9.65%-20-10-32-NCD,975.01,975.01,975.01,975.01,975.01,980.00,,975.01,,,50,48750.00,1,F1,1,,,,,
2026-09-04,2026-09-04,CM,BSE,STK,938222,INE0H7R07017,79NHIT35,F,,,,,NHIT-25-10-35-INVIT,311.99,311.99,311.50,311.50,311.50,312.25,,311.38,,,251,78284.00,4,F1,1,,,,,
2026-09-04,2026-09-04,CM,BSE,STK,938364,INE532F07DK3,967EFSL28D,F,,,,,EFSL-9.67%-20-1-28-NCD,992.00,1000.00,992.00,1000.00,1000.00,999.90,,1000.00,,,10725,10653760.00,34,F1,1,,,,,
2026-09-04,2026-09-04,CM,BSE,STK,938366,INE532F07DJ5,1010EFS28A,F,,,,,EFSL-10.10%-20-1-28-NCD,1056.80,1056.80,1056.80,1056.80,1056.80,1040.80,,1056.80,,,49,51783.00,1,F1,1,,,,,
2026-09-04,2026-09-04,CM,BSE,STK,938370,INE532F07DH9,10EFSL33B,F,,,,,EFSL-10%-20-1-33-NCD,1003.00,1003.99,995.00,1003.99,1003.99,996.00,,1003.99,,,335,333859.00,9,F1,1,,,,,
2026-09-04,2026-09-04,CM,BSE,STK,938372,INE532F07DI7,1045EFS33A,F,,,,,EFSL-10.45%-20-1-33-NCD,1068.00,1068.00,1068.00,1068.00,1068.00,1070.00,,1068.00,,,25,26700.00,1,F1,1,,,,,
2026-09-04,2026-09-04,CM,BSE,STK,938526,INE532F07DV0,101EFSL28,F,,,,,EFSL-10.10%-27-4-28-NCD,1093.88,1093.88,1093.88,1093.88,1093.88,1008.32,,1093.88,,,285,311755.00,1,F1,1,,,,,
2026-09-04,2026-09-04,CM,BSE,STK,938530,INE532F07DX6,10EFSL33,F,,,,,EFSL-10%-27-4-33-NCD,1000.00,1000.00,995.00,995.00,995.00,995.00,,995.00,,,299,298500.00,3,F1,1,,,,,
2026-09-04,2026-09-04,CM,BSE,STK,938544,INE403Q07DG2,95KFL27A,F,,,,,KFL-28-4-27-NCD,995.50,1008.00,995.50,1008.00,1008.00,989.00,,1008.00,,,370,369440.00,9,F1,1,,,,,
2026-09-04,2026-09-04,CM,BSE,STK,938558,INE414G07IC8,810MFL2028,F,,,,,MFL-8.10%-3-6-28-NCD,1019.06,1019.06,1019.06,1019.06,1019.06,1001.80,,1019.06,,,48,48914.00,1,F1,1,,,,,
2026-09-04,2026-09-04,CM,BSE,STK,938576,INE549K07BZ9,MFL26Z,F,,,,,MFL-2-11-26-NCD,1324.00,1324.00,1323.50,1324.00,1324.00,1323.00,,1324.00,,,416,550776.00,10,F1,1,,,,,
2026-09-04,2026-09-04,CM,BSE,STK,938604,INE302E07565,1025SFL28,F,,,,,SFL-10.25%-8-5-28-NCD,1000.00,1000.00,1000.00,1000.00,1000.00,998.99,,1000.00,,,82,82000.00,6,F1,1,,,,,
2026-09-04,2026-09-04,CM,BSE,STK,938632,INE530B07385,865IFL28,F,,,,,IFL-8.65%-18-6-28-NCD,990.00,990.00,990.00,990.00,990.00,990.00,,988.01,,,70,69300.00,4,F1,1,,,,,
2026-09-04,2026-09-04,CM,BSE,STK,938658,INE532F07EG9,967EFS28,F,,,,,EFSL-9.67%-21-7-28-NCD,999.99,999.99,995.00,995.00,995.00,992.51,,995.00,,,37,36964.00,4,F1,1,,,,,
2026-09-04,2026-09-04,CM,BSE,STK,938664,INE532F07EI5,10EFS33,F,,,,,EFSL-10%-21-7-33-NCD,999.00,999.00,994.00,999.00,999.00,994.00,,999.00,,,815,810818.00,9,F1,1,,,,,
2026-09-04,2026-09-04,CM,BSE,STK,938702,INE134E07CH9,753PFCL33,F,,,,,PFC-7.53%-1-8-33-NCD,1010.00,1010.00,998.20,998.20,998.20,1025.00,,998.20,,,50,49969.00,2,F1,1,,,,,
2026-09-04,2026-09-04,CM,BSE,STK,938706,INE134E07CK3,755PFCL38,F,,,,,PFC-7.55%-1-8-38-NCD,1020.00,1020.00,1005.00,1005.00,1005.00,1000.00,,1005.00,,,51,51270.00,3,F1,1,,,,,
2026-09-04,2026-09-04,CM,BSE,STK,938742,INE741K07579,970CAGL28,F,,,,,CAGL-9.70%-7-9-28-NCD,1020.00,1020.00,1020.00,1020.00,1020.00,1020.00,,1020.00,,,303,309060.00,9,F1,1,,,,,
2026-09-04,2026-09-04,CM,BSE,STK,938824,INE148I07QB3,SCLZC26C,F,,,,,SC-ZC-26-9-26-NCD,1317.00,1317.00,1317.00,1317.00,1317.00,1304.00,,1317.00,,,122,160674.00,1,F1,1,,,,,
2026-09-04,2026-09-04,CM,BSE,STK,938874,INE414G07IN5,8MFLTD26,F,,,,,MFLTD-8%-4-10-26-NCD,1070.00,1070.00,1070.00,1070.00,1070.00,1065.00,,1070.00,,,16,17120.00,1,F1,1,,,,,
2026-09-04,2026-09-04,CM,BSE,STK,938878,INE414G07IP0,MFL26A,F,,,,,MFL-4-10-26-NCD,1269.95,1269.95,1251.50,1251.50,1251.50,1269.95,,1251.50,,,371,466724.00,9,F1,1,,,,,
2026-09-04,2026-09-04,CM,BSE,STK,938884,INE860H07IR8,ABCL26,F,,,,,ABCL-9-10-26-NCD,1250.00,1250.00,1250.00,1250.00,1250.00,1243.91,,1250.00,,,2,2500.00,1,F1,1,,,,,
2026-09-04,2026-09-04,CM,BSE,STK,938900,INE532F07EP0,960EFSLA,F,,,,,EFSL-9.60%-26-10-26-NCD,1078.80,1078.80,1078.80,1078.80,1078.80,1078.00,,1078.80,,,33,35600.00,3,F1,1,,,,,
2026-09-04,2026-09-04,CM,BSE,STK,938904,INE532F07EO3,967EFSL28A,F,,,,,EFSL-9.67%-26-10-28-NCD,1002.00,1002.00,1002.00,1002.00,1002.00,995.00,,1002.00,,,500,501000.00,1,F1,1,,,,,
2026-09-04,2026-09-04,CM,BSE,STK,938910,INE532F07EL9,10EFSL33A,F,,,,,EFSL-10%-26-10-33-NCD,985.00,985.00,985.00,985.00,985.00,997.99,,985.00,,,105,103425.00,3,F1,1,,,,,
2026-09-04,2026-09-04,CM,BSE,STK,939010,INE321N07368,1030IFSL26,F,,,,,IFSL-10.30%-10-11-26-NCD,361.00,361.00,361.00,361.00,361.00,348.45,,361.00,,,1,361.00,1,F1,1,,,,,
2026-09-04,2026-09-04,CM,BSE,STK,939012,INE321N07376,984IFSL26,F,,,,,IFSL-9.84%-10-11-26-NCD,995.06,995.06,995.06,995.06,995.06,1000.00,,995.06,,,10,9950.00,1,F1,1,,,,,
2026-09-04,2026-09-04,CM,BSE,STK,939030,INE01CY077B7,12ICLFL26,F,,,,,ICLFL-12%-14-12-26-NCD,953.00,995.00,953.00,955.47,986.00,990.00,,955.47,,,321,306706.00,8,F1,1,,,,,
2026-09-04,2026-09-04,CM,BSE,STK,939032,INE01CY077E1,125ICLFL28,F,,,,,ICLFL-12.5%-14-12-28-NCD,1018.99,1018.99,1017.00,1017.00,1017.00,1010.00,,1017.00,,,178,181039.00,7,F1,1,,,,,
2026-09-04,2026-09-04,CM,BSE,STK,939044,INE01CY077K8,ICLFLZC29,F,,,,,ICLFL-ZC-14-8-29-NCD,1125.00,1250.00,1125.00,1250.00,1250.00,1349.00,,1250.00,,,4,4750.00,2,F1,1,,,,,
2026-09-04,2026-09-04,CM,BSE,STK,939148,INE03W107249,965ARKA26,F,,,,,AFL-9.65%-27-12-26-NCD,1064.80,1064.80,1064.80,1064.80,1064.80,1064.79,,1064.80,,,38,40462.00,1,F1,1,,,,,
2026-09-04,2026-09-04,CM,BSE,STK,939152,INE03W107223,10ARKA28,F,,,,,AFL-10%-27-12-28-NCD,1140.00,1140.00,1140.00,1140.00,1140.00,1125.00,,1140.00,,,40,45600.00,1,F1,1,,,,,
2026-09-04,2026-09-04,CM,BSE,STK,939190,INE532F07EU0,920EFSL27,F,,,,,EFSL-9.20%-29-1-27-NCD,999.90,999.90,998.80,998.80,998.80,997.80,,998.80,,,41,40990.00,4,F1,1,,,,,
2026-09-04,2026-09-04,CM,BSE,STK,939206,INE414G07IW6,825MFL27,F,,,,,MFL-8.25%-25-1-27-NCD,1002.85,1002.85,1002.85,1002.85,1002.85,1000.00,,1002.85,,,71,71202.00,3,F1,1,,,,,
2026-09-04,2026-09-04,CM,BSE,STK,939264,INE0BUS07AT5,1150IML29,F,,,,,IML-11.50%-15-2-29-NCD,1002.00,1002.00,1001.00,1001.00,1001.00,1001.00,,1001.00,,,3,3004.00,2,F1,1,,,,,
2026-09-04,2026-09-04,CM,BSE,STK,939276,INE302E07649,1025SFL29,F,,,,,SFL-10.25%-27-2-29-NCD,1010.00,1010.00,1010.00,1010.00,1010.00,1000.00,,1010.00,,,13,13130.00,2,F1,1,,,,,
2026-09-04,2026-09-04,CM,BSE,STK,939297,INE530L07731,958NIDO27,F,,,,,NHFL-9.58%-1-3-27-NCD,996.00,996.00,996.00,996.00,996.00,1000.00,,996.00,,,370,368520.00,6,F1,1,,,,,
2026-09-04,2026-09-04,CM,BSE,STK,939301,INE530L07699,NIDO010327,F,,,,,NHFL-1-3-27-NCD,1255.50,1255.50,1255.50,1255.50,1255.50,1255.00,,1255.50,,,50,62775.00,3,F1,1,,,,,
2026-09-04,2026-09-04,CM,BSE,STK,939335,INE342T07460,1065NFL27,F,,,,,NFL-10.65%-13-3-27-NCD,1011.00,1011.00,1011.00,1011.00,1011.00,1022.00,,1011.00,,,200,202200.00,5,F1,1,,,,,
2026-09-04,2026-09-04,CM,BSE,STK,939337,INE342T07445,1119NFL27,F,,,,,NFL-11.19%-13-3-27-NCD,1054.75,1054.75,1054.75,1054.75,1054.75,1052.80,,1054.75,,,50,52737.00,1,F1,1,,,,,
2026-09-04,2026-09-04,CM,BSE,STK,939409,INE532F07FL6,96EFSL27,F,,,,,EFSL9.6%-29-4-27-NCD,1026.80,1026.80,1026.80,1026.80,1026.80,1014.20,,1026.80,,,100,102680.00,1,F1,1,,,,,
2026-09-04,2026-09-04,CM,BSE,STK,939447,INE549K07DV4,935MFCL29,F,,,,,MFCL-9.35%-30-4-29-NCD,960.25,1000.00,960.25,1000.00,1000.00,1004.05,,1000.00,,,50,49006.00,2,F1,1,,,,,
2026-09-04,2026-09-04,CM,BSE,STK,939563,INE248U07FI4,944ONE34,F,,,,,360ONEPL-9.44%-12-6-34-NCD,1002.00,1002.00,1002.00,1002.00,1002.00,1002.00,,1002.00,,,399,399798.00,8,F1,1,,,,,
2026-09-04,2026-09-04,CM,BSE,STK,939575,INE413U07301,1003IIFL29,F,,,,,IIFLSFL-10.03%-21-6-29-NCD,1005.00,1005.00,1005.00,1005.00,1005.00,1005.00,,1005.00,,,73,73365.00,1,F1,1,,,,,
2026-09-04,2026-09-04,CM,BSE,STK,939583,INE530L07806,958NHFL27,F,,,,,NHFL-9.58%-3-7-27-NCD,985.20,985.20,985.20,985.20,985.20,998.20,,985.20,,,30,29556.00,1,F1,1,,,,,
2026-09-04,2026-09-04,CM,BSE,STK,939627,INE532F07FW3,EFSL26724A,F,,,,,EFSL-26-7-29-NCD,2410.00,2410.00,2410.00,2410.00,2410.00,2415.00,,2410.00,,,100,241000.00,1,F1,1,,,,,
2026-09-04,2026-09-04,CM,BSE,STK,939631,INE532F07FZ6,1049EFSL34,F,,,,,EFSL-10.49%-26-7-34-NCD,904.01,1027.80,903.00,1027.80,1027.80,1015.00,,1027.80,,,111,105238.00,5,F1,1,,,,,
2026-09-04,2026-09-04,CM,BSE,STK,939633,INE532F07FX1,11EFSL34,F,,,,,EFSL-11%-26-7-34-NCD,952.60,1039.90,952.60,1039.90,1039.90,1029.00,,1039.90,,,81,83549.00,11,F1,1,,,,,
2026-09-04,2026-09-04,CM,BSE,STK,939657,INE103C07066,104SMCGS29,F,,,,,SMCGSL-10.40%-07-08-29-NCD,865.02,1000.11,865.02,1000.11,1000.11,1000.00,,1000.11,,,20,18651.00,2,F1,1,,,,,
2026-09-04,2026-09-04,CM,BSE,STK,939679,INE01I507984,1075KAFL29,F,,,,,KAFL-10.75%-7-8-29-NCD,901.00,901.00,901.00,901.00,901.00,901.00,,901.00,,,10,9010.00,1,F1,1,,,,,
2026-09-04,2026-09-04,CM,BSE,STK,939715,INE05F407CO7,1150MML29,F,,,,,MML-11.50%-11-9-29-NCD,1010.00,1010.00,1010.00,1010.00,1010.00,901.00,,1010.00,,,1,1010.00,1,F1,1,,,,,
2026-09-04,2026-09-04,CM,BSE,STK,939727,INE423A07328,965AEL27,F,,,,,AEL-9.65%-12-9-27-NCD,1012.00,1012.00,1012.00,1012.00,1012.00,1011.00,,1012.00,,,100,101200.00,1,F1,1,,,,,
2026-09-04,2026-09-04,CM,BSE,STK,939729,INE423A07377,AEL120924A,F,,,,,AEL-12-9-27-NCD,1185.00,1185.00,1185.00,1185.00,1185.00,1178.49,,1192.50,,,10,11850.00,1,F1,1,,,,,
2026-09-04,2026-09-04,CM,BSE,STK,939731,INE423A07336,956AEL29,F,,,,,AEL-9.56%-12-9-29-NCD,1045.00,1045.00,1045.00,1045.00,1045.00,1040.00,,1045.00,,,100,104500.00,1,F1,1,,,,,
2026-09-04,2026-09-04,CM,BSE,STK,939743,INE549K07EI9,965MFCL30,F,,,,,MFCL-9.65%-16-9-30-NCD,1006.50,1006.50,1006.50,1006.50,1006.50,997.00,,1006.50,,,3,3019.00,1,F1,1,,,,,
2026-09-04,2026-09-04,CM,BSE,STK,939751,INE549K07EB4,1010MFCL30,F,,,,,MFCL-10.10%-16-9-30-NCD,1037.00,1037.00,1037.00,1037.00,1037.00,1037.00,,1037.00,,,5,5185.00,1,F1,1,,,,,
2026-09-04,2026-09-04,CM,BSE,STK,939801,INE148I07UV3,1025SCL34B,F,,,,,SCL-10.25%-25-9-34-NCD,980.00,980.00,980.00,980.00,980.00,1010.00,,980.00,,,10,9800.00,2,F1,1,,,,,
2026-09-04,2026-09-04,CM,BSE,STK,939805,INE896L07AC3,ICFL250924,F,,,,,ICFL-ZC-25-9-26-NCD,1215.00,1215.00,1215.00,1215.00,1215.00,1190.20,,1215.00,,,426,517590.00,1,F1,1,,,,,
2026-09-04,2026-09-04,CM,BSE,STK,939815,INE530L07871,NHFL081024,F,,,,,NHFL-8-10-26-NCD,1183.50,1183.50,1183.50,1183.50,1183.50,1168.20,,1183.50,,,50,59175.00,3,F1,1,,,,,
2026-09-04,2026-09-04,CM,BSE,STK,939823,INE530L07897,1003NHF29,F,,,,,NHFL-10.03%-8-10-29-NCD,1002.00,1002.00,1002.00,1002.00,1002.00,1000.00,,1002.00,,,750,751500.00,13,F1,1,,,,,
2026-09-04,2026-09-04,CM,BSE,STK,939829,INE530L07921,1049NHFL34,F,,,,,NHFL-10.49%-8-10-34-NCD,1027.00,1027.00,1027.00,1027.00,1027.00,1006.01,,1027.00,,,600,616200.00,3,F1,1,,,,,
2026-09-04,2026-09-04,CM,BSE,STK,939841,INE532F07GC3,EFSL241024,F,,,,,EFSL-24-10-26-NCD,1177.00,1177.00,1177.00,1177.00,1177.00,1177.00,,1177.00,,,58,68266.00,4,F1,1,,,,,
2026-09-04,2026-09-04,CM,BSE,STK,939843,INE532F07GD1,957EFSL27A,F,,,,,EFSL-9.57%-24-10-27-NCD,1012.80,1100.00,987.51,987.51,987.51,1011.99,,987.51,,,98,98802.00,5,F1,1,,,,,
2026-09-04,2026-09-04,CM,BSE,STK,939857,INE532F07GI0,1049EFS34A,F,,,,,EFSL-10.49%-24-10-34-NCD,1020.00,1020.00,1020.00,1020.00,1020.00,1020.00,,1020.00,,,25,25500.00,1,F1,1,,,,,
2026-09-04,2026-09-04,CM,BSE,STK,939955,INE01I507AM3,KLMA041224,F,,,,,KLMAFL-03-7-31-NCD,1101.00,1101.00,1080.00,1080.00,1080.00,1101.00,,1080.00,,,100,108430.00,4,F1,1,,,,,
2026-09-04,2026-09-04,CM,BSE,STK,939983,INE477L07BG1,89IHFL29,F,,,,,IHFL-8.9%-26-12-29-NCD,980.00,980.00,970.00,980.00,980.00,971.00,,980.00,,,131,128319.00,6,F1,1,,,,,
2026-09-04,2026-09-04,CM,BSE,STK,940033,INE530L07954,95NHFL27,F,,,,,NHFL-9.5%-6-1-27-NCD,1056.20,1056.20,1056.20,1056.20,1056.20,1068.80,,1056.20,,,20,21124.00,1,F1,1,,,,,
2026-09-04,2026-09-04,CM,BSE,STK,940055,INE549K07FJ4,925MFL28,F,,,,,MFLIII-9.25%-10-1-28-NCD,1030.00,1030.00,1030.00,1030.00,1030.00,965.50,,1030.00,,,100,103000.00,1,F1,1,,,,,
2026-09-04,2026-09-04,CM,BSE,STK,940069,INE549K07FE5,MFL100125,F,,,,,MFLIII-10-1-27-NCD,1140.00,1145.00,1140.00,1140.00,1140.00,1150.00,,1140.00,,,104,118795.00,5,F1,1,,,,,
2026-09-04,2026-09-04,CM,BSE,STK,940085,INE051307BK7,12CCIL30C,F,,,,,CCIL-12%-16-1-30-NCD,1002.00,1002.00,1002.00,1002.00,1002.00,990.20,,1002.00,,,2,2004.00,1,F1,1,,,,,
2026-09-04,2026-09-04,CM,BSE,STK,940099,INE532F07GP5,EFSL240125,F,,,,,EFSL-24-1-27-NCD,1140.00,1140.00,1140.00,1140.00,1140.00,1153.00,,1140.00,,,100,114000.00,1,F1,1,,,,,
2026-09-04,2026-09-04,CM,BSE,STK,940153,INE05F407CY6,11MML30,F,,,,,MML--29-1-30-NCD,1000.00,1000.00,1000.00,1000.00,1000.00,995.00,,1000.00,,,10,10000.00,1,F1,1,,,,,
2026-09-04,2026-09-04,CM,BSE,STK,940201,INE148I07WU1,902SCL28,F,,,,,SCL-9.02%-19-03-28-NCD,997.49,997.49,997.49,997.49,997.49,996.85,,999.07,,,75,74811.00,1,F1,1,,,,,
2026-09-04,2026-09-04,CM,BSE,STK,940203,INE148I07WV9,948SCL28,F,,,,,SCL-9.48%-19-03-28-NCD,990.00,998.00,990.00,997.85,998.00,984.00,,997.85,,,2000,1987850.00,6,F1,1,,,,,
2026-09-04,2026-09-04,CM,BSE,STK,940227,INE0IID07553,13PCL30,F,,,,,PCL-13%-20-3-30-NCD,1000.05,1000.20,1000.00,1000.00,1000.00,1015.00,,1000.00,,,200,200011.00,6,F1,1,,,,,
2026-09-04,2026-09-04,CM,BSE,STK,940269,INE403Q07FH5,10KFL28B,F,,,,,KFL-10%-14-4-28-NCD,998.00,998.00,998.00,998.00,998.00,997.00,,998.00,,,50,49900.00,1,F1,1,,,,,
2026-09-04,2026-09-04,CM,BSE,STK,940319,INE103C07124,SMCG240425,F,,,,,SMCGSL-24-04-27-NCD,1115.21,1115.21,1115.21,1115.21,1115.21,1146.00,,1115.21,,,20,22304.00,1,F1,1,,,,,
2026-09-04,2026-09-04,CM,BSE,STK,940391,INE549K07GD5,955MFL31,F,,,,,MFL-9.55%-19-5-31-NCD,990.04,1004.00,990.04,1004.00,1004.00,1005.00,,1004.00,,,1050,1045231.00,28,F1,1,,,,,
2026-09-04,2026-09-04,CM,BSE,STK,940393,INE549K07GC7,94MFL27B,F,,,,,MFL-9.4%-19-5-27-NCD,1019.90,1019.90,1019.90,1019.90,1019.90,1019.90,,1019.90,,,100,101990.00,1,F1,1,,,,,
2026-09-04,2026-09-04,CM,BSE,STK,940399,INE549K07GH6,10MFL31,F,,,,,MFL-10%-19-5-31-NCD,1026.00,1026.00,1026.00,1026.00,1026.00,1006.82,,1026.00,,,655,672030.00,2,F1,1,,,,,
2026-09-04,2026-09-04,CM,BSE,STK,940401,INE549K07GG8,MFL190525,F,,,,,MFL-19-5-27-NCD,1111.80,1111.80,1111.80,1111.80,1111.80,1094.20,,1111.80,,,190,211242.00,1,F1,1,,,,,
2026-09-04,2026-09-04,CM,BSE,STK,940409,INE051307BQ4,105CCIL26A,F,,,,,CCIL-10.5%19-12-26-NCD,997.90,997.90,997.90,997.90,997.90,990.00,,997.90,,,5,4989.00,1,F1,1,,,,,
2026-09-04,2026-09-04,CM,BSE,STK,940427,INE530L07AV8,957NHFL28,F,,,,,NHFL-9.57%-02-07-28-NCD,990.00,1009.70,990.00,1009.70,1009.70,990.00,,1009.70,,,51,50509.00,2,F1,1,,,,,
2026-09-04,2026-09-04,CM,BSE,STK,940431,INE530L07AX4,NHFL02725,F,,,,,NHFL-02-07-28-NCD,1081.20,1081.20,1081.20,1081.20,1081.20,1072.20,,1081.20,,,30,32436.00,1,F1,1,,,,,
2026-09-04,2026-09-04,CM,BSE,STK,940465,INE549K07GO2,MFCL16725C,F,,,,,MFCL-16-7-31-NCD,1078.00,1078.00,1078.00,1078.00,1078.00,1078.80,,1078.00,,,18,19404.00,1,F1,1,,,,,
2026-09-04,2026-09-04,CM,BSE,STK,940473,INE423A07435,915AEL28,F,,,,,AEL-9.15%-17-07-28-NCD,1025.00,1025.00,1019.00,1019.00,1019.00,1025.00,,1019.11,,,2,2044.00,2,F1,1,,,,,
2026-09-04,2026-09-04,CM,BSE,STK,940475,INE423A07419,AEL170725,F,,,,,AEL-17-07-28-NCD,1094.00,1095.00,1094.00,1095.00,1095.00,1100.00,,1095.00,,,40,43795.00,3,F1,1,,,,,
2026-09-04,2026-09-04,CM,BSE,STK,940479,INE423A07393,930AEL30,F,,,,,AEL-9.30%-17-07-30-NCD,1039.00,1045.00,1039.00,1045.00,1045.00,1042.90,,1045.00,,,36,37410.00,3,F1,1,,,,,
2026-09-04,2026-09-04,CM,BSE,STK,940483,INE403Q07FT0,KFL240725,F,,,,,KFL-23-1-27-NCD,1084.45,1084.45,1083.60,1084.45,1084.45,1083.80,,1084.45,,,90,97583.00,3,F1,1,,,,,
2026-09-04,2026-09-04,CM,BSE,STK,940501,INE532F07HX7,935EFSL28,F,,,,,EFSL-9.35%-24-7-28-NCD,995.00,995.00,989.00,989.00,989.00,991.00,,989.00,,,210,208890.00,3,F1,1,,,,,
2026-09-04,2026-09-04,CM,BSE,STK,940503,INE403Q07FV6,KFL240725E,F,,,,,KFL-23-7-32-NCD,847.00,976.00,847.00,976.00,976.00,976.00,,976.00,,,103,89502.00,3,F1,1,,,,,
2026-09-04,2026-09-04,CM,BSE,STK,940509,INE532F07HV1,980EFSL30,F,,,,,EFSL-9.80%-24-7-30-NCD,998.00,998.00,998.00,998.00,998.00,1003.00,,998.00,,,1000,998000.00,2,F1,1,,,,,
2026-09-04,2026-09-04,CM,BSE,STK,940519,INE532F07HR9,1050EFSL35,F,,,,,EFSL-10.50%-24-7-35-NCD,1000.00,1000.00,1000.00,1000.00,1000.00,985.30,,1000.00,,,575,575000.00,3,F1,1,,,,,
2026-09-04,2026-09-04,CM,BSE,STK,940527,INE01I507AV4,985KAFL27,F,,,,,KAFL-9.85%-27-1-27-NCD,990.00,990.00,990.00,990.00,990.00,990.00,,990.00,,,30,29700.00,1,F1,1,,,,,
2026-09-04,2026-09-04,CM,BSE,STK,940541,INE01I507AU6,KAFL28725,F,,,,,KAFL-27-2-32-NCD,1000.00,1000.00,1000.00,1000.00,1000.00,1000.00,,1000.00,,,5,5000.00,1,F1,1,,,,,
2026-09-04,2026-09-04,CM,BSE,STK,940551,INE05F407DL1,MML31725B,F,,,,,MML-29-10-31-NCD,1141.00,1141.00,1120.00,1120.00,1120.00,1120.00,,1120.00,,,18,20181.00,2,F1,1,,,,,
2026-09-04,2026-09-04,CM,BSE,STK,940619,INE01CY079Z2,IFL200828C,F,,,,,IFL-20-6-31-NCD,961.00,961.00,961.00,961.00,961.00,961.00,,961.00,,,10,9610.00,1,F1,1,,,,,
2026-09-04,2026-09-04,CM,BSE,STK,940631,INE302E07938,SFL290825E,F,,,,,SFL-29-8-30-NCD,999.00,999.00,981.00,981.00,981.00,999.00,,981.00,,,13,12969.00,3,F1,1,,,,,
2026-09-04,2026-09-04,CM,BSE,STK,940635,INE101Q07BK8,9MML27A,F,,,,,MML-9%-28-2-27-NCD,987.00,999.00,987.00,999.00,999.00,987.15,,999.00,,,21,20848.00,3,F1,1,,,,,
2026-09-04,2026-09-04,CM,BSE,STK,940637,INE101Q07BL6,925MML27,F,,,,,MML-9.25%-29-8-27-NCD,990.00,990.00,990.00,990.00,990.00,985.00,,990.00,,,25,24750.00,1,F1,1,,,,,
2026-09-04,2026-09-04,CM,BSE,STK,940643,INE101Q07BJ0,105MML30,F,,,,,MML-10.5%-29-8-30-NCD,1020.00,1020.00,1020.00,1020.00,1020.00,1011.60,,1020.00,,,3,3060.00,1,F1,1,,,,,
2026-09-04,2026-09-04,CM,BSE,STK,940649,INE530L07BD4,935NHFL28,F,,,,,NHFL-9.35%-10-09-28-NCD,991.20,991.80,983.21,991.80,991.80,983.20,,991.80,,,19,18830.00,8,F1,1,,,,,
2026-09-04,2026-09-04,CM,BSE,STK,940655,INE530L07BA0,980NHFL30,F,,,,,NHFL-9.80%-10-09-30-NCD,985.00,985.01,985.00,985.01,985.01,990.00,,985.01,,,200,197001.00,2,F1,1,,,,,
2026-09-04,2026-09-04,CM,BSE,STK,940663,INE530L07AZ9,1050NHFL35,F,,,,,NHFL-10.50%-10-09-35-NCD,998.00,998.00,998.00,998.00,998.00,1002.50,,998.00,,,1,998.00,1,F1,1,,,,,
2026-09-04,2026-09-04,CM,BSE,STK,940669,INE532F07IA3,912EFSL28,F,,,,,EFSL-9.12%-7-10-28-NCD,991.80,991.80,991.80,991.80,991.80,982.80,,991.80,,,10,9918.00,1,F1,1,,,,,
2026-09-04,2026-09-04,CM,BSE,STK,940675,INE532F07ID7,958EFSL30,F,,,,,EFSL-9.58%-7-10-30-NCD,990.00,990.00,985.00,985.00,985.00,999.00,,985.00,,,41,40390.00,3,F1,1,,,,,
2026-09-04,2026-09-04,CM,BSE,STK,940679,INE532F07IH8,EFSL71025A,F,,,,,EFSL-7-10-30-NCD,1063.00,1063.00,1063.00,1063.00,1063.00,1062.00,,1063.00,,,262,278506.00,5,F1,1,,,,,
2026-09-04,2026-09-04,CM,BSE,STK,940681,INE532F07IE5,980EFSL35,F,,,,,EFSL-9.80%-7-10-35-NCD,998.90,998.90,998.90,998.90,998.90,998.90,,998.90,,,10,9989.00,1,F1,1,,,,,
2026-09-04,2026-09-04,CM,BSE,STK,940683,INE532F07IF2,1025EFSL35,F,,,,,EFSL-10.25%-7-10-35-NCD,1065.00,1065.00,1065.00,1065.00,1065.00,1065.15,,1065.00,,,10,10650.00,1,F1,1,,,,,
2026-09-04,2026-09-04,CM,BSE,STK,940685,INE05NX24023,8SMC29,F,,,,,SMC-8%-13-10-29-MB,514.90,514.90,514.90,514.90,514.90,514.90,,514.90,,,1,514.00,1,F1,1,,,,,
2026-09-04,2026-09-04,CM,BSE,STK,940687,INE05NX24031,8SMC30,F,,,,,SMC-8%-13-10-30-MB,514.90,514.90,514.90,514.90,514.90,514.90,,514.90,,,1,514.00,1,F1,1,,,,,
2026-09-04,2026-09-04,CM,BSE,STK,940691,INE180C07221,89CGCL27,F,,,,,CGCL-8.9%-13-4-27-NCD,1075.90,1075.90,1075.90,1075.90,1075.90,1076.00,,1075.90,,,20,21518.00,1,F1,1,,,,,
2026-09-04,2026-09-04,CM,BSE,STK,940709,INE0BUS07CD5,1025IML28,F,,,,,IML-10.25%-30-10-28-NCD,983.00,993.00,983.00,993.00,993.00,983.00,,993.00,,,141,139013.00,6,F1,1,,,,,
2026-09-04,2026-09-04,CM,BSE,STK,940713,INE0BUS07CC7,1125IML30,F,,,,,IML-11.25%-30-10-30-NCD,1005.99,1005.99,997.15,999.00,999.00,994.93,,999.00,,,117,116992.00,6,F1,1,,,,,
2026-09-04,2026-09-04,CM,BSE,STK,940715,INE0BUS07CA1,IML301025D,F,,,,,IML-30-10-31-NCD,1066.00,1068.00,1066.00,1068.00,1068.00,1068.00,,1068.00,,,177,188986.00,3,F1,1,,,,,
2026-09-04,2026-09-04,CM,BSE,STK,940717,INE103C07181,975SGSL27,F,,,,,SGSL-9.75%-30-10-27-NCD,1060.22,1060.22,1060.20,1060.20,1060.20,1066.80,,1060.20,,,250,265050.00,4,F1,1,,,,,
2026-09-04,2026-09-04,CM,BSE,STK,940725,INE103C07173,98SGSL30,F,,,,,SGSL-9.8%-30-10-30-NCD,1010.00,1010.00,1010.00,1010.00,1010.00,1009.91,,1010.00,,,349,352490.00,9,F1,1,,,,,
2026-09-04,2026-09-04,CM,BSE,STK,940735,INE403Q07GL5,975KFL29,F,,,,,KFL-9.75%-09-05-29-NCD,990.00,990.00,990.00,990.00,990.00,990.00,,990.00,,,10,9900.00,1,F1,1,,,,,
2026-09-04,2026-09-04,CM,BSE,STK,940777,INE01CYA7138,ICL021225,F,,,,,ICLFL-02-10-31-NCD,980.00,980.00,980.00,980.00,980.00,985.00,,980.00,,,2,1960.00,1,F1,1,,,,,
2026-09-04,2026-09-04,CM,BSE,STK,940779,INE532F07IM8,885EFSL27,F,,,,,EFSL-8.85%-12-12-27-NCD,1040.00,1040.00,1040.00,1040.00,1040.00,1032.00,,1040.00,,,11,11440.00,2,F1,1,,,,,
2026-09-04,2026-09-04,CM,BSE,STK,940785,INE532F07IQ9,940EFSL28,F,,,,,EFSL-9.40%-12-12-28-NCD,1030.05,1030.05,1024.20,1024.20,1024.20,1045.00,,1024.20,,,27,27682.00,2,F1,1,,,,,
2026-09-04,2026-09-04,CM,BSE,STK,940787,INE532F07IN6,EFS121225,F,,,,,EFSL-12-12-28-NCD,1020.20,1020.20,1020.20,1020.20,1020.20,1021.00,,1020.20,,,1,1020.00,1,F1,1,,,,,
2026-09-04,2026-09-04,CM,BSE,STK,940795,INE532F07IJ4,967EFSL35,F,,,,,EFSL-9.67-12-12-35-NCD,985.00,985.00,985.00,985.00,985.00,989.80,,985.00,,,859,846115.00,4,F1,1,,,,,
2026-09-04,2026-09-04,CM,BSE,STK,940799,INE01I507AY8,950KAFL27,F,,,,,KAFL-9.50%-19-1-27-NCD,995.00,995.00,995.00,995.00,995.00,995.00,,995.00,,,30,29850.00,1,F1,1,,,,,
2026-09-04,2026-09-04,CM,BSE,STK,940819,INE05F407DM9,MML191225,F,,,,,MML-23-1-27-NCD,1060.00,1060.00,1060.00,1060.00,1060.00,1052.80,,1060.00,,,24,25440.00,3,F1,1,,,,,
2026-09-04,2026-09-04,CM,BSE,STK,940837,INE0IID07744,125PCL28,F,,,,,PCL-12.5%-29-12-28-NCD,990.01,990.01,990.01,990.01,990.01,1000.72,,990.01,,,10,9900.00,1,F1,1,,,,,
2026-09-04,2026-09-04,CM,BSE,STK,940841,INE0IID07769,13PCL30A,F,,,,,PCL-13%-29-12-30-NCD,1002.00,1005.00,1000.01,1005.00,1005.00,1003.00,,1005.00,,,20,20064.00,4,F1,1,,,,,
2026-09-04,2026-09-04,CM,BSE,STK,940853,INE423A07518,862AEL31,F,,,,,AEL-8.62%-12-1-31-NCD,1025.00,1025.00,1025.00,1025.00,1025.00,1010.10,,1025.00,,,6,6150.00,2,F1,1,,,,,
2026-09-04,2026-09-04,CM,BSE,STK,940855,INE423A07526,890AEL31,F,,,,,AEL-8.90%-12-1-31-NCD,1056.00,1056.90,1056.00,1056.90,1056.90,1056.00,,1056.90,,,15,15840.00,3,F1,1,,,,,
2026-09-04,2026-09-04,CM,BSE,STK,940861,INE549K07HH4,852MFL29,F,,,,,MFL-8.52%-12-2-29-NCD,985.80,985.80,983.00,983.80,983.00,987.80,,983.80,,,530,522166.00,9,F1,1,,,,,
2026-09-04,2026-09-04,CM,BSE,STK,940862,INE549K07HG6,865MFL31,F,,,,,MFL-8.65%-12-2-31-NCD,988.00,988.00,988.00,988.00,988.00,933.11,,988.00,,,13,12844.00,1,F1,1,,,,,
2026-09-04,2026-09-04,CM,BSE,STK,940866,INE549K07HL6,87MFL28,F,,,,,MFL-8.7%-12-2-28-NCD,1020.20,1020.20,1020.20,1020.20,1020.20,1018.79,,1020.20,,,10,10202.00,1,F1,1,,,,,
2026-09-04,2026-09-04,CM,BSE,STK,940872,INE549K07HI2,91MFL32,F,,,,,MFL-9.1%-12-2-32-NCD,994.00,994.00,994.00,994.00,994.00,994.00,,994.00,,,120,119280.00,5,F1,1,,,,,
2026-09-04,2026-09-04,CM,BSE,STK,940876,INE549K07HO0,MFL120226A,F,,,,,MFL-12-2-29-NCD,1018.80,1018.80,1016.00,1016.00,1016.00,1001.20,,1016.00,,,202,205671.00,2,F1,1,,,,,
2026-09-04,2026-09-04,CM,BSE,STK,940882,INE403Q07GP6,KFL20226,F,,,,,KFL-19-5-27-NCD,1002.00,1002.00,1002.00,1002.00,1002.00,1003.00,,1002.00,,,50,50100.00,1,F1,1,,,,,
2026-09-04,2026-09-04,CM,BSE,STK,940886,INE403Q07GU6,9KFL2029,F,,,,,KFL-9%-19-2-29-NCD,980.08,990.00,980.08,989.75,989.75,985.00,,989.75,,,30,29492.00,5,F1,1,,,,,
2026-09-04,2026-09-04,CM,BSE,STK,940898,INE01CYA7245,10ICLFL27,F,,,,,ICLFL-10%-23-03-27-NCD,998.00,998.00,998.00,998.00,998.00,979.90,,998.00,,,35,34930.00,1,F1,1,,,,,
2026-09-04,2026-09-04,CM,BSE,STK,940906,INE01CYA7286,ICLFL23226,F,,,,,ICLFL-ZC-23-03-27-NCD,1019.20,1029.80,1019.20,1029.80,1029.80,1029.80,,1029.80,,,197,201810.00,4,F1,1,,,,,
2026-09-04,2026-09-04,CM,BSE,STK,940955,INE0IID07785,13PCL31,F,,,,,PCL-13%-16-3-31-NCD,1007.00,1010.00,1007.00,1009.44,1010.00,1000.25,,1009.44,,,59,59445.00,4,F1,1,,,,,
2026-09-04,2026-09-04,CM,BSE,STK,940975,INE532F07IY3,880EFSL29,F,,,,,EFSL-8.80%-18-3-29-NCD,979.00,979.00,979.00,979.00,979.00,979.00,,979.00,,,10,9790.00,1,F1,1,,,,,
2026-09-04,2026-09-04,CM,BSE,STK,940979,INE532F07IW7,EFSL18326A,F,,,,,EFSL-18-3-29-NCD,1008.00,1008.00,1008.00,1008.00,1008.00,1000.00,,1008.00,,,26,26208.00,1,F1,1,,,,,
2026-09-04,2026-09-04,CM,BSE,STK,940983,INE532F07IU1,960EFSL31,F,,,,,EFSL-9.60%-18-3-31-NCD,1000.00,1000.00,1000.00,1000.00,1000.00,1000.00,,1000.00,,,875,875000.00,6,F1,1,,,,,
2026-09-04,2026-09-04,CM,BSE,STK,940987,INE532F07JA1,958EFSL36,F,,,,,EFSL-9.58%-18-3-36-NCD,976.00,984.00,976.00,984.00,984.00,986.00,,984.00,,,82,80120.00,3,F1,1,,,,,
2026-09-04,2026-09-04,CM,BSE,STK,940989,INE532F07JB9,10EFSL36,F,,,,,EFSL-10%-18-3-36-NCD,1000.00,1000.00,1000.00,1000.00,1000.00,998.00,,1000.00,,,10,10000.00,1,F1,1,,,,,
2026-09-04,2026-09-04,CM,BSE,STK,940995,INE549K07IC3,865MFL31A,F,,,,,MFL-8.65%-25-3-31-NCD,990.00,990.00,970.00,970.00,970.00,990.00,,970.00,,,13,12670.00,2,F1,1,,,,,
2026-09-04,2026-09-04,CM,BSE,STK,941021,INE01CYA7385,115ICLFL31,F,,,,,ICLFL-11.50%-28-04-31-NCD,995.00,995.00,995.00,995.00,995.00,995.00,,995.00,,,5,4975.00,1,F1,1,,,,,
2026-09-04,2026-09-04,CM,BSE,STK,941023,INE01CYA7401,ICLFL28426,F,,,,,ICLFL-ZC-28-05-27-NCD,1005.57,1005.57,1005.57,1005.57,1005.57,1003.55,,1005.57,,,20,20111.00,1,F1,1,,,,,
2026-09-04,2026-09-04,CM,BSE,STK,941027,INE01CYA7419,ICL280426,F,,,,,ICLFL-ZC-28-04-29-NCD,945.00,974.00,945.00,974.00,974.00,945.00,,974.00,,,125,118850.00,2,F1,1,,,,,
2026-09-04,2026-09-04,CM,BSE,STK,941033,INE01CYA7336,ICLF28426,F,,,,,ICLFL-ZC-28-04-32-NCD,882.00,885.00,871.00,871.00,871.00,900.00,,871.00,,,78,68377.00,5,F1,1,,,,,
2026-09-04,2026-09-04,CM,BSE,STK,941035,INE180C07288,9CGCL028,F,,,,,CGCL-9%-30-4-28-NCD,1015.00,1019.70,1015.00,1019.70,1019.70,1013.50,,1019.70,,,4,4069.00,3,F1,1,,,,,
2026-09-04,2026-09-04,CM,BSE,STK,941037,INE180C07304,880CGCL29,F,,,,,CGCL-8.80%-30-4-29-NCD,990.00,990.00,961.00,965.00,965.00,999.90,,965.00,,,31,30082.00,6,F1,1,,,,,
2026-09-04,2026-09-04,CM,BSE,STK,941047,INE549K07IE9,851MFL28,F,,,,,MFL-8.51%-12-5-28-NCD,980.00,982.10,980.00,982.10,982.10,980.11,,982.10,,,60,58905.00,3,F1,1,,,,,
2026-09-04,2026-09-04,CM,BSE,STK,941055,INE549K07II0,885MFL28A,F,,,,,MFL-8.85%-12-5-28-NCD,997.00,997.00,996.80,996.82,996.80,1015.00,,996.82,,,120,119619.00,5,F1,1,,,,,
2026-09-04,2026-09-04,CM,BSE,STK,941075,INE403Q07HB4,925KFL29,F,,,,,KFL-9.25%-27-05-29-NCD,995.00,995.00,980.00,980.00,980.00,986.00,,980.00,,,325,322550.00,6,F1,1,,,,,
2026-09-04,2026-09-04,CM,BSE,STK,941093,INE05F407DZ1,MML120626A,F,,,,,MML-12-6-28-NCD,1007.50,1007.50,990.20,990.20,990.20,1007.50,,990.20,,,200,198905.00,3,F1,1,,,,,
2026-09-04,2026-09-04,CM,BSE,STK,941117,INE532F07JL8,958EFSL036,F,,,,,EFSL-9.58%-16-6-36-NCD,995.05,997.00,995.00,997.00,997.00,995.95,,997.00,,,226,225070.00,4,F1,1,,,,,
2026-09-04,2026-09-04,CM,BSE,STK,941121,INE0IID07801,1225PCL29,F,,,,,PCL-12.25%-22-6-29-NCD,995.00,995.00,975.00,995.00,995.00,975.00,,995.00,,,60,59311.00,6,F1,1,,,,,
2026-09-04,2026-09-04,CM,BSE,STK,941127,INE549K07IP5,851MFL2028,F,,,,,MFL-8.51%-7-7-28-NCD,980.25,987.00,980.20,987.00,987.00,987.35,,987.00,,,80,78756.00,4,F1,1,,,,,
2026-09-04,2026-09-04,CM,BSE,STK,941129,INE549K07JA5,865MFL2029,F,,,,,MFL-8.65%-7-7-29-NCD,985.00,994.10,985.00,994.10,994.10,985.00,,994.10,,,1054,1043226.00,7,F1,1,,,,,
2026-09-04,2026-09-04,CM,BSE,STK,941133,INE549K07IS9,888MFL2032,F,,,,,MFL-8.88%-7-7-32-NCD,989.00,989.00,989.00,989.00,989.00,989.00,,989.00,,,51,50439.00,4,F1,1,,,,,
2026-09-04,2026-09-04,CM,BSE,STK,941141,INE549K07IW1,925MFL2032,F,,,,,MFL-9.25%-7-7-32-NCD,990.00,990.00,990.00,990.00,990.00,982.00,,990.00,,,50,49500.00,2,F1,1,,,,,
2026-09-04,2026-09-04,CM,BSE,STK,941147,INE549K07IY7,MFL70726A,F,,,,,MFL-7-7-31-NCD,1000.00,1000.00,1000.00,1000.00,1000.00,1000.00,,1000.00,,,10,10000.00,1,F1,1,,,,,
2026-09-04,2026-09-04,CM,BSE,STK,941149,INE549K07IQ3,MFL70726B,F,,,,,MFL-7-7-32-NCD,1025.00,1025.00,1025.00,1025.00,1025.00,1001.00,,1025.00,,,50,51250.00,1,F1,1,,,,,
2026-09-04,2026-09-04,CM,BSE,STK,941151,INE051307CQ2,1025CCIL28,F,,,,,CCIL-10.25%-19-2-28-NCD,963.00,975.00,963.00,975.00,975.00,952.58,,975.00,,,159,154054.00,4,F1,1,,,,,
2026-09-04,2026-09-04,CM,BSE,STK,941159,INE051307CN9,CCIL190826,F,,,,,CCIL-23-9-27-NCD,970.00,970.00,970.00,970.00,970.00,965.00,,970.00,,,35,33950.00,4,F1,1,,,,,
2026-09-04,2026-09-04,CM,BSE,STK,941169,INE420C07213,950PDL29,F,,,,,PDL-9.50%-19-8-29-NCD,990.00,990.00,990.00,990.00,990.00,1000.00,,990.00,,,1,990.00,1,F1,1,,,,,
2026-09-04,2026-09-04,CM,BSE,STK,941173,INE420C07239,10PDL31,F,,,,,PDL-10%-19-8-31-NCD,987.00,987.00,987.00,987.00,987.00,985.00,,987.00,,,882,870534.00,13,F1,1,,,,,
2026-09-04,2026-09-04,CM,BSE,STK,941185,INE0BUS07CS3,10IML29,F,,,,,IML-10%-24-8-29-NCD,960.00,1000.00,950.00,982.00,982.00,957.00,,982.00,,,1068,1054237.00,26,F1,1,,,,,
2026-09-04,2026-09-04,CM,BSE,STK,941187,INE0BUS07CV7,IML24826B,F,,,,,IML-24-8-29-NCD,950.00,950.00,950.00,950.00,950.00,895.00,,950.00,,,20,19000.00,1,F1,1,,,,,
2026-09-04,2026-09-04,CM,BSE,STK,941189,INE0BUS07CT1,11IML31,F,,,,,IML-11%-24-8-31-NCD,983.49,983.49,980.00,983.45,983.46,979.49,,983.45,,,205,201126.00,11,F1,1,,,,,
2026-09-04,2026-09-04,CM,BSE,STK,941191,INE0BUS07CX3,IML24826C,F,,,,,IML-24-8-32-NCD,1034.00,1035.00,999.50,1031.23,999.50,1035.00,,1031.23,,,287,296445.00,8,F1,1,,,,,
2026-09-04,2026-09-04,CM,BSE,STK,941193,INE0BUS07CQ7,115IML32,F,,,,,IML-11.5%-24-8-32-NCD,988.00,999.00,986.99,999.00,999.00,985.00,,999.00,,,1234,1218426.00,32,F1,1,,,,,
2026-09-04,2026-09-04,CM,BSE,STK,941195,INE01CYA7542,10ICLFL27A,F,,,,,ICLFL-10%-25-09-27-NCD,970.00,989.00,965.10,965.50,965.50,963.00,,965.50,,,388,377659.00,19,F1,1,,,,,
2026-09-04,2026-09-04,CM,BSE,STK,941197,INE01CYA7534,105ICLFL28,F,,,,,ICLFL-10.50%-25-08-28-NCD,992.00,992.00,992.00,992.00,992.00,992.00,,992.00,,,200,198400.00,1,F1,1,,,,,
2026-09-04,2026-09-04,CM,BSE,STK,941201,INE01CYA7518,115ICLF31,F,,,,,ICLFL-11.50%-25-08-31-NCD,985.00,985.00,985.00,985.00,985.00,985.00,,985.00,,,71,69935.00,4,F1,1,,,,,
2026-09-04,2026-09-04,CM,BSE,STK,941203,INE01CYA7500,ICLFL25826,F,,,,,ICLFL-25-09-27-NCD,987.00,987.00,963.07,970.00,970.00,966.21,,970.00,,,695,676166.00,11,F1,1,,,,,
2026-09-04,2026-09-04,CM,BSE,STK,941227,INE403Q07HM1,10KFL31A,F,,,,,KFL-10%-3-9-31-NCD,901.00,901.00,901.00,901.00,901.00,0.00,,901.00,,,50,45050.00,1,F1,1,,,,,
2026-09-04,2026-09-04,CM,BSE,STK,941233,INE01I507BI9,KAFL30926,F,,,,,KAFL-3-1-28-NCD,805.00,805.00,805.00,805.00,805.00,0.00,,805.00,,,10,8050.00,1,F1,1,,,,,
2026-09-04,2026-09-04,CM,BSE,STK,960168,INE121A08OL9,93CIFC30,F,,,,,CIFC-9.3%-4-11-30-PVT,514600.01,514600.01,514600.01,514600.01,514600.01,522200.01,,514600.01,,,2,1029200.00,1,F1,2,,,,,
2026-09-04,2026-09-04,CM,BSE,STK,961728,INE906B07CB9,830NHAI27,F,,,,,830NHAI27,1114.17,1114.17,1086.16,1086.16,1086.16,1087.00,,1086.40,,,237,257495.00,10,F1,1,,,,,
2026-09-04,2026-09-04,CM,BSE,STK,961732,INE053F07538,810IRFC27,F,,,,,810IRFC2327,1082.75,1082.75,1082.75,1082.75,1082.75,1084.00,,1082.38,,,115,124516.00,1,F1,1,,,,,
2026-09-04,2026-09-04,CM,BSE,STK,961744,INE020B07GH7,812REC27,F,,,,,812REC27,1027.00,1027.00,1027.00,1027.00,1027.00,1027.00,,1027.00,,,10,10270.00,1,F1,1,,,,,
2026-09-04,2026-09-04,CM,BSE,STK,961785,INE031A07949,876HUDCO28,F,,,,,876HUDCO28,1134.00,1135.00,1131.10,1135.00,1135.00,1133.01,,1135.00,,,2100,2379122.00,15,F1,1,,,,,
2026-09-04,2026-09-04,CM,BSE,STK,961803,INE134E07448,879PFCL28,F,,,,,879PFC28,1128.55,1128.55,1128.55,1128.55,1128.55,1129.00,,1128.55,,,30,33856.00,3,F1,1,,,,,
2026-09-04,2026-09-04,CM,BSE,STK,961822,INE787H07370,891IIFCL34,F,,,,,891IIFCL34,1269.99,1269.99,1269.99,1269.99,1269.99,1269.80,,1270.00,,,1,1269.00,1,F1,1,,,,,
2026-09-04,2026-09-04,CM,BSE,STK,961830,INE053F07686,865IRFC29,F,,,,,IRFC-8.65%-18-2-29-NCD,1101.01,1101.01,1101.01,1101.01,1101.01,1110.00,,1104.01,,,20,22020.00,1,F1,1,,,,,
2026-09-04,2026-09-04,CM,BSE,STK,961839,INE202E07138,880IREDA29,F,,,,,IREDA-8.80%-13-03-29-BOND,1125.00,1125.00,1125.00,1125.00,1125.00,1125.04,,1125.00,,,1,1125.00,1,F1,1,,,,,
2026-09-04,2026-09-04,CM,BSE,STK,961841,INE202E07153,880IREDA34,F,,,,,IREDA-8.80%-13-03-34-BOND,1255.00,1255.00,1250.00,1250.00,1250.00,1250.01,,1250.00,,,131,163970.00,2,F1,1,,,,,
2026-09-04,2026-09-04,CM,BSE,STK,961885,INE053F07744,888IRFC29,F,,,,,IRFC-8.88%-19-03-2029-BOND,1140.00,1145.00,1140.00,1145.00,1145.00,1130.00,,1145.00,,,110,125900.00,2,F1,1,,,,,
2026-09-04,2026-09-04,CM,BSE,STK,961895,INE787H07420,880IIFCL29,F,,,,,IIFCL-8.8%-27-3-29-TFBOND,1108.10,1108.10,1108.05,1108.05,1108.05,1110.50,,1108.05,,,110,121887.00,4,F1,1,,,,,
2026-09-04,2026-09-04,CM,BSE,STK,972715,INE039A09OG1,916IFCI27,F,,,,,IFCI-9.16%-IV-15-2-27-C-PVT,17506.00,17507.00,17506.00,17506.21,17507.00,17506.45,,17506.21,,,24,420148.00,3,F1,1,,,,,
2026-09-04,2026-09-04,CM,BSE,STK,972721,INE039A09OW8,872IFCI27,F,,,,,IFCI-8.72%-V-31-3-27-C-PVT,16200.00,16200.00,16200.00,16200.00,16200.00,16119.00,,16200.00,,,4,64800.00,1,F1,1,,,,,
2026-09-04,2026-09-04,CM,BSE,STK,973038,INE121A08OM7,925CIFPER,F,,,,,CIF-9.25%-PERP-PVT,520000.00,520000.00,520000.00,520000.00,520000.00,504800.01,,520000.00,,,2,1040000.00,1,F1,2,,,,,
2026-09-04,2026-09-04,CM,BSE,STK,973232,INE601U08242,91TCAPPERP,F,,,,,TCAP-9.1%-PERP,1045000.00,1045000.00,1045000.00,1045000.00,1045000.00,1045000.00,,1045000.00,,,1,1045000.00,1,F1,1,,,,,
2026-09-04,2026-09-04,CM,BSE,STK,973491,INE516Y07444,675PFL31,F,,,,,PFL-6.75%-26-9-31-PVT,756.15,759.29,756.15,759.00,759.00,754.50,,759.00,,,1025,777935.00,10,F1,1,,,,,
2026-09-04,2026-09-04,CM,BSE,STK,973882,INE540P07392,97UPPCL28,F,,,,,UPPCL-9.70%-31-3-28-PVT,1030510.01,1033000.00,1030510.01,1033000.00,1033000.00,1030000.00,,1033000.00,,,2,2063510.00,2,F1,1,,,,,
2026-09-04,2026-09-04,CM,BSE,STK,973994,INE0M2307099,962APSB31,F,,,,,APSBCL-9.62%-30-5-31-PVT,1039665.01,1039665.01,1039665.01,1039665.01,1039665.01,1035705.00,,1039665.01,,,1,1039665.00,1,F1,1,,,,,
2026-09-04,2026-09-04,CM,BSE,STK,974297,INE040A08799,807HDFCB32,F,,,,,HDFCB-8.07%-12-10-32-PVT,1065000.00,1065000.00,1065000.00,1065000.00,1065000.00,1064323.00,,1065000.00,,,1,1065000.00,1,F1,1,,,,,
2026-09-04,2026-09-04,CM,BSE,STK,974451,INE0M2307198,962APSB31A,F,,,,,APSBCL-9.62%-28-11-31-PVT,1050000.00,1050000.00,1050000.00,1050000.00,1050000.00,1049990.00,,1050000.00,,,1,1050000.00,1,F1,1,,,,,
2026-09-04,2026-09-04,CM,BSE,STK,974595,INE040A08914,797HDFCB33,F,,,,,HDFCB-7.97%-17-2-33-PVT,105000.00,105000.00,105000.00,105000.00,105000.00,105000.00,,105000.00,,,3,315000.00,2,F1,1,,,,,
2026-09-04,2026-09-04,CM,BSE,STK,974634,INE468N07615,EELZC27,F,,,,,EEL-ZC-26-2-27-PVT,141000.00,141000.00,140000.00,140000.00,140000.00,141141.00,,140000.00,,,11,1541028.00,10,F1,1,,,,,
2026-09-04,2026-09-04,CM,BSE,STK,974749,INE760I07086,1055MECL33,F,,,,,MECL-10.55%-3-4-33-PVT,110000.00,110000.00,110000.00,110000.00,110000.00,111400.00,,110000.00,,,1,110000.00,1,F1,1,,,,,
2026-09-04,2026-09-04,CM,BSE,STK,975229,INE982X08091,1420SML29,F,,,,,SML-14.20%-30-4-29-PVT,94000.00,94000.00,93000.00,93000.00,93000.00,96000.00,,93000.00,,,8,747000.00,6,F1,1,,,,,
2026-09-04,2026-09-04,CM,BSE,STK,975286,INE312X08026,970MGIC33,F,,,,,MGICL-9.70%-28-12-33-PVT,101786.00,101786.00,101786.00,101786.00,101786.00,100000.00,,101786.00,,,1,101786.00,1,F1,1,,,,,
2026-09-04,2026-09-04,CM,BSE,STK,975437,INE420C07098,995PDL34A,F,,,,,PDL-9.95%-24-2-34-PVT,100220.00,100220.00,100220.00,100220.00,100220.00,100164.00,,100220.00,,,1,100220.00,1,F1,1,,,,,
2026-09-04,2026-09-04,CM,BSE,STK,975571,INE468N07BC5,EEL280324,F,,,,,EEL-27-01-27-PVT,144887.00,144887.00,111318.00,144250.00,144250.00,139120.00,,144250.00,,,3,400455.00,3,F1,1,,,,,
2026-09-04,2026-09-04,CM,BSE,STK,975572,INE468N07BD3,EEL280324A,F,,,,,EEL-26-11-27-PVT,155987.00,155987.00,155987.00,155987.00,155987.00,151279.00,,155987.00,,,1,155987.00,1,F1,1,,,,,
2026-09-04,2026-09-04,CM,BSE,STK,975741,INE0NES07113,114KFL27,F,,,,,KFL-11.4%-13-6-27-PVT,80000.00,80000.00,74000.00,74000.00,74000.00,89000.00,,74000.00,,,6,462000.00,3,F1,1,,,,,
2026-09-04,2026-09-04,CM,BSE,STK,975790,INE735W08053,11USFBL31,F,,,,,USFBL-11%-28-6-31-PVT,102800.00,102990.00,102800.00,102926.67,102990.00,102995.00,,102926.67,,,3,308780.00,2,F1,1,,,,,
2026-09-04,2026-09-04,CM,BSE,STK,975986,INE338I07172,925MOFSL32,F,,,,,MOFSL-9.25%-3-9-32-PVT,102500.00,102900.00,102200.00,102200.00,102200.00,104000.00,,102200.00,,,7,716700.00,5,F1,1,,,,,
2026-09-04,2026-09-04,CM,BSE,STK,976020,INE0Z4807015,0CIPL28,F,,,,,CIPL-ZC-17-3-28-PVT,130000.00,130000.00,130000.00,130000.00,130000.00,130000.00,,130000.00,,,3,390000.00,3,F1,1,,,,,
2026-09-04,2026-09-04,CM,BSE,STK,976036,INE549K08509,1045MFL32,F,,,,,MFL-10.45%-24-12-32-PVT,10170.00,10170.00,10170.00,10170.00,10170.00,10050.00,,10170.00,,,30,305100.00,4,F1,1,,,,,
2026-09-04,2026-09-04,CM,BSE,STK,976049,INE551U07332,1250SFPL26,F,,,,,SFPL-12.50%-27-9-26-PVT,3204.00,3204.00,3204.00,3204.00,3204.00,2670.00,,3204.00,,,3,9612.00,2,F1,1,,,,,
2026-09-04,2026-09-04,CM,BSE,STK,976148,INE146O08282,95HLFL30,F,,,,,HLFL-9.5%-30-10-30-PVT,105106.00,105106.00,105106.00,105106.00,105106.00,106917.91,,105106.00,,,25,2627650.00,5,F1,1,,,,,
2026-09-04,2026-09-04,CM,BSE,STK,976293,INE658F08318,942KIIFB34,F,,,,,KIIFB-9.4%-30-12-34-PVT,107148.32,107148.32,106000.00,106000.00,106000.00,105029.00,,106000.00,,,4,426296.00,3,F1,1,,,,,
2026-09-04,2026-09-04,CM,BSE,STK,976325,INE342T07544,1075NFL27,F,,,,,NFL-10.75%-31-12-27-PVT,9982.01,10076.00,9982.01,10058.81,10004.00,10005.18,,10058.81,,,83,833967.00,13,F1,1,,,,,
2026-09-04,2026-09-04,CM,BSE,STK,976346,INE0NES07154,1130KFL27,F,,,,,KFL-11.30%-23-1-27-PVT,100114.18,100114.18,100114.18,100114.18,100114.18,117862.00,,100114.18,,,1,100114.00,1,F1,1,,,,,
2026-09-04,2026-09-04,CM,BSE,STK,976411,INE08XP07282,12ACAPL28,F,,,,,ACAPL-12%-14-8-28-PVT,97731.66,98897.99,97601.00,98897.99,98897.99,99000.00,,98897.99,,,5,490852.00,4,F1,1,,,,,
2026-09-04,2026-09-04,CM,BSE,STK,976427,INE882Z08023,1115MHF30,F,,,,,MHFCL-11.15%-20-8-30-PVT,100000.00,100000.00,100000.00,100000.00,100000.00,102500.00,,100000.00,,,1,100000.00,1,F1,1,,,,,
2026-09-04,2026-09-04,CM,BSE,STK,976437,INE342T07569,1060NFL27,F,,,,,NFL-10.60%-21-5-27-PVT,10000.00,10000.00,9931.02,9951.00,9931.02,10021.50,,9951.00,,,135,1345549.00,22,F1,1,,,,,
2026-09-04,2026-09-04,CM,BSE,STK,976483,INE0NES07162,113KFL27,F,,,,,KFL-11.30%-6-3-27-PVT,99900.00,99900.00,99900.00,99900.00,99900.00,99680.27,,99900.00,,,5,499500.00,1,F1,1,,,,,
2026-09-04,2026-09-04,CM,BSE,STK,976492,INE296Q07118,1175MBFL27,F,,,,,MFL-11.75%-13-3-27-PVT,9635.97,9635.97,6424.00,9630.00,9630.00,8029.99,,9630.00,,,4,32113.00,4,F1,1,,,,,
2026-09-04,2026-09-04,CM,BSE,STK,976493,INE403Q07FN3,10KFL027,F,,,,,KFL-10%-12-3-27-PVT,9962.00,9990.00,9962.00,9990.00,9990.00,8550.00,,9990.00,,,5,49922.00,2,F1,1,,,,,
2026-09-04,2026-09-04,CM,BSE,STK,976555,INE658F08417,949KIIF35,F,,,,,KIIFB-9.49%-25-03-35-PVT,104000.00,104000.00,104000.00,104000.00,104000.00,103840.02,,104000.00,,,1,104000.00,1,F1,1,,,,,
2026-09-04,2026-09-04,CM,BSE,STK,976600,INE076I07038,11RDCCIL28,F,,,,,RDCCIL-11%-02-04-28-PVT,99000.00,99000.00,99000.00,99000.00,99000.00,98432.80,,99000.00,,,3,297000.00,3,F1,1,,,,,
2026-09-04,2026-09-04,CM,BSE,STK,976660,INE08XP07308,985ACAP26,F,,,,,ACAPL-9.85%-30-10-26-PVT,9976.84,9976.84,9976.84,9976.84,9976.84,9956.84,,9976.84,,,3,29930.00,1,F1,1,,,,,
2026-09-04,2026-09-04,CM,BSE,STK,976702,INE0BUS07BS5,1125IML26C,F,,,,,IML-11.25%-19-11-26-PVT,99675.00,99675.00,99675.00,99675.00,99675.00,100000.00,,99675.00,,,1,99675.00,1,F1,1,,,,,
2026-09-04,2026-09-04,CM,BSE,STK,976727,INE884Q07764,1075MML027,F,,,,,MML-10.75%-27-5-27-PVT,99600.00,99600.00,99600.00,99600.00,99600.00,96101.00,,99600.00,,,1,99600.00,1,F1,1,,,,,
2026-09-04,2026-09-04,CM,BSE,STK,976730,INE0BUS07BT3,125IML28,F,,,,,IML-12.50%-28-5-28-PVT,103000.00,103000.00,100200.00,100200.00,100200.00,100200.00,,100200.00,,,2,203200.00,2,F1,1,,,,,
2026-09-04,2026-09-04,CM,BSE,STK,976752,INE420C07130,10PDL27,F,,,,,PDL-10%-3-6-27-PVT,100000.00,100000.00,100000.00,100000.00,100000.00,98972.00,,100000.00,,,1,100000.00,1,F1,1,,,,,
2026-09-04,2026-09-04,CM,BSE,STK,976757,INE939X07200,1130MBFL27,F,,,,,MBFL-11.30%-5-6-27-PVT,9970.00,9970.00,9970.00,9970.00,9970.00,9938.01,,9970.00,,,2,19940.00,1,F1,1,,,,,
2026-09-04,2026-09-04,CM,BSE,STK,976808,INE342T07601,1075NFL28,F,,,,,NFL-10.75%-19-8-28-PVT,10025.00,10034.99,10014.99,10034.99,10034.99,10089.00,,10034.99,,,87,871951.00,24,F1,1,,,,,
2026-09-04,2026-09-04,CM,BSE,STK,976821,INE148I07XB9,945SCL29,F,,,,,SCL-9.45%-19-6-29-PVT,101231.30,101231.30,101231.30,101231.30,101231.30,101740.00,,101231.30,,,1,101231.00,1,F1,1,,,,,
2026-09-04,2026-09-04,CM,BSE,STK,976855,INE342T07619,10NFL27,F,,,,,NFL-10%-25-03-27-PVT,99999.60,100000.00,99999.60,100000.00,100000.00,99300.01,,100000.00,,,13,1299999.00,2,F1,1,,,,,
2026-09-04,2026-09-04,CM,BSE,STK,976875,INE403Q07FQ6,10KFL2027,F,,,,,KFL-10%-31-12-27-PVT,9925.00,9925.00,9925.00,9925.00,9925.00,9875.00,,9925.00,,,14,138950.00,2,F1,1,,,,,
2026-09-04,2026-09-04,CM,BSE,STK,976896,INE403Q07GA8,1062KFL27,F,,,,,KFL-10.62%-09-07-27-PVT,100761.00,100761.00,100761.00,100761.00,100761.00,100761.00,,100761.00,,,1,100761.00,1,F1,1,,,,,
2026-09-04,2026-09-04,CM,BSE,STK,976930,INE07HK07817,1040KSL27,F,,,,,KSL-10.40%-25-1-27-PVT,100097.63,100097.63,100097.63,100097.63,100097.63,100040.01,,100097.63,,,1,100097.00,1,F1,1,,,,,
2026-09-04,2026-09-04,CM,BSE,STK,976954,INE918K07PX1,NWFL24725,F,,,,,NWFL-NIFTY-22-1-29-PVT,86000.00,86000.00,86000.00,86000.00,86000.00,85000.00,,86000.00,,,1,86000.00,1,F1,1,,,,,
2026-09-04,2026-09-04,CM,BSE,STK,977000,INE403Q07GB6,1062KFL28,F,,,,,KFL-10.62%-7-8-28-PVT,99800.00,99800.00,99800.00,99800.00,99800.00,99850.00,,99800.00,,,1,99800.00,1,F1,1,,,,,
2026-09-04,2026-09-04,CM,BSE,STK,977006,INE658F08433,967KIIFB29,F,,,,,KIIFB-9.67%-8-8-29-PVT,103000.00,103000.00,103000.00,103000.00,103000.00,102100.00,,103000.00,,,10,1030000.00,3,F1,1,,,,,
2026-09-04,2026-09-04,CM,BSE,STK,977007,INE658F08441,967KIIFB30,F,,,,,KIIFB-9.67%-8-8-30-PVT,102510.01,103500.00,102510.01,103500.00,103500.00,101060.01,,103500.00,,,2,206010.00,2,F1,1,,,,,
2026-09-04,2026-09-04,CM,BSE,STK,977008,INE658F08458,967KIIFB31,F,,,,,KIIFB-9.67%-8-8-31-PVT,103120.01,103120.01,103120.01,103120.01,103120.01,102400.00,,103120.01,,,1,103120.00,1,F1,1,,,,,
2026-09-04,2026-09-04,CM,BSE,STK,977017,INE342T07635,1030NFL27,F,,,,,NFL-10.30%-30-09-27-PVT,9930.09,9962.00,9930.09,9960.00,9960.00,9979.99,,9960.00,,,59,587590.00,12,F1,1,,,,,
2026-09-04,2026-09-04,CM,BSE,STK,977022,INE07HK07825,1065KSL27,F,,,,,KSL-10.65%-12-08-27-PVT,99700.01,99700.01,99700.01,99700.01,99700.01,99700.00,,99700.01,,,1,99700.00,1,F1,1,,,,,
2026-09-04,2026-09-04,CM,BSE,STK,977029,INE0NES07253,1140KFL27A,F,,,,,KFL-11.40%-12-05-27-PVT,99294.14,99294.14,99294.14,99294.14,99294.14,99331.00,,99294.14,,,1,99294.00,1,F1,1,,,,,
2026-09-04,2026-09-04,CM,BSE,STK,977038,INE403Q07GE0,10KFL2027A,F,,,,,KFL-10%-30-11-27-PVT,9920.00,9920.00,9920.00,9920.00,9920.00,9888.88,,9920.00,,,4,39680.00,1,F1,1,,,,,
2026-09-04,2026-09-04,CM,BSE,STK,977064,INE348L07332,91MFSL27,F,,,,,MFSL-9.10%-29-8-27-PVT,9990.00,9990.00,9990.00,9990.00,9990.00,9931.62,,9990.00,,,1,9990.00,1,F1,1,,,,,
2026-09-04,2026-09-04,CM,BSE,STK,977107,INE0NES07279,1140KFLD28,F,,,,,KFL-11.40%-11-4-28-PVT,99599.00,99599.00,99599.00,99599.00,99599.00,98885.00,,99599.00,,,1,99599.00,1,F1,1,,,,,
2026-09-04,2026-09-04,CM,BSE,STK,977117,INE583D08081,1165UCL31,F,,,,,UCL-11.65%-15-3-31-PVT,97400.00,97400.00,97288.00,97288.00,97288.00,97000.00,,97288.00,,,11,1070728.00,4,F1,1,,,,,
2026-09-04,2026-09-04,CM,BSE,STK,977160,INE0MYJ07120,11PPL27,F,,,,,PPL-11%-26-01-27-PVT,99200.00,100019.00,99200.00,100019.00,100019.00,99326.37,,100019.00,,,2,199219.00,2,F1,1,,,,,
2026-09-04,2026-09-04,CM,BSE,STK,977172,INE884Q07798,1075MML27A,F,,,,,MML-10.75%-30-9-27-PVT,98900.00,99000.00,98900.00,98900.00,98900.00,98900.00,,98900.00,,,10,989300.00,6,F1,1,,,,,
2026-09-04,2026-09-04,CM,BSE,STK,977186,INE08E807092,99SFCPL27,F,,,,,SRFCPL-9.9%-1-11-27-PVT,98575.00,98575.00,98566.04,98572.01,98566.04,97500.00,,98572.01,,,3,295716.00,3,F1,1,,,,,
2026-09-04,2026-09-04,CM,BSE,STK,977200,INE146O08399,925HLFL31,F,,,,,HLFL-9.25%-9-7-31-PVT,108300.00,108300.00,108200.00,108268.75,108300.00,108186.96,,108268.75,,,42,4547900.00,11,F1,1,,,,,
2026-09-04,2026-09-04,CM,BSE,STK,977226,INE0JZO07032,1350LLD29,F,,,,,LLDL-13.50%-30-01-29-PVT,100725.00,100725.00,100725.00,100725.00,100725.00,101500.00,,100725.00,,,2,201450.00,1,F1,1,,,,,
2026-09-04,2026-09-04,CM,BSE,STK,977241,INE0NES07287,1140KRFL27,F,,,,,KRFL-11.40%-24-10-27-PVT,9953.71,9998.00,9884.00,9998.00,9998.00,9980.00,,9998.00,,,77,767538.00,16,F1,1,,,,,
2026-09-04,2026-09-04,CM,BSE,STK,977249,INE101Q07BS1,930MML28,F,,,,,MML-9.30%-27-1-28-PVT,9834.96,9835.04,9800.00,9835.00,9835.00,9834.65,,9835.00,,,41,402526.00,11,F1,1,,,,,
2026-09-04,2026-09-04,CM,BSE,STK,977250,INE101Q07BR3,975MMLD28,F,,,,,MML-9.75%-27-10-28-PVT,9940.00,9940.00,9939.99,9939.99,9939.99,9940.00,,9939.99,,,40,397599.00,3,F1,1,,,,,
2026-09-04,2026-09-04,CM,BSE,STK,977280,INE046W07305,98MML27A,F,,,,,MML-9.8%-4-11-27-PVT,54090.00,56025.00,54090.00,56025.00,56025.00,54072.00,,56025.00,,,2,110115.00,2,F1,1,,,,,
2026-09-04,2026-09-04,CM,BSE,STK,977281,INE583D08115,1165UCL31A,F,,,,,UCL-11.65%-6-5-31-PVT,97250.55,97250.55,97250.55,97250.55,97250.55,97288.03,,97250.55,,,20,1945011.00,2,F1,1,,,,,
2026-09-04,2026-09-04,CM,BSE,STK,977298,INE08XP07415,12ACAPL28A,F,,,,,ACAPL-12%-17-11-28-PVT,9811.00,9811.00,9735.00,9810.00,9810.00,9885.00,,9810.00,,,14,136818.00,8,F1,1,,,,,
2026-09-04,2026-09-04,CM,BSE,STK,977331,INE07HK07866,1050KSL27,F,,,,,KSL-10.50%-2-12-27-PVT,100000.00,100000.00,99911.02,99911.02,99911.02,100000.00,,99911.02,,,3,299911.00,2,F1,1,,,,,
2026-09-04,2026-09-04,CM,BSE,STK,977367,INE08XP07431,12ACAP27,F,,,,,ACAPL-12%-11-6-27-PVT,9915.00,9915.00,9835.00,9835.00,9835.00,9915.00,,9835.00,,,14,137850.00,3,F1,1,,,,,
2026-09-04,2026-09-04,CM,BSE,STK,977379,INE046W07354,995MML28,F,,,,,MML-9.95%-16-12-28-PVT,99919.90,99919.90,99919.90,99919.90,99919.90,99919.90,,99919.90,,,4,399679.00,2,F1,1,,,,,
2026-09-04,2026-09-04,CM,BSE,STK,977380,INE046W07347,985MML27,F,,,,,MML-9.85%-16-12-27-PVT,99900.28,99900.28,99900.28,99900.28,99900.28,99900.28,,99900.28,,,1,99900.00,1,F1,1,,,,,
2026-09-04,2026-09-04,CM,BSE,STK,977382,INE583D07638,999UCL29,F,,,,,UCL-9.99%-16-06-29-PVT,9843.00,9945.00,9843.00,9945.00,9945.00,9843.00,,9945.00,,,4,39474.00,2,F1,1,,,,,
2026-09-04,2026-09-04,CM,BSE,STK,977383,INE08XP07449,1250ACAP27,F,,,,,ACAPL-12.50%-17-01-27-PVT,3170.00,3172.00,3070.00,3070.00,3070.00,3175.00,,3070.00,,,9,28239.00,4,F1,1,,,,,
2026-09-04,2026-09-04,CM,BSE,STK,977396,INE08E807142,1050SRFC28,F,,,,,SRFCPL-10.50%-22-01-28-PVT,98448.09,98448.09,98448.09,98448.09,98448.09,99490.05,,98448.09,,,1,98448.00,1,F1,1,,,,,
2026-09-04,2026-09-04,CM,BSE,STK,977419,INE884Q07822,1170MML27,F,,,,,MML-11.70%-30-06-27-PVT,99000.00,99000.00,99000.00,99000.00,99000.00,98000.00,,99000.00,,,1,99000.00,1,F1,1,,,,,
2026-09-04,2026-09-04,CM,BSE,STK,977440,INE0JZO07040,13LLDL29,F,,,,,LLDL-13%-30-1-29-PVT,100400.00,100450.00,100250.00,100450.00,100450.00,100160.09,,100450.00,,,31,3110287.00,13,F1,1,,,,,
2026-09-04,2026-09-04,CM,BSE,STK,977468,INE658F08508,930KIIFB30,F,,,,,KIIFB-9.30%-21-01-30-PVT,103240.00,103240.00,103240.00,103240.00,103240.00,101725.01,,103240.00,,,1,103240.00,1,F1,1,,,,,
2026-09-04,2026-09-04,CM,BSE,STK,977471,INE658F08516,930KIIFB33,F,,,,,KIIFB-9.30%-21-01-33-PVT,104200.00,104200.00,104200.00,104200.00,104200.00,103800.00,,104200.00,,,1,104200.00,1,F1,1,,,,,
2026-09-04,2026-09-04,CM,BSE,STK,977472,INE658F08532,930KIIFB34,F,,,,,KIIFB-9.30%-21-01-34-PVT,103975.70,103975.70,103975.70,103975.70,103975.70,103795.70,,103975.70,,,10,1039757.00,1,F1,1,,,,,
2026-09-04,2026-09-04,CM,BSE,STK,977473,INE658F08540,930KIIFB35,F,,,,,KIIFB-9.30%-21-01-35-PVT,103319.40,103319.40,103319.40,103319.40,103319.40,103319.38,,103319.40,,,9,929874.00,1,F1,1,,,,,
2026-09-04,2026-09-04,CM,BSE,STK,977477,INE342T07668,1075NFL28A,F,,,,,NFL-10.75%-31-12-28-PVT,10049.00,10049.00,10049.00,10049.00,10049.00,10051.00,,10049.00,,,161,1617889.00,11,F1,1,,,,,
2026-09-04,2026-09-04,CM,BSE,STK,977495,INE836K07320,0EFCL29,F,,,,,EFCL-ZC-30-4-29-PVT,100000.00,100500.00,100000.00,100500.00,100500.00,99000.00,,100500.00,,,11,1100500.00,4,F1,1,,,,,
2026-09-04,2026-09-04,CM,BSE,STK,977532,INE138I08117,0MSAFL28,F,,,,,MSAFL-ZC-6-2-28-PVT,105913.00,105913.00,105913.00,105913.00,105913.00,105885.00,,105913.00,,,75,7943475.00,1,F1,1,,,,,
2026-09-04,2026-09-04,CM,BSE,STK,977534,INE08XP07464,1250ACAPL29,F,,,,,ACAPL-12.50%-06-02-29-PVT,9900.00,9900.00,9900.00,9900.00,9900.00,9927.37,,9900.00,,,4,39600.00,2,F1,1,,,,,
2026-09-04,2026-09-04,CM,BSE,STK,977541,INE0NES07303,12KFL28,F,,,,,KFL-12%-10-5-28-KFL,9979.95,10049.99,9975.00,10040.00,10040.00,9925.00,,10040.00,,,204,2039890.00,20,F1,1,,,,,
2026-09-04,2026-09-04,CM,BSE,STK,977558,INE14H407116,11FCPL28,F,,,,,FCPL-11%-26-8-28-PVT,10000.00,10000.00,10000.00,10000.00,10000.00,10024.00,,10000.00,,,10,100000.00,3,F1,1,,,,,
2026-09-04,2026-09-04,CM,BSE,STK,977564,INE549K08590,104MFL33,F,,,,,MFL-10.4%-30-12-33-PVT,10140.00,10140.00,10140.00,10140.00,10140.00,10129.44,,10140.00,,,88,892320.00,7,F1,1,,,,,
2026-09-04,2026-09-04,CM,BSE,STK,977576,INE926R07019,13UCIL27,F,,,,,UCIL-13%-24-5-27-PVT,9974.00,9980.00,9830.00,9830.00,9830.00,9989.20,,9830.00,,,7,69699.00,5,F1,1,,,,,
2026-09-04,2026-09-04,CM,BSE,STK,977583,INE101Q07BZ6,965MML28,F,,,,,MML-9.65%-25-8-28-PVT,9950.00,9950.00,9950.00,9950.00,9950.00,9950.00,,9950.00,,,5,49750.00,1,F1,1,,,,,
2026-09-04,2026-09-04,CM,BSE,STK,977598,INE03K307116,1075SFL28A,F,,,,,SFL-10.75%-26-2-28-PVT,9950.00,10000.00,9950.00,10000.00,10000.00,9950.00,,10000.00,,,9,89780.00,7,F1,1,,,,,
2026-09-04,2026-09-04,CM,BSE,STK,977622,INE229U07178,1125NFL28,F,,,,,NFL-11.25%-11-09-28-PVT,100344.00,100344.00,100344.00,100344.00,100344.00,100522.00,,100344.00,,,15,1505160.00,3,F1,1,,,,,
2026-09-04,2026-09-04,CM,BSE,STK,977633,INE00DJ07052,1250TCL30,F,,,,,TCL-12.50%-12-3-30-PVT,100500.00,101000.00,100500.00,101000.00,101000.00,99300.00,,101000.00,,,12,1208420.00,4,F1,1,,,,,
2026-09-04,2026-09-04,CM,BSE,STK,977640,INE0BUS07CK0,10IML28,F,,,,,IML-10%-17-04-28-PVT,9850.00,9850.00,9850.00,9850.00,9850.00,9852.45,,9850.00,,,5,49250.00,2,F1,1,,,,,
2026-09-04,2026-09-04,CM,BSE,STK,977643,INE420C07189,925PDL28,F,,,,,PDL-9.25%-18-9-28-PVT,9792.07,9792.07,9792.07,9792.07,9792.07,9792.07,,9792.07,,,2,19584.00,1,F1,1,,,,,
2026-09-04,2026-09-04,CM,BSE,STK,977657,INE04UP07162,125BCSL29,F,,,,,BCSL-12.5%-18-3-29-PVT,9199.70,9199.70,9100.00,9133.23,9133.23,9199.70,,9133.23,,,89,818308.00,11,F1,1,,,,,
2026-09-04,2026-09-04,CM,BSE,STK,977700,INE04UP07170,1250BCSL29,F,,,,,BCSL-12.50%-30-3-29-PVT,9299.00,9549.00,9299.00,9549.00,9549.00,9199.00,,9549.00,,,145,1365809.00,8,F1,1,,,,,
2026-09-04,2026-09-04,CM,BSE,STK,977710,INE0O7U07046,11UFL28,F,,,,,UFL-11%-2-4-28-PVT,8760.00,8760.00,8760.00,8760.00,8760.00,8790.00,,8760.00,,,5,43800.00,1,F1,1,,,,,
2026-09-04,2026-09-04,CM,BSE,STK,977712,INE403Q07GX0,10KFL29A,F,,,,,KFL-10%-6-1-29-PVT,99999.00,100280.00,99999.00,100280.00,100280.00,99899.00,,100280.00,,,3,300559.00,2,F1,1,,,,,
2026-09-04,2026-09-04,CM,BSE,STK,977725,INE0BUS07CL8,1050IML29,F,,,,,IML-10.50%-17-4-29-PVT,9785.00,9785.00,9785.00,9785.00,9785.00,9900.00,,9785.00,,,8,78280.00,1,F1,1,,,,,
2026-09-04,2026-09-04,CM,BSE,STK,977730,INE342T07684,1030NFL28,F,,,,,NFL-10.30%-31-5-28-PVT,9945.00,9999.00,9931.00,9975.52,9999.00,9990.60,,9975.52,,,424,4225221.00,10,F1,1,,,,,
2026-09-04,2026-09-04,CM,BSE,STK,977732,INE0NES07329,12KFL27,F,,,,,KFL-12%-22-09-27-PVT,10018.96,10045.00,10008.00,10045.00,10045.00,9986.83,,10045.00,,,197,1975071.00,28,F1,1,,,,,
2026-09-04,2026-09-04,CM,BSE,STK,977735,INE229U07186,1090NFL28,F,,,,,NFL-10.90%-24-04-28-PVT,10000.00,10000.00,10000.00,10000.00,10000.00,10005.00,,10000.00,,,1,10000.00,1,F1,1,,,,,
2026-09-04,2026-09-04,CM,BSE,STK,977740,INE926R07027,13UCIL28,F,,,,,UCIL-13%-23-4-28-PVT,9850.00,9860.00,9841.00,9860.00,9860.00,9847.39,,9860.00,,,166,1635665.00,19,F1,1,,,,,
2026-09-04,2026-09-04,CM,BSE,STK,977773,INE08XP07480,1280ACAP28,F,,,,,ACAP-12.80%-7-5-28-PVT,9950.72,9985.00,9911.03,9985.00,9985.00,9940.00,,9985.00,,,281,2798718.00,11,F1,1,,,,,
2026-09-04,2026-09-04,CM,BSE,STK,977774,INE08XP07498,12ACAP27A,F,,,,,ACAP-12%-7-11-27-PVT,9880.00,9888.99,9832.50,9835.55,9833.50,9889.87,,9835.55,,,27,265879.00,6,F1,1,,,,,
2026-09-04,2026-09-04,CM,BSE,STK,977806,INE926R07035,13UCIL2028,F,,,,,UCIL-13%-20-5-28-PVT,9801.20,9840.00,9800.00,9810.17,9810.17,9800.00,,9810.17,,,58,568473.00,21,F1,1,,,,,
2026-09-04,2026-09-04,CM,BSE,STK,977815,INE583D07661,975UCL2027,F,,,,,UCL-9.75%-26-11-27-PVT,9888.45,9888.45,9888.45,9888.45,9888.45,9955.50,,9888.45,,,5,49442.00,4,F1,1,,,,,
2026-09-04,2026-09-04,CM,BSE,STK,977839,INE884Q07855,1065MML28,F,,,,,MML-10.65%-01-06-28-PVT,98356.00,98356.00,98356.00,98356.00,98356.00,97829.68,,98356.00,,,1,98356.00,1,F1,1,,,,,
2026-09-04,2026-09-04,CM,BSE,STK,977846,INE0NES07345,12KFL2028,F,,,,,KFL-12%-4-9-28-PVT,10689.99,10690.00,10689.99,10690.00,10690.00,10700.00,,10690.00,,,33,352769.00,3,F1,1,,,,,
2026-09-04,2026-09-04,CM,BSE,STK,977854,INE076I07053,11RDCL2028,F,,,,,RDCL-11%-8-12-28-PVT,7566.00,7566.00,7566.00,7566.00,7566.00,6305.00,,7566.00,,,2,15132.00,2,F1,1,,,,,
2026-09-04,2026-09-04,CM,BSE,STK,977868,INE342T07718,1030NFL028,F,,,,,NFL-10.30%-31-3-28-PVT,9912.01,9983.78,9912.01,9974.99,9974.99,9933.10,,9974.99,,,71,705555.00,22,F1,1,,,,,
2026-09-04,2026-09-04,CM,BSE,STK,977869,INE342T07726,1075NFL29,F,,,,,NFL-10.75%-31-8-29-PVT,10026.00,10026.00,10015.00,10026.00,10026.00,10013.90,,10026.00,,,50,501190.00,4,F1,1,,,,,
2026-09-04,2026-09-04,CM,BSE,STK,977880,INE0KH208027,0ANSPL28,F,,,,,ANSPL-ZC-17-06-28-PVT,102200.00,102200.00,102200.00,102200.00,102200.00,101900.00,,102200.00,,,3,306600.00,3,F1,1,,,,,
2026-09-04,2026-09-04,CM,BSE,STK,977907,INE01YL07466,1030ESPL29,F,,,,,ESPL-10.30%-7-6-29-PVT,99000.00,99000.00,99000.00,99000.00,99000.00,99085.11,,99000.00,,,1,99000.00,1,F1,1,,,,,
2026-09-04,2026-09-04,CM,BSE,STK,977913,INE0K0Y08052,0MCIBPL280M,F,,,,,MCIBPL-ZC-28-06-28-PVT,101451.10,101500.00,101420.00,101420.00,101420.00,101026.00,,101420.00,,,5,507242.00,4,F1,1,,,,,
2026-09-04,2026-09-04,CM,BSE,STK,977934,INE04UP07196,1275BCSL29,F,,,,,BCSL-12.75%-30-06-29-PVT,9999.00,9999.00,9999.00,9999.00,9999.00,9978.00,,9999.00,,,1,9999.00,1,F1,1,,,,,
2026-09-04,2026-09-04,CM,BSE,STK,977935,INE0I5X07042,1440MFSP27,F,,,,,MFSP-14.40%-1-10-27-PVT,9983.00,9997.40,9983.00,9985.00,9985.00,9972.48,,9985.00,,,195,1947637.00,23,F1,1,,,,,
2026-09-04,2026-09-04,CM,BSE,STK,977950,INE296A07UC7,779BFL36,F,,,,,BFL-7.79%-4-7-36-PVT,100261.58,100261.58,100261.58,100261.58,100261.58,100031.01,,100261.58,,,1,100261.00,1,F1,1,,,,,
2026-09-04,2026-09-04,CM,BSE,STK,977984,INE08KJ07217,10MGFL27A,F,,,,,MGFL-10%-21-10-27-PVT,9890.00,9890.00,9700.01,9850.00,9850.00,9949.00,,9850.00,,,12,118170.00,7,F1,1,,,,,
2026-09-04,2026-09-04,CM,BSE,STK,977986,INE0I5X07067,1370MFSP27,F,,,,,MFSPL-13.70%-30-09-27-PVT,99300.00,99310.00,99300.00,99301.09,99300.00,99326.00,,99301.09,,,16,1588815.00,11,F1,1,,,,,
2026-09-04,2026-09-04,CM,BSE,STK,977995,INE04UP07220,1225BCSL28,F,,,,,BCSL-12.25%-24-10-28-PVT,9900.00,9900.00,9900.00,9900.00,9900.00,9601.75,,9900.00,,,1,9900.00,1,F1,1,,,,,
2026-09-04,2026-09-04,CM,BSE,STK,978003,INE413U07483,915ISFL29,F,,,,,ISFL-9.15%-27-7-29-PVT,9822.58,9822.58,9822.58,9822.58,9822.58,0.00,,9822.58,,,100,982258.00,1,F1,1,,,,,
2026-09-04,2026-09-04,CM,BSE,STK,978007,INE926R07043,12UCIL28,F,,,,,UCIL-12%-28-01-28-PVT,9480.00,9485.11,9480.00,9485.01,9485.01,9463.55,,9485.01,,,12,113805.00,3,F1,1,,,,,
2026-09-04,2026-09-04,CM,BSE,STK,978019,INE964R07119,13RFL29,F,,,,,RFL-13%-30-01-29-PVT,9940.00,9940.00,9940.00,9940.00,9940.00,9920.00,,9940.00,,,14,139160.00,3,F1,1,,,,,
2026-09-04,2026-09-04,CM,BSE,STK,978021,INE681R08158,1025NBSP28,F,,,,,NBSPL-10.25%-31-1-28-PVT,100911.00,100911.00,100911.00,100911.00,100911.00,100874.00,,100911.00,,,1,100911.00,1,F1,1,,,,,
2026-09-04,2026-09-04,CM,BSE,STK,978025,INE932X07056,1050SISL28,F,,,,,SISL-10.50%-10-08-28-PVT,9950.00,9960.00,9950.00,9950.00,9950.00,9978.00,,9950.00,,,172,1711430.00,5,F1,1,,,,,
2026-09-04,2026-09-04,CM,BSE,STK,978034,INE0K0Y08060,0MCIBPL28,F,,,,,MCIBPL-ZC-04-08-28-PVT,100930.00,100930.00,100824.00,100824.00,100824.00,100916.00,,100824.00,,,27,2722558.00,4,F1,1,,,,,
2026-09-04,2026-09-04,CM,BSE,STK,978039,INE101Q07CB5,93MML29,F,,,,,MML-9.3%-7-8-29-PVT,9795.00,9796.00,9717.00,9796.00,9796.00,9740.00,,9796.00,,,84,822767.00,6,F1,1,,,,,
2026-09-04,2026-09-04,CM,BSE,STK,978051,INE03K307199,1035SFL28,F,,,,,SFL-10.35%-11-8-28-PVT,9845.00,9849.00,9700.00,9804.90,9800.00,9700.00,,9804.90,,,76,742929.00,16,F1,1,,,,,
2026-09-04,2026-09-04,CM,BSE,STK,978055,INE076I07061,11RCL29,F,,,,,RCL-11%-12-2-29-PVT,9650.00,9660.00,9410.00,9634.62,9660.00,9650.00,,9634.62,,,42,404700.00,10,F1,1,,,,,
2026-09-04,2026-09-04,CM,BSE,STK,978062,INE385W07075,10DCAL28,F,,,,,DCAL-10%-17-2-28-PVT,100000.00,100000.00,100000.00,100000.00,100000.00,0.00,,100000.00,,,2,200000.00,1,F1,1,,,,,
2026-09-04,2026-09-04,CM,BSE,STK,978086,INE786X07BM8,115ORFI28,F,,,,,ORFI-11.50%-25-8-28-PVT,8000.00,8000.00,8000.00,8000.00,8000.00,0.00,,8000.00,,,1,8000.00,1,F1,1,,,,,
2026-09-04,2026-09-04,CM,BSE,STK,978091,INE0O7U07053,11UFL2027,F,,,,,UFL-11%-27-11-27-PVT,8000.00,8000.00,8000.00,8000.00,8000.00,0.00,,8000.00,,,1,8000.00,1,F1,1,,,,,
